CustomerKey,CustomerCode,CustomerName,CustomerLabel,CustomerType,Education,Occupation
13,11012,"Walker, Lauren","Walker, Lauren",Individual,Bachelors,Management
14,11013,"Jenkins, Ian","Jenkins, Ian",Individual,Bachelors,Management
15,11014,"Bennett, Sydney","Bennett, Sydney",Individual,Bachelors,Management
16,11015,"Young, Chloe","Young, Chloe",Individual,Partial College,Skilled Manual
17,11016,"Hill, Wyatt","Hill, Wyatt",Individual,Partial College,Skilled Manual
41,11040,"Murphy, Jesse","Murphy, Jesse",Individual,Partial College,Skilled Manual
82,11081,"Baker, Savannah","Baker, Savannah",Individual,Bachelors,Management
83,11082,"Butler, Angela","Butler, Angela",Individual,Graduate Degree,Management
84,11083,"Cox, Alyssa","Cox, Alyssa",Individual,Graduate Degree,Management
88,11087,"Liang, Tamara","Liang, Tamara",Individual,Partial College,Professional
89,11088,"Davis, Hunter","Davis, Hunter",Individual,Bachelors,Management
90,11089,"Price, Abigail","Price, Abigail",Individual,Bachelors,Management
91,11090,"Bryant, Trevor","Bryant, Trevor",Individual,Partial College,Professional
128,11127,"Edwards, Jan","Edwards, Jan",Individual,High School,Skilled Manual
129,11128,"Long, Samantha","Long, Samantha",Individual,High School,Skilled Manual
130,11129,"Wright, Julia","Wright, Julia",Individual,High School,Skilled Manual
131,11130,"Russell, Caroline","Russell, Caroline",Individual,High School,Skilled Manual
134,11133,"Griffin, Angela","Griffin, Angela",Individual,Partial High School,Clerical
136,11135,"Harris, Marcus","Harris, Marcus",Individual,Partial High School,Clerical
138,11137,"Taylor, Jasmine","Taylor, Jasmine",Individual,High School,Skilled Manual
139,11138,"Davis, Lauren","Davis, Lauren",Individual,High School,Skilled Manual
141,11140,"Alvarez, Javier","Alvarez, Javier",Individual,Partial High School,Clerical
142,11141,"Ramirez, Nicole","Ramirez, Nicole",Individual,High School,Skilled Manual
144,11143,"Henderson, Jonathan","Henderson, Jonathan",Individual,High School,Skilled Manual
145,11144,"Hernandez, Edward","Hernandez, Edward",Individual,High School,Skilled Manual
146,11145,"Coleman, Jasmine","Coleman, Jasmine",Individual,High School,Skilled Manual
153,11152,"Williams, James","Williams, James",Individual,High School,Skilled Manual
154,11153,"James, Angela","James, Angela",Individual,High School,Skilled Manual
155,11154,"Walker, Megan","Walker, Megan",Individual,Partial College,Skilled Manual
156,11155,"Robinson, Hunter","Robinson, Hunter",Individual,Partial College,Skilled Manual
157,11156,"Roberts, Maria","Roberts, Maria",Individual,Partial College,Skilled Manual
158,11157,"Long, Hannah","Long, Hannah",Individual,High School,Skilled Manual
159,11158,"Wright, Jason","Wright, Jason",Individual,High School,Skilled Manual
160,11159,"Hughes, Brianna","Hughes, Brianna",Individual,High School,Skilled Manual
161,11160,"Tang, Maurice","Tang, Maurice",Individual,Partial College,Skilled Manual
162,11161,"Wood, Emily","Wood, Emily",Individual,Partial College,Skilled Manual
163,11162,"Cox, Chase","Cox, Chase",Individual,Partial College,Skilled Manual
164,11163,"Wang, Gabriel","Wang, Gabriel",Individual,Partial College,Skilled Manual
165,11164,"Brooks, Devin","Brooks, Devin",Individual,Partial College,Skilled Manual
166,11165,"Alexander, Jocelyn","Alexander, Jocelyn",Individual,Partial College,Skilled Manual
167,11166,"Martinez, Ashley","Martinez, Ashley",Individual,Partial College,Skilled Manual
168,11167,"Barnes, Jasmine","Barnes, Jasmine",Individual,Bachelors,Management
169,11168,"Rodriguez, David","Rodriguez, David",Individual,Bachelors,Management
170,11169,"Richardson, Bryce","Richardson, Bryce",Individual,Bachelors,Management
171,11170,"Howard, Carol","Howard, Carol",Individual,Bachelors,Management
172,11171,"Hill, Jonathan","Hill, Jonathan",Individual,Bachelors,Management
173,11172,"Adams, Gabrielle","Adams, Gabrielle",Individual,Bachelors,Management
174,11173,"Thomas, Sarah","Thomas, Sarah",Individual,Graduate Degree,Management
175,11174,"Robinson, Nicholas","Robinson, Nicholas",Individual,Graduate Degree,Management
176,11175,"Wang, Luis","Wang, Luis",Individual,Partial College,Skilled Manual
178,11177,"Flores, Jose","Flores, Jose",Individual,Graduate Degree,Management
179,11178,"Johnson, Nathan","Johnson, Nathan",Individual,Graduate Degree,Management
180,11179,"Rodriguez, Molly","Rodriguez, Molly",Individual,Graduate Degree,Management
181,11180,"Anand, April","Anand, April",Individual,Bachelors,Management
182,11181,"Martin, Devin","Martin, Devin",Individual,Graduate Degree,Management
183,11182,"Torres, Stephanie","Torres, Stephanie",Individual,Bachelors,Management
184,11183,"Lee, Jasmine","Lee, Jasmine",Individual,Bachelors,Management
185,11184,"Hernandez, Meghan","Hernandez, Meghan",Individual,Bachelors,Management
187,11186,"Price, Sarah","Price, Sarah",Individual,Bachelors,Management
188,11187,"Cooper, Jennifer","Cooper, Jennifer",Individual,Graduate Degree,Management
189,11188,"Morris, Catherine","Morris, Catherine",Individual,Graduate Degree,Management
190,11189,"Blanco, Lawrence","Blanco, Lawrence",Individual,Graduate Degree,Management
191,11190,"Bryant, Carson","Bryant, Carson",Individual,Bachelors,Management
202,11201,"Foster, Amanda","Foster, Amanda",Individual,Bachelors,Management
203,11202,"Price, Alexia","Price, Alexia",Individual,Bachelors,Management
205,11204,"Rivera, Destiny","Rivera, Destiny",Individual,High School,Professional
206,11205,"Fernandez, Abby","Fernandez, Abby",Individual,High School,Professional
207,11206,"Flores, Blake","Flores, Blake",Individual,Partial College,Professional
208,11207,"Cox, Danielle","Cox, Danielle",Individual,Partial College,Professional
209,11208,"Reed, Maria","Reed, Maria",Individual,Bachelors,Management
210,11209,"Evans, Allison","Evans, Allison",Individual,Bachelors,Management
211,11210,"Wood, Edward","Wood, Edward",Individual,Partial College,Professional
214,11213,"Murphy, Stephanie","Murphy, Stephanie",Individual,Partial College,Professional
215,11214,"Miller, Charles","Miller, Charles",Individual,Partial College,Professional
217,11216,"Torres, Jasmine","Torres, Jasmine",Individual,Partial College,Professional
218,11217,"Adams, Natalie","Adams, Natalie",Individual,Partial College,Professional
219,11218,"Brown, Olivia","Brown, Olivia",Individual,Partial College,Professional
220,11219,"Cook, Charles","Cook, Charles",Individual,High School,Professional
221,11220,"Huang, Erica","Huang, Erica",Individual,Partial College,Professional
222,11221,"Perry, Nathan","Perry, Nathan",Individual,Partial College,Professional
223,11222,"Rivera, Alexandra","Rivera, Alexandra",Individual,Bachelors,Management
225,11224,"Li, Tiffany","Li, Tiffany",Individual,High School,Professional
226,11225,"Lee, Madison","Lee, Madison",Individual,Partial College,Professional
227,11226,"Ross, Sydney","Ross, Sydney",Individual,Partial College,Professional
228,11227,"Chavez, Marshall","Chavez, Marshall",Individual,Partial College,Professional
229,11228,"Jones, Ashley","Jones, Ashley",Individual,Partial College,Professional
230,11229,"Stewart, Adrian","Stewart, Adrian",Individual,Partial College,Professional
231,11230,"Turner, Amber","Turner, Amber",Individual,Partial College,Professional
232,11231,"Zhang, Dennis","Zhang, Dennis",Individual,High School,Professional
233,11232,"Bryant, Hailey","Bryant, Hailey",Individual,High School,Professional
234,11233,"Li, Todd","Li, Todd",Individual,Partial College,Professional
235,11234,"Griffin, Anna","Griffin, Anna",Individual,Partial College,Professional
236,11235,"Stewart, Angel","Stewart, Angel",Individual,Partial College,Professional
237,11236,"Butler, Jeremy","Butler, Jeremy",Individual,Partial College,Professional
238,11237,"Anand, Clarence","Anand, Clarence",Individual,Bachelors,Management
246,11245,"Vazquez, Ricky","Vazquez, Ricky",Individual,High School,Professional
247,11246,"Rubio, Latasha","Rubio, Latasha",Individual,High School,Professional
250,11249,"Patel, Cindy","Patel, Cindy",Individual,Partial College,Professional
253,11252,"Thompson, Nicholas","Thompson, Nicholas",Individual,Graduate Degree,Management
255,11254,"Vance, Johnathan","Vance, Johnathan",Individual,Graduate Degree,Management
256,11255,"Lin, Colin","Lin, Colin",Individual,Graduate Degree,Management
257,11256,"Hernandez, Katelyn","Hernandez, Katelyn",Individual,Graduate Degree,Management
258,11257,"Powell, Jacqueline","Powell, Jacqueline",Individual,Graduate Degree,Management
259,11258,"Hill, Xavier","Hill, Xavier",Individual,Graduate Degree,Management
260,11259,"Stewart, Victoria","Stewart, Victoria",Individual,Partial College,Professional
261,11260,"Kelly, Katelyn","Kelly, Katelyn",Individual,Bachelors,Management
262,11261,"Collins, Stephanie","Collins, Stephanie",Individual,Graduate Degree,Management
264,11263,"Richardson, Trinity","Richardson, Trinity",Individual,Partial College,Professional
265,11264,"Martin, Eduardo","Martin, Eduardo",Individual,Partial College,Professional
266,11265,"Jones, Elizabeth","Jones, Elizabeth",Individual,Partial College,Professional
267,11266,"Howard, Taylor","Howard, Taylor",Individual,Partial College,Professional
268,11267,"Diaz, David","Diaz, David",Individual,Partial College,Professional
269,11268,"Carter, Katelyn","Carter, Katelyn",Individual,Graduate Degree,Management
270,11269,"Foster, Ryan","Foster, Ryan",Individual,Graduate Degree,Management
271,11270,"Lee, Robert","Lee, Robert",Individual,Graduate Degree,Management
272,11271,"Reed, Danielle","Reed, Danielle",Individual,Bachelors,Management
273,11272,"Martinez, Lauren","Martinez, Lauren",Individual,Partial College,Professional
274,11273,"Lal, Nathan","Lal, Nathan",Individual,Partial College,Professional
275,11274,"Foster, Kyle","Foster, Kyle",Individual,Graduate Degree,Management
276,11275,"Rai, Jenny","Rai, Jenny",Individual,Graduate Degree,Management
279,11278,"Phillips, Jonathan","Phillips, Jonathan",Individual,Partial College,Professional
280,11279,"Cook, Amanda","Cook, Amanda",Individual,Partial College,Professional
281,11280,"Collins, Robert","Collins, Robert",Individual,Partial College,Professional
282,11281,"Barnes, Megan","Barnes, Megan",Individual,Bachelors,Management
283,11282,"Thomas, Christian","Thomas, Christian",Individual,Partial College,Professional
284,11283,"Lal, Arturo","Lal, Arturo",Individual,Bachelors,Management
285,11284,"Serrano, Theresa","Serrano, Theresa",Individual,Bachelors,Management
286,11285,"Anderson, Jeremy","Anderson, Jeremy",Individual,Partial College,Professional
287,11286,"Griffin, Hunter","Griffin, Hunter",Individual,Graduate Degree,Management
289,11288,"Sanchez, Cindy","Sanchez, Cindy",Individual,Bachelors,Management
290,11289,"Carter, Maria","Carter, Maria",Individual,Bachelors,Management
291,11290,"Sanchez, Katelyn","Sanchez, Katelyn",Individual,Bachelors,Management
292,11291,"Wright, Jenna","Wright, Jenna",Individual,Bachelors,Management
293,11292,"Phillips, Seth","Phillips, Seth",Individual,Partial College,Professional
294,11293,"Long, Luke","Long, Luke",Individual,High School,Professional
295,11294,"Clark, Dalton","Clark, Dalton",Individual,High School,Professional
296,11295,"Lewis, Taylor","Lewis, Taylor",Individual,Partial High School,Skilled Manual
297,11296,"Richardson, Haley","Richardson, Haley",Individual,Graduate Degree,Management
298,11297,"Coleman, Noah","Coleman, Noah",Individual,Graduate Degree,Management
299,11298,"Luo, Jon","Luo, Jon",Individual,Graduate Degree,Management
300,11299,"Vazquez, Orlando","Vazquez, Orlando",Individual,Graduate Degree,Management
306,11305,"Evans, Sean","Evans, Sean",Individual,Partial College,Professional
307,11306,"Zhou, Micah","Zhou, Micah",Individual,Partial College,Professional
316,11315,"Ward, Hailey","Ward, Hailey",Individual,Graduate Degree,Management
318,11317,"Russell, Victoria","Russell, Victoria",Individual,Partial College,Professional
319,11318,"Wilson, Jessica","Wilson, Jessica",Individual,Partial College,Professional
320,11319,"Bailey, Jade","Bailey, Jade",Individual,Graduate Degree,Management
321,11320,"Hill, Morgan","Hill, Morgan",Individual,Graduate Degree,Management
322,11321,"Raman, Terrance","Raman, Terrance",Individual,Bachelors,Management
323,11322,"Garcia, Sydney","Garcia, Sydney",Individual,Bachelors,Management
324,11323,"Patterson, Jose","Patterson, Jose",Individual,Graduate Degree,Management
325,11324,"Anderson, Zachary","Anderson, Zachary",Individual,Bachelors,Management
326,11325,"Ross, Elijah","Ross, Elijah",Individual,Bachelors,Management
327,11326,"Xie, Rafael","Xie, Rafael",Individual,Bachelors,Management
328,11327,"Moreno, Jaime","Moreno, Jaime (11327)",Individual,Bachelors,Management
330,11329,"Alvarez, Andy","Alvarez, Andy",Individual,Bachelors,Management
333,11332,"Ramos, Deanna","Ramos, Deanna",Individual,Graduate Degree,Manual
336,11335,"Raman, Carla","Raman, Carla",Individual,Bachelors,Manual
339,11338,"Navarro, Frank","Navarro, Frank",Individual,Graduate Degree,Clerical
348,11347,"Navarro, Roy","Navarro, Roy",Individual,Partial College,Manual
349,11348,"Rai, Shawn","Rai, Shawn",Individual,Partial College,Manual
350,11349,"Luo, Mindy","Luo, Mindy",Individual,Partial College,Manual
355,11354,"Suarez, Deanna","Suarez, Deanna",Individual,Partial College,Manual
374,11373,"Luo, Carly","Luo, Carly",Individual,Bachelors,Clerical
375,11374,"Ortega, Jimmy","Ortega, Jimmy",Individual,Bachelors,Clerical
378,11377,"Robinett, David","Robinett, David",Individual,Graduate Degree,Clerical
381,11380,"Kumar, Mitchell","Kumar, Mitchell",Individual,Partial College,Manual
387,11386,"Cai, Jaclyn","Cai, Jaclyn",Individual,Bachelors,Clerical
390,11389,"Shan, Karl","Shan, Karl",Individual,High School,Manual
392,11391,"Xie, Lindsay","Xie, Lindsay",Individual,High School,Manual
393,11392,"Zhao, Willie","Zhao, Willie",Individual,High School,Manual
396,11395,"Gutierrez, Beth","Gutierrez, Beth",Individual,Bachelors,Clerical
397,11396,"Lopez, Ian","Lopez, Ian",Individual,High School,Manual
405,11404,"Taylor, Megan","Taylor, Megan",Individual,Partial College,Manual
406,11405,"Goel, Bonnie","Goel, Bonnie",Individual,Partial College,Manual
408,11407,"She, Mario","She, Mario",Individual,Partial College,Manual
412,11411,"Ross, Devin","Ross, Devin",Individual,Partial College,Professional
413,11412,"Bryant, Sydney","Bryant, Sydney",Individual,Partial College,Professional
416,11415,"She, Randy","She, Randy",Individual,Partial College,Professional
419,11418,"Hu, Rafael","Hu, Rafael",Individual,Partial College,Professional
422,11421,"Sun, Amy","Sun, Amy",Individual,Bachelors,Management
424,11423,"Stewart, Jasmine","Stewart, Jasmine",Individual,Partial College,Professional
425,11424,"Garcia, Pamela","Garcia, Pamela",Individual,Partial College,Professional
427,11426,"Mehta, Kristopher","Mehta, Kristopher",Individual,Bachelors,Management
428,11427,"Dominguez, Desiree","Dominguez, Desiree",Individual,Partial College,Professional
429,11428,"Perez, Deanna","Perez, Deanna",Individual,Bachelors,Management
431,11430,"Yuan, Casey","Yuan, Casey",Individual,High School,Professional
432,11431,"Garcia, Bryant","Garcia, Bryant",Individual,Partial College,Professional
436,11435,"Romero, Robin","Romero, Robin",Individual,Partial College,Management
439,11438,"Nara, Jenny","Nara, Jenny",Individual,High School,Management
471,11470,"Suarez, Jay","Suarez, Jay",Individual,Partial High School,Manual
478,11477,"Hughes, Tristan","Hughes, Tristan",Individual,High School,Manual
482,11481,"Hu, Erica","Hu, Erica",Individual,Bachelors,Skilled Manual
485,11484,"Sai, Erick","Sai, Erick",Individual,Partial College,Clerical
487,11486,"Rogers, Ariana","Rogers, Ariana",Individual,Partial High School,Manual
493,11492,"Chander, Terrence","Chander, Terrence",Individual,High School,Manual
496,11495,"Jimenez, Francis","Jimenez, Francis",Individual,Partial College,Clerical
500,11499,"Vance, Pedro","Vance, Pedro",Individual,Partial College,Clerical
505,11504,"Baker, Jordan","Baker, Jordan",Individual,Bachelors,Skilled Manual
509,11508,"Wilson, Elizabeth","Wilson, Elizabeth",Individual,Graduate Degree,Skilled Manual
510,11509,"Harui, Roger","Harui, Roger",Individual,Bachelors,Skilled Manual
512,11511,"Perry, Caleb","Perry, Caleb",Individual,Bachelors,Skilled Manual
515,11514,"Diaz, Dalton","Diaz, Dalton",Individual,High School,Clerical
516,11515,"Huang, Shannon","Huang, Shannon",Individual,High School,Clerical
517,11516,"Gonzales, Mya","Gonzales, Mya",Individual,High School,Clerical
518,11517,"Bryant, Katherine","Bryant, Katherine",Individual,Partial College,Clerical
519,11518,"Washington, Edward","Washington, Edward",Individual,Partial College,Clerical
522,11521,"Peterson, Ariana","Peterson, Ariana",Individual,Partial College,Clerical
523,11522,"Hughes, Christian","Hughes, Christian",Individual,Graduate Degree,Skilled Manual
525,11524,"Jackson, Alyssa","Jackson, Alyssa",Individual,Partial College,Clerical
545,11544,"Garcia, Joel","Garcia, Joel",Individual,Bachelors,Clerical
553,11552,"Rubio, Eddie","Rubio, Eddie",Individual,Partial College,Manual
560,11559,"Subram, Frederick","Subram, Frederick",Individual,Bachelors,Clerical
562,11561,"Dominguez, Briana","Dominguez, Briana",Individual,Partial High School,Manual
563,11562,"Gonzalez, Jarrod","Gonzalez, Jarrod",Individual,High School,Manual
565,11564,"Liang, Jorge","Liang, Jorge",Individual,High School,Manual
568,11567,"Perez, Carla","Perez, Carla",Individual,Bachelors,Clerical
571,11570,"Andersen, Kristin","Andersen, Kristin",Individual,Bachelors,Skilled Manual
585,11584,"Carter, Devin","Carter, Devin",Individual,Bachelors,Skilled Manual
596,11595,"Howard, Sebastian","Howard, Sebastian",Individual,High School,Manual
599,11598,"Ruiz, Meredith","Ruiz, Meredith",Individual,Partial College,Clerical
603,11602,"Gill, Larry","Gill, Larry",Individual,Partial College,Clerical
606,11605,"Subram, Heidi","Subram, Heidi",Individual,High School,Manual
614,11613,"Prasad, Meredith","Prasad, Meredith",Individual,Partial College,Clerical
615,11614,"Sharma, Katrina","Sharma, Katrina",Individual,Partial College,Clerical
640,11639,"Perry, Angelica","Perry, Angelica",Individual,Graduate Degree,Professional
644,11643,"Munoz, Naomi","Munoz, Naomi",Individual,Bachelors,Skilled Manual
645,11644,"Torres, Charles","Torres, Charles",Individual,Bachelors,Skilled Manual
646,11645,"Turner, Gabriella","Turner, Gabriella",Individual,Bachelors,Skilled Manual
647,11646,"Foster, Anna","Foster, Anna",Individual,Bachelors,Skilled Manual
649,11648,"Scott, Kevin","Scott, Kevin",Individual,Graduate Degree,Professional
650,11649,"White, Ian","White, Ian",Individual,Graduate Degree,Professional
651,11650,"Hayes, Caleb","Hayes, Caleb",Individual,Graduate Degree,Professional
654,11653,"Peterson, Sydney","Peterson, Sydney",Individual,Graduate Degree,Professional
655,11654,"Sanchez, Ariana","Sanchez, Ariana",Individual,Graduate Degree,Professional
656,11655,"Sharma, Tamara","Sharma, Tamara",Individual,Graduate Degree,Professional
657,11656,"Perez, Katelyn","Perez, Katelyn",Individual,Graduate Degree,Professional
658,11657,"Cox, Megan","Cox, Megan",Individual,Graduate Degree,Professional
659,11658,"Mitchell, Robert","Mitchell, Robert",Individual,Graduate Degree,Professional
663,11662,"Kumar, Ethan","Kumar, Ethan",Individual,Graduate Degree,Professional
664,11663,"Williams, Seth","Williams, Seth",Individual,Graduate Degree,Professional
665,11664,"Morgan, Alyssa","Morgan, Alyssa",Individual,Graduate Degree,Professional
666,11665,"Dominguez, Janet","Dominguez, Janet",Individual,Graduate Degree,Professional
667,11666,"Baker, Angel","Baker, Angel",Individual,Graduate Degree,Professional
668,11667,"Moore, Blake","Moore, Blake",Individual,Bachelors,Skilled Manual
669,11668,"Collins, Jada","Collins, Jada",Individual,Bachelors,Skilled Manual
670,11669,"Simmons, Isabella","Simmons, Isabella",Individual,Bachelors,Skilled Manual
671,11670,"Perry, Jacqueline","Perry, Jacqueline",Individual,Bachelors,Skilled Manual
672,11671,"Brown, Jessica","Brown, Jessica",Individual,Bachelors,Skilled Manual
673,11672,"Jai, Chad","Jai, Chad",Individual,Bachelors,Skilled Manual
674,11673,"Ye, Susan","Ye, Susan",Individual,Bachelors,Skilled Manual
675,11674,"Rogers, Morgan","Rogers, Morgan",Individual,Graduate Degree,Professional
676,11675,"Martinez, Devin","Martinez, Devin",Individual,Graduate Degree,Professional
677,11676,"Hu, Alan","Hu, Alan",Individual,Graduate Degree,Professional
679,11678,"Chavez, Johnny","Chavez, Johnny",Individual,Graduate Degree,Professional
680,11679,"Richardson, Dalton","Richardson, Dalton",Individual,Graduate Degree,Professional
681,11680,"Nelson, Kaylee","Nelson, Kaylee",Individual,Graduate Degree,Professional
682,11681,"Jones, Abigail","Jones, Abigail",Individual,Graduate Degree,Professional
683,11682,"Hall, Kaitlyn","Hall, Kaitlyn (11682)",Individual,Graduate Degree,Professional
684,11683,"Taylor, Greg","Taylor, Greg",Individual,Graduate Degree,Professional
685,11684,"Parker, Devin","Parker, Devin",Individual,Bachelors,Professional
686,11685,"Griffin, Jose","Griffin, Jose",Individual,Bachelors,Professional
687,11686,"Edwards, Luke","Edwards, Luke",Individual,Bachelors,Professional
688,11687,"Torres, Cody","Torres, Cody",Individual,Bachelors,Professional
689,11688,"Morris, Victoria","Morris, Victoria",Individual,Bachelors,Skilled Manual
690,11689,"Diaz, Ian","Diaz, Ian",Individual,Bachelors,Skilled Manual
691,11690,"Butler, Caroline","Butler, Caroline",Individual,Graduate Degree,Professional
692,11691,"Wilson, Kaitlyn","Wilson, Kaitlyn",Individual,Bachelors,Professional
693,11692,"Gonzales, Caleb","Gonzales, Caleb",Individual,Bachelors,Professional
695,11694,"Ortega, Jonathon","Ortega, Jonathon",Individual,Bachelors,Skilled Manual
696,11695,"Campbell, Logan","Campbell, Logan",Individual,Bachelors,Skilled Manual
697,11696,"Campbell, Mackenzie","Campbell, Mackenzie",Individual,Bachelors,Skilled Manual
698,11697,"Lee, Eduardo","Lee, Eduardo",Individual,Bachelors,Skilled Manual
700,11699,"Peterson, Chase","Peterson, Chase",Individual,Bachelors,Skilled Manual
701,11700,"Richardson, Xavier","Richardson, Xavier",Individual,Bachelors,Professional
702,11701,"Hayes, David","Hayes, David",Individual,Bachelors,Professional
703,11702,"Zhou, Jenny","Zhou, Jenny",Individual,Bachelors,Professional
704,11703,"Baker, Kaylee","Baker, Kaylee",Individual,Bachelors,Professional
705,11704,"Hernandez, Evan","Hernandez, Evan",Individual,Bachelors,Professional
706,11705,"Richardson, Brooke","Richardson, Brooke",Individual,Graduate Degree,Professional
707,11706,"Perez, Blake","Perez, Blake",Individual,Bachelors,Professional
708,11707,"Cook, Natalie","Cook, Natalie",Individual,Bachelors,Professional
709,11708,"Weisman, Elizabeth","Weisman, Elizabeth",Individual,Bachelors,Professional
711,11710,"Ramirez, Zoe","Ramirez, Zoe",Individual,High School,Skilled Manual
714,11713,"Zhang, Kyle","Zhang, Kyle",Individual,Partial College,Skilled Manual
715,11714,"Long, Alexandria","Long, Alexandria",Individual,Partial College,Skilled Manual
716,11715,"Robinson, Chloe","Robinson, Chloe",Individual,Partial College,Skilled Manual
717,11716,"Kelly, Evan","Kelly, Evan",Individual,High School,Skilled Manual
718,11717,"Jones, Marcus","Jones, Marcus",Individual,Partial College,Skilled Manual
719,11718,"Jones, Sarah","Jones, Sarah",Individual,Partial College,Skilled Manual
721,11720,"Morris, Morgan","Morris, Morgan",Individual,High School,Skilled Manual
722,11721,"Alexander, Jennifer","Alexander, Jennifer",Individual,High School,Skilled Manual
723,11722,"Hughes, Julian","Hughes, Julian",Individual,Partial College,Skilled Manual
726,11725,"Li, Jose","Li, Jose",Individual,Partial College,Skilled Manual
727,11726,"Liang, Micah","Liang, Micah",Individual,Partial College,Skilled Manual
728,11727,"Taylor, Benjamin","Taylor, Benjamin",Individual,Graduate Degree,Professional
729,11728,"White, Logan","White, Logan",Individual,Partial College,Skilled Manual
730,11729,"Campbell, Caleb","Campbell, Caleb",Individual,Partial College,Skilled Manual
731,11730,"Torres, Emma","Torres, Emma",Individual,Partial College,Skilled Manual
732,11731,"Gill, Tanya","Gill, Tanya",Individual,Partial College,Skilled Manual
733,11732,"Sanchez, Erick","Sanchez, Erick",Individual,Partial College,Skilled Manual
734,11733,"Schmidt, Kristi","Schmidt, Kristi",Individual,Partial College,Skilled Manual
735,11734,"Chen, Omar","Chen, Omar",Individual,Partial College,Skilled Manual
736,11735,"Gray, Sydney","Gray, Sydney",Individual,Partial College,Skilled Manual
737,11736,"Sanchez, Sebastian","Sanchez, Sebastian",Individual,Partial College,Skilled Manual
738,11737,"Martin, Megan","Martin, Megan",Individual,Bachelors,Professional
742,11741,"Chander, Tamara","Chander, Tamara",Individual,Graduate Degree,Professional
743,11742,"Lewis, Edward","Lewis, Edward",Individual,Bachelors,Professional
744,11743,"Kelly, Chase","Kelly, Chase",Individual,Bachelors,Professional
745,11744,"Campbell, Stephanie","Campbell, Stephanie",Individual,Bachelors,Professional
746,11745,"Gonzalez, Allison","Gonzalez, Allison",Individual,Bachelors,Professional
747,11746,"Brooks, Seth","Brooks, Seth",Individual,Bachelors,Professional
748,11747,"Davis, Destiny","Davis, Destiny",Individual,Graduate Degree,Professional
771,11770,"Nara, Peter","Nara, Peter",Individual,Graduate Degree,Skilled Manual
772,11771,"Rivera, Isaac","Rivera, Isaac",Individual,Graduate Degree,Skilled Manual
773,11772,"Moore, Cameron","Moore, Cameron",Individual,Graduate Degree,Skilled Manual
774,11773,"Diaz, Gavin","Diaz, Gavin",Individual,Graduate Degree,Skilled Manual
775,11774,"Sanchez, Emma","Sanchez, Emma",Individual,Graduate Degree,Skilled Manual
780,11779,"Jackson, Sarah","Jackson, Sarah",Individual,Graduate Degree,Skilled Manual
781,11780,"Alexander, Jessica","Alexander, Jessica",Individual,Graduate Degree,Skilled Manual
782,11781,"Gray, Carlos","Gray, Carlos",Individual,Graduate Degree,Skilled Manual
783,11782,"Jai, Barbara","Jai, Barbara",Individual,Graduate Degree,Skilled Manual
784,11783,"Mitchell, Sara","Mitchell, Sara",Individual,Graduate Degree,Skilled Manual
786,11785,"Diaz, Theodore","Diaz, Theodore",Individual,Bachelors,Skilled Manual
787,11786,"Murphy, Ian","Murphy, Ian",Individual,Graduate Degree,Skilled Manual
788,11787,"Nath, Jerry","Nath, Jerry",Individual,Graduate Degree,Skilled Manual
789,11788,"James, Destiny","James, Destiny",Individual,Graduate Degree,Professional
790,11789,"Phillips, Bailey","Phillips, Bailey",Individual,Bachelors,Skilled Manual
791,11790,"Gonzalez, Timothy","Gonzalez, Timothy",Individual,Bachelors,Skilled Manual
792,11791,"Morgan, Chase","Morgan, Chase",Individual,Graduate Degree,Professional
793,11792,"Perry, Alexia","Perry, Alexia",Individual,Bachelors,Skilled Manual
794,11793,"Rogers, Xavier","Rogers, Xavier",Individual,Bachelors,Skilled Manual
795,11794,"Ross, Lauren","Ross, Lauren",Individual,Bachelors,Skilled Manual
796,11795,"Thomas, Nicole","Thomas, Nicole",Individual,Bachelors,Skilled Manual
797,11796,"Jenkins, Isabel","Jenkins, Isabel",Individual,Bachelors,Skilled Manual
798,11797,"Coleman, Devin","Coleman, Devin",Individual,Bachelors,Skilled Manual
799,11798,"Chande, Brendan","Chande, Brendan",Individual,Bachelors,Skilled Manual
800,11799,"Wang, Jessie","Wang, Jessie",Individual,Bachelors,Skilled Manual
801,11800,"Baker, Jennifer","Baker, Jennifer",Individual,Graduate Degree,Professional
802,11801,"Sharma, Aaron","Sharma, Aaron",Individual,Graduate Degree,Professional
804,11803,"Hernandez, Jan","Hernandez, Jan",Individual,Graduate Degree,Professional
805,11804,"Turner, Haley","Turner, Haley",Individual,Graduate Degree,Professional
806,11805,"Green, Richard","Green, Richard",Individual,Graduate Degree,Professional
807,11806,"Stewart, Jennifer","Stewart, Jennifer",Individual,Graduate Degree,Professional
808,11807,"Baker, Lucas","Baker, Lucas",Individual,Graduate Degree,Professional
810,11809,"Gray, Juan","Gray, Juan",Individual,Bachelors,Skilled Manual
811,11810,"Washington, Antonio","Washington, Antonio",Individual,Bachelors,Professional
812,11811,"Brooks, Abigail","Brooks, Abigail",Individual,Bachelors,Professional
813,11812,"Rodriguez, Andrew","Rodriguez, Andrew",Individual,Bachelors,Professional
814,11813,"Patterson, Mary","Patterson, Mary",Individual,Bachelors,Professional
815,11814,"Morgan, Dalton","Morgan, Dalton",Individual,Graduate Degree,Professional
816,11815,"Patterson, Hannah","Patterson, Hannah",Individual,Graduate Degree,Professional
817,11816,"Torres, Joe","Torres, Joe",Individual,Graduate Degree,Professional
818,11817,"Miller, Morgan","Miller, Morgan",Individual,Graduate Degree,Professional
819,11818,"Garcia, Daniel","Garcia, Daniel",Individual,Graduate Degree,Professional
820,11819,"Lal, Jose","Lal, Jose",Individual,Bachelors,Skilled Manual
822,11821,"Johnson, Austin","Johnson, Austin",Individual,Graduate Degree,Professional
823,11822,"Wadia, Rohinton","Wadia, Rohinton",Individual,Graduate Degree,Professional
826,11825,"She, Aimee","She, Aimee",Individual,Graduate Degree,Professional
827,11826,"Alonso, Jessie","Alonso, Jessie",Individual,Graduate Degree,Professional
829,11828,"Martinez, Katherine","Martinez, Katherine",Individual,Graduate Degree,Professional
830,11829,"Campbell, Sophia","Campbell, Sophia",Individual,Graduate Degree,Professional
831,11830,"Garcia, Taylor","Garcia, Taylor",Individual,Graduate Degree,Professional
832,11831,"Ross, Christian","Ross, Christian",Individual,Graduate Degree,Professional
833,11832,"Murphy, Zoe","Murphy, Zoe",Individual,Bachelors,Professional
835,11834,"Flores, Fernando","Flores, Fernando",Individual,Bachelors,Skilled Manual
837,11836,"Travers, Garrett","Travers, Garrett",Individual,Bachelors,Skilled Manual
838,11837,"Alexander, Haley","Alexander, Haley",Individual,Bachelors,Skilled Manual
839,11838,"Rodriguez, Justin","Rodriguez, Justin",Individual,Bachelors,Skilled Manual
840,11839,"Brown, Tyler","Brown, Tyler",Individual,Graduate Degree,Professional
841,11840,"Patterson, Julian","Patterson, Julian",Individual,Graduate Degree,Professional
843,11842,"Wilson, Justin","Wilson, Justin",Individual,Bachelors,Skilled Manual
844,11843,"Nara, Christy","Nara, Christy",Individual,Bachelors,Skilled Manual
845,11844,"Alvarez, Michele","Alvarez, Michele",Individual,Bachelors,Skilled Manual
847,11846,"Reed, Savannah","Reed, Savannah",Individual,Bachelors,Skilled Manual
848,11847,"Diaz, Cassidy","Diaz, Cassidy",Individual,Bachelors,Skilled Manual
849,11848,"Lewis, Joshua","Lewis, Joshua",Individual,Bachelors,Skilled Manual
850,11849,"Reed, Faith","Reed, Faith",Individual,Bachelors,Skilled Manual
851,11850,"Ramirez, Brooke","Ramirez, Brooke",Individual,Bachelors,Skilled Manual
852,11851,"Mitchell, Jada","Mitchell, Jada",Individual,Bachelors,Professional
853,11852,"Russell, Kyle","Russell, Kyle",Individual,Bachelors,Professional
854,11853,"Jones, Grace","Jones, Grace",Individual,Bachelors,Professional
855,11854,"Mitchell, Jason","Mitchell, Jason",Individual,Graduate Degree,Professional
856,11855,"Walker, Christian","Walker, Christian",Individual,Bachelors,Professional
857,11856,"Hernandez, Seth","Hernandez, Seth",Individual,Graduate Degree,Professional
858,11857,"Young, Isabella","Young, Isabella",Individual,Graduate Degree,Professional
859,11858,"Coleman, Jordan","Coleman, Jordan",Individual,High School,Skilled Manual
860,11859,"Garcia, Blake","Garcia, Blake",Individual,Partial College,Skilled Manual
861,11860,"Walker, Nicole","Walker, Nicole",Individual,Partial College,Skilled Manual
877,11876,"White, Madison","White, Madison",Individual,Partial College,Skilled Manual
878,11877,"Diaz, Alexis","Diaz, Alexis",Individual,Partial College,Skilled Manual
879,11878,"Nara, Christine","Nara, Christine",Individual,Partial College,Skilled Manual
880,11879,"Sai, Edgar","Sai, Edgar",Individual,Partial College,Skilled Manual
881,11880,"Sanchez, Melissa","Sanchez, Melissa",Individual,Partial College,Skilled Manual
882,11881,"Mitchell, Richard","Mitchell, Richard",Individual,Bachelors,Professional
883,11882,"Stewart, Patrick","Stewart, Patrick",Individual,Bachelors,Professional
884,11883,"Anderson, Hannah","Anderson, Hannah",Individual,Graduate Degree,Professional
885,11884,"Shen, Latoya","Shen, Latoya",Individual,Graduate Degree,Professional
886,11885,"Sharma, Kurt","Sharma, Kurt",Individual,Graduate Degree,Professional
887,11886,"Parker, Katelyn","Parker, Katelyn",Individual,Bachelors,Professional
888,11887,"White, Joseph","White, Joseph",Individual,Bachelors,Professional
890,11889,"Patterson, Blake","Patterson, Blake",Individual,Bachelors,Professional
891,11890,"Lopez, Whitney","Lopez, Whitney",Individual,Graduate Degree,Professional
892,11891,"Liang, Jamie","Liang, Jamie",Individual,Graduate Degree,Professional
924,11923,"Bryant, Sarah","Bryant, Sarah",Individual,Partial College,Skilled Manual
925,11924,"Long, Ian","Long, Ian",Individual,Partial College,Skilled Manual
926,11925,"Jai, Ashlee","Jai, Ashlee",Individual,Partial College,Skilled Manual
927,11926,"Foster, Eduardo","Foster, Eduardo",Individual,Partial College,Skilled Manual
928,11927,"Murphy, Nicole","Murphy, Nicole",Individual,Partial College,Skilled Manual
929,11928,"Morris, Isabella","Morris, Isabella",Individual,Partial College,Skilled Manual
932,11931,"Adams, Marcus","Adams, Marcus",Individual,Partial College,Skilled Manual
933,11932,"Coleman, Elizabeth","Coleman, Elizabeth",Individual,Partial College,Skilled Manual
934,11933,"Rubio, Mathew","Rubio, Mathew",Individual,Partial High School,Clerical
935,11934,"Shan, Justin","Shan, Justin",Individual,Partial High School,Clerical
936,11935,"Taylor, Jessica","Taylor, Jessica",Individual,Partial College,Skilled Manual
937,11936,"Clark, Hunter","Clark, Hunter",Individual,Partial College,Skilled Manual
938,11937,"Perez, Devin","Perez, Devin",Individual,Partial College,Skilled Manual
939,11938,"Alexander, Seth","Alexander, Seth",Individual,Partial College,Skilled Manual
940,11939,"Washington, Kevin","Washington, Kevin",Individual,Partial College,Skilled Manual
941,11940,"Miller, Tyler","Miller, Tyler",Individual,Bachelors,Management
942,11941,"Roberts, Adam","Roberts, Adam",Individual,Partial College,Skilled Manual
946,11945,"Huang, Dennis","Huang, Dennis",Individual,Partial College,Skilled Manual
950,11949,"Brooks, Julia","Brooks, Julia",Individual,Partial College,Skilled Manual
951,11950,"Carter, Jordan","Carter, Jordan",Individual,Partial College,Skilled Manual
954,11953,"Wright, Courtney","Wright, Courtney",Individual,High School,Skilled Manual
955,11954,"Garcia, Joseph","Garcia, Joseph",Individual,Partial College,Skilled Manual
956,11955,"Green, Gabriel","Green, Gabriel",Individual,Partial College,Skilled Manual
957,11956,"Sandberg, Alexandria","Sandberg, Alexandria",Individual,High School,Skilled Manual
958,11957,"Hernandez, Courtney","Hernandez, Courtney",Individual,Partial College,Skilled Manual
959,11958,"Lal, Dylan","Lal, Dylan",Individual,Partial College,Professional
960,11959,"Davis, Elizabeth","Davis, Elizabeth",Individual,Partial College,Professional
961,11960,"Griffin, Ana","Griffin, Ana",Individual,Partial College,Professional
962,11961,"Alvarez, Anne","Alvarez, Anne",Individual,Partial College,Professional
963,11962,"Roberts, Alexandra","Roberts, Alexandra",Individual,Partial College,Professional
971,11970,"Collins, Bailey","Collins, Bailey",Individual,Bachelors,Management
972,11971,"Adams, Amanda","Adams, Amanda",Individual,Bachelors,Management
973,11972,"Williams, Katherine","Williams, Katherine",Individual,Partial College,Professional
974,11973,"Barnes, Caroline","Barnes, Caroline",Individual,Partial College,Professional
975,11974,"Sun, Randy","Sun, Randy",Individual,Partial College,Professional
976,11975,"Garcia, Destiny","Garcia, Destiny",Individual,High School,Professional
979,11978,"Washington, Jackson","Washington, Jackson",Individual,Graduate Degree,Management
981,11980,"Richardson, Kimberly","Richardson, Kimberly",Individual,High School,Professional
982,11981,"Howard, Alexandria","Howard, Alexandria",Individual,High School,Professional
983,11982,"Foster, Alexandra","Foster, Alexandra",Individual,High School,Professional
984,11983,"Ortega, Cheryl","Ortega, Cheryl",Individual,Partial College,Professional
986,11985,"Hughes, Melanie","Hughes, Melanie",Individual,Bachelors,Management
1016,12015,"White, Jacob","White, Jacob",Individual,High School,Skilled Manual
1017,12016,"Serrano, Meredith","Serrano, Meredith",Individual,High School,Skilled Manual
1019,12018,"Henderson, Devin","Henderson, Devin",Individual,High School,Skilled Manual
1020,12019,"Cox, Gabrielle","Cox, Gabrielle",Individual,High School,Skilled Manual
1023,12022,"Wright, Jose","Wright, Jose",Individual,High School,Skilled Manual
1024,12023,"Johnson, Fernando","Johnson, Fernando",Individual,Partial High School,Clerical
1025,12024,"Edwards, Samuel","Edwards, Samuel",Individual,High School,Skilled Manual
1026,12025,"Diaz, Logan","Diaz, Logan",Individual,High School,Skilled Manual
1027,12026,"Flores, Lucas","Flores, Lucas",Individual,High School,Skilled Manual
1028,12027,"Wood, Haley","Wood, Haley",Individual,High School,Skilled Manual
1029,12028,"Lewis, Sarah","Lewis, Sarah",Individual,Partial High School,Clerical
1030,12029,"Hu, Damien","Hu, Damien",Individual,Partial High School,Clerical
1031,12030,"Washington, Ana","Washington, Ana",Individual,High School,Skilled Manual
1034,12033,"Guo, Kristen","Guo, Kristen",Individual,High School,Skilled Manual
1041,12040,"Torres, Richard","Torres, Richard",Individual,Partial College,Skilled Manual
1042,12041,"Martin, Seth","Martin, Seth",Individual,High School,Skilled Manual
1043,12042,"Carter, Alex","Carter, Alex",Individual,High School,Skilled Manual
1044,12043,"Patterson, Carson","Patterson, Carson",Individual,Partial College,Skilled Manual
1045,12044,"Lopez, Madeline","Lopez, Madeline",Individual,Partial College,Skilled Manual
1046,12045,"Russell, Luis","Russell, Luis",Individual,Partial College,Skilled Manual
1051,12050,"Young, Aaron","Young, Aaron",Individual,Graduate Degree,Management
1052,12051,"Scott, Isaiah","Scott, Isaiah",Individual,Bachelors,Management
1053,12052,"Ward, Makayla","Ward, Makayla",Individual,Bachelors,Management
1054,12053,"Gao, Cedric","Gao, Cedric",Individual,Graduate Degree,Management
1058,12057,"Collins, Madeline","Collins, Madeline",Individual,Graduate Degree,Management
1059,12058,"Nelson, Chloe","Nelson, Chloe",Individual,Bachelors,Management
1060,12059,"Jenkins, Jason","Jenkins, Jason",Individual,Bachelors,Management
1069,12068,"Jenkins, Maria","Jenkins, Maria",Individual,Bachelors,Management
1070,12069,"Kelly, Garrett","Kelly, Garrett",Individual,Bachelors,Management
1071,12070,"Ross, Luke","Ross, Luke",Individual,Bachelors,Management
1072,12071,"Robinson, Robert","Robinson, Robert",Individual,Bachelors,Management
1073,12072,"Ross, Tristan","Ross, Tristan",Individual,Bachelors,Management
1074,12073,"Rodriguez, Thomas","Rodriguez, Thomas",Individual,Bachelors,Management
1076,12075,"Griffin, Cameron","Griffin, Cameron",Individual,Bachelors,Management
1077,12076,"Washington, Chloe","Washington, Chloe",Individual,Bachelors,Management
1079,12078,"Edwards, Jose","Edwards, Jose",Individual,Bachelors,Management
1080,12079,"Cooper, Nathaniel","Cooper, Nathaniel",Individual,Bachelors,Management
1086,12085,"Rodriguez, Tyler","Rodriguez, Tyler",Individual,Bachelors,Management
1088,12087,"Cook, Sean","Cook, Sean",Individual,Bachelors,Management
1089,12088,"Thompson, Lauren","Thompson, Lauren",Individual,Bachelors,Management
1092,12091,"Munoz, Eddie","Munoz, Eddie",Individual,High School,Professional
1093,12092,"White, Austin","White, Austin",Individual,High School,Professional
1094,12093,"Chandra, Levi","Chandra, Levi",Individual,Partial College,Professional
1095,12094,"Bailey, Bailey","Bailey, Bailey",Individual,Bachelors,Management
1096,12095,"Griffin, Austin","Griffin, Austin",Individual,Bachelors,Management
1097,12096,"Brooks, Caitlin","Brooks, Caitlin",Individual,Bachelors,Management
1099,12098,"Clark, Grace","Clark, Grace",Individual,Partial College,Professional
1100,12099,"Hall, Sydney","Hall, Sydney",Individual,Partial College,Professional
1101,12100,"Sun, Jon","Sun, Jon",Individual,Bachelors,Management
1102,12101,"Patterson, Logan","Patterson, Logan",Individual,Partial College,Professional
1103,12102,"Simmons, Devin","Simmons, Devin",Individual,Partial College,Professional
1104,12103,"White, Chloe","White, Chloe",Individual,Partial College,Professional
1105,12104,"Ross, Mariah","Ross, Mariah",Individual,Partial College,Professional
1106,12105,"Foster, Abigail","Foster, Abigail",Individual,Partial College,Professional
1109,12108,"Walker, James","Walker, James",Individual,Partial College,Professional
1110,12109,"Foster, Morgan","Foster, Morgan",Individual,Partial College,Professional
1111,12110,"Guo, Bianca","Guo, Bianca",Individual,Partial College,Professional
1112,12111,"Gonzales, Jacqueline","Gonzales, Jacqueline",Individual,Partial College,Professional
1113,12112,"Henderson, Arianna","Henderson, Arianna",Individual,Partial College,Professional
1116,12115,"Richardson, Chloe","Richardson, Chloe",Individual,High School,Professional
1126,12125,"Ortega, Diana","Ortega, Diana",Individual,Partial College,Professional
1129,12128,"Munoz, Kristy","Munoz, Kristy",Individual,High School,Professional
1130,12129,"Alvarez, Wendy","Alvarez, Wendy",Individual,High School,Professional
1131,12130,"Zhou, Suzanne","Zhou, Suzanne",Individual,High School,Professional
1136,12135,"Taylor, Fernando","Taylor, Fernando",Individual,Partial College,Professional
1138,12137,"Green, Jack","Green, Jack",Individual,Graduate Degree,Management
1139,12138,"Jai, Colin","Jai, Colin",Individual,Graduate Degree,Management
1140,12139,"Yang, Franklin","Yang, Franklin",Individual,Graduate Degree,Management
1142,12141,"Lee, Kaitlyn","Lee, Kaitlyn",Individual,Partial College,Professional
1143,12142,"Torres, Gabriella","Torres, Gabriella",Individual,Bachelors,Management
1144,12143,"Turner, Logan","Turner, Logan",Individual,Bachelors,Management
1145,12144,"Jenkins, Kelly","Jenkins, Kelly",Individual,Partial College,Professional
1146,12145,"Butler, Brandon","Butler, Brandon",Individual,Partial College,Professional
1147,12146,"Thomas, Xavier","Thomas, Xavier",Individual,Bachelors,Management
1149,12148,"Morris, Gabrielle","Morris, Gabrielle",Individual,Partial College,Professional
1150,12149,"Scott, Bailey","Scott, Bailey",Individual,Partial College,Professional
1151,12150,"Wang, Logan","Wang, Logan",Individual,Graduate Degree,Management
1152,12151,"Kelly, Steven","Kelly, Steven",Individual,Bachelors,Management
1153,12152,"Ramirez, Adrian","Ramirez, Adrian",Individual,Bachelors,Management
1154,12153,"Bailey, Kaitlyn","Bailey, Kaitlyn",Individual,Partial College,Professional
1156,12155,"Lopez, Gabriella","Lopez, Gabriella",Individual,Partial College,Professional
1157,12156,"Raji, Bonnie","Raji, Bonnie",Individual,Graduate Degree,Management
1158,12157,"White, William","White, William",Individual,Graduate Degree,Management
1161,12160,"Zhang, Jaclyn","Zhang, Jaclyn",Individual,Partial College,Professional
1162,12161,"Rogers, Alexandria","Rogers, Alexandria",Individual,Partial College,Professional
1163,12162,"Mitchell, Luke","Mitchell, Luke",Individual,Partial College,Professional
1164,12163,"Wang, Aaron","Wang, Aaron",Individual,Bachelors,Management
1165,12164,"Butler, Noah","Butler, Noah",Individual,Bachelors,Management
1168,12167,"Stewart, Sebastian","Stewart, Sebastian",Individual,Partial College,Professional
1169,12168,"Jackson, Hunter","Jackson, Hunter",Individual,Partial College,Professional
1170,12169,"Howard, Abigail","Howard, Abigail",Individual,High School,Professional
1171,12170,"Reed, Sara","Reed, Sara",Individual,Bachelors,Management
1172,12171,"Cooper, Alyssa","Cooper, Alyssa",Individual,Bachelors,Management
1173,12172,"Alexander, Eduardo","Alexander, Eduardo",Individual,Bachelors,Management
1174,12173,"Edwards, Dalton","Edwards, Dalton",Individual,Bachelors,Management
1175,12174,"Phillips, Charles","Phillips, Charles",Individual,Graduate Degree,Management
1176,12175,"Powell, Luke","Powell, Luke",Individual,High School,Professional
1177,12176,"James, Cody","James, Cody",Individual,High School,Professional
1179,12178,"Shan, Ethan","Shan, Ethan",Individual,Partial High School,Skilled Manual
1180,12179,"Jones, Alexis","Jones, Alexis",Individual,Graduate Degree,Management
1181,12180,"Mehta, Holly","Mehta, Holly",Individual,Graduate Degree,Management
1182,12181,"Sanders, Katelyn","Sanders, Katelyn",Individual,Graduate Degree,Management
1185,12184,"Perez, Isaiah","Perez, Isaiah",Individual,Partial College,Professional
1186,12185,"Patterson, Kaitlyn","Patterson, Kaitlyn",Individual,Partial College,Professional
1187,12186,"Srini, Bryant","Srini, Bryant",Individual,Partial College,Professional
1188,12187,"Subram, Ruben","Subram, Ruben",Individual,Partial College,Professional
1189,12188,"Thomas, Ashley","Thomas, Ashley",Individual,Partial College,Professional
1190,12189,"Wright, Sophia","Wright, Sophia",Individual,Bachelors,Management
1191,12190,"Gonzales, Justin","Gonzales, Justin",Individual,Graduate Degree,Management
1192,12191,"Washington, Melissa","Washington, Melissa",Individual,Partial High School,Skilled Manual
1193,12192,"Hayes, Jocelyn","Hayes, Jocelyn",Individual,Partial High School,Skilled Manual
1195,12194,"Foster, Destiny","Foster, Destiny",Individual,Graduate Degree,Management
1196,12195,"Morris, Erin","Morris, Erin",Individual,Graduate Degree,Management
1198,12197,"Hernandez, Adam","Hernandez, Adam",Individual,Graduate Degree,Management
1199,12198,"Scott, Noah","Scott, Noah",Individual,Graduate Degree,Management
1200,12199,"Richardson, Christina","Richardson, Christina",Individual,Partial College,Professional
1201,12200,"Sharma, Rafael","Sharma, Rafael",Individual,Graduate Degree,Management
1202,12201,"Yuan, Mindy","Yuan, Mindy",Individual,Graduate Degree,Management
1205,12204,"Jai, Bradley","Jai, Bradley",Individual,Graduate Degree,Management
1206,12205,"Long, Madison","Long, Madison",Individual,Bachelors,Management
1207,12206,"Parker, Sierra","Parker, Sierra",Individual,Bachelors,Management
1208,12207,"Hill, Samuel","Hill, Samuel",Individual,Bachelors,Management
1209,12208,"Sanchez, Dominique","Sanchez, Dominique",Individual,Bachelors,Management
1210,12209,"Jai, Mindy","Jai, Mindy",Individual,Bachelors,Management
1214,12213,"Lal, Alejandro","Lal, Alejandro",Individual,Graduate Degree,Manual
1219,12218,"Xu, Mitchell","Xu, Mitchell",Individual,Bachelors,Manual
1224,12223,"Vazquez, Felicia","Vazquez, Felicia",Individual,Graduate Degree,Clerical
1226,12225,"Ortega, Kathleen","Ortega, Kathleen",Individual,Graduate Degree,Clerical
1227,12226,"Ward, Faith","Ward, Faith",Individual,Bachelors,Clerical
1229,12228,"Martinez, Mayra","Martinez, Mayra",Individual,Bachelors,Clerical
1230,12229,"Gomez, Kari","Gomez, Kari",Individual,Partial College,Manual
1231,12230,"Zheng, Wesley","Zheng, Wesley",Individual,Partial College,Manual
1232,12231,"Patterson, Isabelle","Patterson, Isabelle",Individual,Partial College,Manual
1233,12232,"Hernandez, Sean","Hernandez, Sean",Individual,Partial College,Manual
1237,12236,"Gill, Kendra","Gill, Kendra",Individual,Partial College,Manual
1238,12237,"Madan, Ruth","Madan, Ruth",Individual,Partial College,Manual
1239,12238,"Raman, Monica","Raman, Monica",Individual,Bachelors,Clerical
1258,12257,"Ruiz, Ross","Ruiz, Ross",Individual,Graduate Degree,Clerical
1259,12258,"Li, Jamie","Li, Jamie",Individual,Graduate Degree,Clerical
1267,12266,"Lin, Tiffany","Lin, Tiffany",Individual,Partial College,Manual
1269,12268,"Shan, Edwin","Shan, Edwin",Individual,Graduate Degree,Clerical
1271,12270,"Ramos, Ebony","Ramos, Ebony",Individual,Graduate Degree,Clerical
1274,12273,"Carlson, Nelson","Carlson, Nelson",Individual,Bachelors,Clerical
1276,12275,"Madan, Adriana","Madan, Adriana",Individual,Partial College,Manual
1277,12276,"Shan, Alisha","Shan, Alisha",Individual,Bachelors,Clerical
1279,12278,"Johnsen, Meredith","Johnsen, Meredith",Individual,High School,Manual
1292,12291,"Suri, Johnathan","Suri, Johnathan",Individual,Partial College,Professional
1298,12297,"Blanco, Felicia","Blanco, Felicia",Individual,Partial College,Professional
1299,12298,"Zeng, Crystal","Zeng, Crystal",Individual,Partial College,Professional
1303,12302,"Coleman, Kevin","Coleman, Kevin",Individual,Bachelors,Management
1307,12306,"Parker, Logan","Parker, Logan",Individual,Partial College,Professional
1315,12314,"Suarez, Jill","Suarez, Jill",Individual,Bachelors,Management
1320,12319,"Ye, Shannon","Ye, Shannon",Individual,High School,Professional
1325,12324,"Lal, Dale","Lal, Dale",Individual,High School,Professional
1328,12327,"Liang, Edwin","Liang, Edwin",Individual,Partial College,Management
1331,12330,"Raman, Preston","Raman, Preston",Individual,Partial College,Management
1363,12362,"Harrison, Thomas","Harrison, Thomas",Individual,Bachelors,Management
1365,12364,"Rogers, Erin","Rogers, Erin",Individual,Bachelors,Management
1366,12365,"Evans, Alex","Evans, Alex",Individual,Bachelors,Management
1367,12366,"Cox, Stephanie","Cox, Stephanie",Individual,Bachelors,Management
1378,12377,"Miller, Christopher","Miller, Christopher",Individual,Partial High School,Manual
1379,12378,"Sanchez, Brianna","Sanchez, Brianna",Individual,Partial College,Clerical
1380,12379,"Chande, Bridget","Chande, Bridget",Individual,Partial College,Clerical
1385,12384,"Gutierrez, Jacquelyn","Gutierrez, Jacquelyn",Individual,Bachelors,Skilled Manual
1387,12386,"Perry, Katherine","Perry, Katherine",Individual,Partial High School,Manual
1389,12388,"Kumar, Casey","Kumar, Casey",Individual,High School,Manual
1391,12390,"Martinez, Denise","Martinez, Denise",Individual,Partial College,Clerical
1397,12396,"Yang, Susan","Yang, Susan",Individual,High School,Manual
1398,12397,"Chapman, Shaun","Chapman, Shaun",Individual,Partial College,Clerical
1400,12399,"Chapman, Henry","Chapman, Henry",Individual,Partial College,Clerical
1401,12400,"Martin, Andy","Martin, Andy",Individual,Partial College,Clerical
1402,12401,"Rivera, Kimberly","Rivera, Kimberly",Individual,Partial College,Clerical
1407,12406,"Gutierrez, Ross","Gutierrez, Ross",Individual,Graduate Degree,Skilled Manual
1408,12407,"Raji, Shawn","Raji, Shawn",Individual,Graduate Degree,Skilled Manual
1409,12408,"Lu, Jon","Lu, Jon",Individual,Graduate Degree,Skilled Manual
1410,12409,"Hill, Savannah","Hill, Savannah",Individual,Partial College,Clerical
1411,12410,"Richardson, Mariah","Richardson, Mariah",Individual,Partial College,Clerical
1412,12411,"Alexander, Kevin","Alexander, Kevin",Individual,Partial College,Clerical
1413,12412,"Wright, Mackenzie","Wright, Mackenzie",Individual,Graduate Degree,Skilled Manual
1414,12413,"Gonzales, James","Gonzales, James",Individual,Graduate Degree,Skilled Manual
1415,12414,"Lal, Ethan","Lal, Ethan",Individual,Graduate Degree,Skilled Manual
1416,12415,"Richardson, Brianna","Richardson, Brianna",Individual,Graduate Degree,Skilled Manual
1417,12416,"Martinez, Veronica","Martinez, Veronica",Individual,Graduate Degree,Skilled Manual
1418,12417,"Bryant, Alexis","Bryant, Alexis",Individual,Graduate Degree,Skilled Manual
1419,12418,"Hernandez, Robert","Hernandez, Robert",Individual,High School,Manual
1420,12419,"Bell, Destiny","Bell, Destiny",Individual,Bachelors,Skilled Manual
1421,12420,"Hayes, Spencer","Hayes, Spencer",Individual,Bachelors,Skilled Manual
1422,12421,"Hughes, Cameron","Hughes, Cameron",Individual,Bachelors,Skilled Manual
1423,12422,"Evans, Hailey","Evans, Hailey",Individual,Bachelors,Skilled Manual
1424,12423,"Thompson, Sarah","Thompson, Sarah",Individual,Partial High School,Clerical
1425,12424,"Mitchell, Rebecca","Mitchell, Rebecca",Individual,High School,Manual
1426,12425,"White, Brandon","White, Brandon",Individual,High School,Clerical
1427,12426,"Cox, Cody","Cox, Cody",Individual,Partial College,Clerical
1428,12427,"Stewart, Kimberly","Stewart, Kimberly",Individual,Partial College,Clerical
1429,12428,"Morris, Sean","Morris, Sean",Individual,Partial College,Clerical
1430,12429,"Black, Melvin","Black, Melvin",Individual,Partial College,Clerical
1433,12432,"Clark, Nathan","Clark, Nathan",Individual,Partial College,Clerical
1434,12433,"Price, Antonio","Price, Antonio",Individual,Partial College,Clerical
1435,12434,"Kumar, Thomas","Kumar, Thomas",Individual,Partial College,Clerical
1436,12435,"Zhou, Christy","Zhou, Christy",Individual,Partial College,Clerical
1437,12436,"Diaz, Albert","Diaz, Albert",Individual,Partial College,Clerical
1438,12437,"Young, Jeremy","Young, Jeremy",Individual,Partial College,Clerical
1439,12438,"Rogers, Bailey","Rogers, Bailey",Individual,Graduate Degree,Skilled Manual
1440,12439,"Bennett, Megan","Bennett, Megan",Individual,Partial College,Clerical
1441,12440,"Chandra, Francisco","Chandra, Francisco",Individual,Partial College,Clerical
1442,12441,"Simmons, Trevor","Simmons, Trevor",Individual,Partial College,Clerical
1443,12442,"Richardson, Allison","Richardson, Allison",Individual,Partial College,Clerical
1444,12443,"James, Garrett","James, Garrett",Individual,Partial College,Clerical
1446,12445,"Taylor, Cameron","Taylor, Cameron",Individual,Partial College,Clerical
1447,12446,"Hall, Jasmine","Hall, Jasmine",Individual,Partial College,Clerical
1449,12448,"Cox, Hailey","Cox, Hailey",Individual,Graduate Degree,Skilled Manual
1451,12450,"Cook, Cody","Cook, Cody",Individual,Graduate Degree,Skilled Manual
1453,12452,"Sanchez, Sean","Sanchez, Sean",Individual,Graduate Degree,Skilled Manual
1454,12453,"Bennett, Madison","Bennett, Madison",Individual,Graduate Degree,Skilled Manual
1455,12454,"Griffin, Samuel","Griffin, Samuel",Individual,Graduate Degree,Skilled Manual
1456,12455,"Lewis, Benjamin","Lewis, Benjamin",Individual,Graduate Degree,Skilled Manual
1457,12456,"Chen, Thomas","Chen, Thomas",Individual,Graduate Degree,Skilled Manual
1458,12457,"Rai, Misty","Rai, Misty",Individual,Graduate Degree,Skilled Manual
1459,12458,"Sanchez, Veronica","Sanchez, Veronica",Individual,Bachelors,Clerical
1462,12461,"Suri, Ruth","Suri, Ruth",Individual,Graduate Degree,Clerical
1463,12462,"Suri, Levi","Suri, Levi",Individual,Graduate Degree,Clerical
1470,12469,"Srini, Shane","Srini, Shane",Individual,High School,Manual
1471,12470,"He, Barbara","He, Barbara",Individual,High School,Manual
1472,12471,"Zeng, Lacey","Zeng, Lacey",Individual,Bachelors,Clerical
1476,12475,"Carter, Logan","Carter, Logan",Individual,Partial High School,Manual
1479,12478,"Mehta, Ruben","Mehta, Ruben",Individual,High School,Manual
1480,12479,"Tang, Priscilla","Tang, Priscilla",Individual,Bachelors,Skilled Manual
1482,12481,"Diaz, Victor","Diaz, Victor",Individual,Partial High School,Manual
1485,12484,"Suarez, Lori","Suarez, Lori",Individual,High School,Manual
1488,12487,"Zhu, Willie","Zhu, Willie",Individual,High School,Manual
1494,12493,"Vazquez, Dwayne","Vazquez, Dwayne",Individual,Bachelors,Professional
1496,12495,"Miller, Lucas","Miller, Lucas",Individual,Partial College,Clerical
1498,12497,"Kumar, Ashlee","Kumar, Ashlee",Individual,Bachelors,Skilled Manual
1499,12498,"Diaz, Eduardo","Diaz, Eduardo",Individual,Bachelors,Skilled Manual
1500,12499,"Wang, Heather","Wang, Heather",Individual,High School,Manual
1501,12500,"Vazquez, Kathleen","Vazquez, Kathleen",Individual,Partial College,Clerical
1502,12501,"Sai, Cory","Sai, Cory",Individual,Partial College,Clerical
1508,12507,"Bell, Ian","Bell, Ian",Individual,Partial College,Clerical
1513,12512,"Gomez, Carolyn","Gomez, Carolyn",Individual,Partial College,Clerical
1517,12516,"Chander, Shawna","Chander, Shawna",Individual,Partial College,Clerical
1518,12517,"Watson, Alexa","Watson, Alexa",Individual,Partial College,Clerical
1519,12518,"Dominguez, Jacquelyn","Dominguez, Jacquelyn",Individual,Partial College,Clerical
1522,12521,"Dominguez, Meredith","Dominguez, Meredith",Individual,Partial High School,Manual
1528,12527,"Rodriguez, José","Rodriguez, José",Individual,Graduate Degree,Skilled Manual
1529,12528,"Wilson, Devin","Wilson, Devin",Individual,Graduate Degree,Skilled Manual
1530,12529,"Allen, Isaiah","Allen, Isaiah",Individual,Graduate Degree,Skilled Manual
1532,12531,"Xu, Autumn","Xu, Autumn",Individual,Partial College,Clerical
1534,12533,"Washington, Luis","Washington, Luis",Individual,Graduate Degree,Management
1536,12535,"Kapoor, Clifford","Kapoor, Clifford",Individual,Bachelors,Manual
1537,12536,"Dominguez, Javier","Dominguez, Javier",Individual,Bachelors,Manual
1539,12538,"Blanco, Paula","Blanco, Paula",Individual,Graduate Degree,Clerical
1545,12544,"Jordan, Bruce","Jordan, Bruce",Individual,Bachelors,Manual
1547,12546,"Andersen, Clarence","Andersen, Clarence",Individual,Bachelors,Clerical
1549,12548,"Collins, Alexandra","Collins, Alexandra",Individual,Partial College,Manual
1557,12556,"Kapoor, Manuel","Kapoor, Manuel",Individual,Bachelors,Clerical
1559,12558,"Evans, Amanda","Evans, Amanda",Individual,Bachelors,Clerical
1592,12591,"Madan, Meredith","Madan, Meredith",Individual,Graduate Degree,Clerical
1601,12600,"Romero, Larry","Romero, Larry",Individual,Graduate Degree,Clerical
1605,12604,"Lee, Nathan","Lee, Nathan",Individual,Bachelors,Clerical
1606,12605,"Cooper, Carol","Cooper, Carol",Individual,Bachelors,Clerical
1617,12616,"Tang, Kelsey","Tang, Kelsey",Individual,Partial College,Manual
1618,12617,"Ma, Jake","Ma, Jake",Individual,Partial College,Manual
1625,12624,"Xu, Jamie","Xu, Jamie",Individual,Partial College,Manual
1630,12629,"Nara, Russell","Nara, Russell",Individual,Partial College,Manual
1637,12636,"Salah, Tamer","Salah, Tamer",Individual,Bachelors,Management
1639,12638,"Brooks, Sebastian","Brooks, Sebastian",Individual,Partial College,Professional
1644,12643,"Perez, Kristina","Perez, Kristina",Individual,Bachelors,Management
1647,12646,"Xu, Kenneth","Xu, Kenneth",Individual,High School,Professional
1658,12657,"Blanco, Audrey","Blanco, Audrey",Individual,High School,Management
1710,12709,"Rodriguez, Ian","Rodriguez, Ian",Individual,Bachelors,Management
1713,12712,"Romero, Arthur","Romero, Arthur",Individual,Partial High School,Manual
1714,12713,"Xie, Deborah","Xie, Deborah",Individual,Partial High School,Manual
1715,12714,"Lu, Colleen","Lu, Colleen",Individual,Partial College,Clerical
1722,12721,"Martinez, Rebekah","Martinez, Rebekah",Individual,Partial College,Clerical
1723,12722,"Gomez, Latasha","Gomez, Latasha",Individual,Partial High School,Manual
1725,12724,"Martin, Eddie","Martin, Eddie",Individual,Partial High School,Manual
1726,12725,"James, Gabrielle","James, Gabrielle",Individual,Partial High School,Manual
1727,12726,"Goel, Kurt","Goel, Kurt",Individual,Partial High School,Manual
1729,12728,"Stewart, Jeremiah","Stewart, Jeremiah",Individual,Partial College,Clerical
1732,12731,"Murphy, Steven","Murphy, Steven",Individual,High School,Manual
1736,12735,"Mehta, Donald","Mehta, Donald",Individual,Partial High School,Manual
1737,12736,"Ruiz, Diana","Ruiz, Diana",Individual,Partial High School,Manual
1739,12738,"Rubio, Melinda","Rubio, Melinda",Individual,Bachelors,Skilled Manual
1742,12741,"Sam, Raymond","Sam, Raymond",Individual,High School,Manual
1743,12742,"Martinez, Samantha","Martinez, Samantha",Individual,Partial College,Clerical
1748,12747,"Hu, Colleen","Hu, Colleen",Individual,Partial High School,Manual
1752,12751,"Xu, Priscilla","Xu, Priscilla",Individual,Partial College,Clerical
1758,12757,"Ramirez, Sara","Ramirez, Sara",Individual,Partial College,Clerical
1759,12758,"Ramirez, Stephanie","Ramirez, Stephanie",Individual,Bachelors,Skilled Manual
1760,12759,"Sanders, Jada","Sanders, Jada",Individual,Graduate Degree,Skilled Manual
1762,12761,"Richardson, Alexandra","Richardson, Alexandra",Individual,Graduate Degree,Skilled Manual
1763,12762,"Smith, Jonathan","Smith, Jonathan",Individual,Bachelors,Skilled Manual
1765,12764,"Harris, Alexandra","Harris, Alexandra",Individual,Partial College,Clerical
1767,12766,"Bryant, Jordyn","Bryant, Jordyn",Individual,Partial High School,Clerical
1768,12767,"Robinson, Christopher","Robinson, Christopher",Individual,High School,Clerical
1769,12768,"Chapman, Johnathan","Chapman, Johnathan",Individual,High School,Clerical
1770,12769,"Zhang, Thomas","Zhang, Thomas",Individual,Partial College,Clerical
1771,12770,"Evans, Charles","Evans, Charles",Individual,Partial College,Clerical
1772,12771,"Thomas, Morgan","Thomas, Morgan",Individual,Partial College,Clerical
1773,12772,"Clark, Abigail","Clark, Abigail",Individual,Partial College,Clerical
1774,12773,"Taylor, Samantha","Taylor, Samantha",Individual,Partial College,Clerical
1775,12774,"Gao, Kristen","Gao, Kristen",Individual,Partial College,Clerical
1776,12775,"Griffin, Connor","Griffin, Connor",Individual,Partial College,Clerical
1777,12776,"Campbell, Blake","Campbell, Blake",Individual,Graduate Degree,Skilled Manual
1778,12777,"Anderson, Joseph","Anderson, Joseph",Individual,Partial College,Clerical
1779,12778,"Morgan, Connie","Morgan, Connie",Individual,Partial College,Clerical
1780,12779,"Rogers, Mason","Rogers, Mason",Individual,Partial College,Clerical
1790,12789,"Zeng, Jamie","Zeng, Jamie",Individual,Partial College,Clerical
1791,12790,"Kumar, Brandon","Kumar, Brandon",Individual,Graduate Degree,Skilled Manual
1792,12791,"Foster, Angelica","Foster, Angelica",Individual,Graduate Degree,Skilled Manual
1793,12792,"White, Blake","White, Blake",Individual,Graduate Degree,Skilled Manual
1794,12793,"Guo, Jessie","Guo, Jessie",Individual,Graduate Degree,Skilled Manual
1795,12794,"Jackson, Megan","Jackson, Megan",Individual,Graduate Degree,Skilled Manual
1797,12796,"Zhang, Jason","Zhang, Jason",Individual,Graduate Degree,Skilled Manual
1798,12797,"Howard, Patrick","Howard, Patrick",Individual,Graduate Degree,Skilled Manual
1800,12799,"Chandra, George","Chandra, George",Individual,Bachelors,Clerical
1801,12800,"Chen, Lacey","Chen, Lacey",Individual,Bachelors,Clerical
1802,12801,"Browning, Melody","Browning, Melody",Individual,Bachelors,Clerical
1803,12802,"Sun, Alan","Sun, Alan",Individual,Bachelors,Clerical
1807,12806,"Zeng, Ronnie","Zeng, Ronnie",Individual,Graduate Degree,Clerical
1808,12807,"Kumar, Nina","Kumar, Nina",Individual,Graduate Degree,Clerical
1810,12809,"Navarro, Michele","Navarro, Michele",Individual,Partial College,Manual
1811,12810,"Stewart, Chase","Stewart, Chase",Individual,Bachelors,Clerical
1812,12811,"Serrano, Marc","Serrano, Marc",Individual,Partial College,Manual
1814,12813,"Ramos, Reginald","Ramos, Reginald",Individual,Bachelors,Clerical
1815,12814,"Sharma, Casey","Sharma, Casey",Individual,Bachelors,Clerical
1816,12815,"Mehta, Dominique","Mehta, Dominique",Individual,Bachelors,Clerical
1817,12816,"Mehta, Tammy","Mehta, Tammy",Individual,Partial High School,Manual
1823,12822,"James, Alexandra","James, Alexandra",Individual,Bachelors,Clerical
1826,12825,"Hu, Kelvin","Hu, Kelvin",Individual,Bachelors,Skilled Manual
1827,12826,"Gonzalez, Caleb","Gonzalez, Caleb",Individual,Partial High School,Manual
1828,12827,"Raje, Nicolas","Raje, Nicolas",Individual,High School,Manual
1829,12828,"Rubio, Carol","Rubio, Carol",Individual,Partial High School,Manual
1830,12829,"Li, Micah","Li, Micah",Individual,High School,Manual
1832,12831,"Lal, Kathryn","Lal, Kathryn",Individual,High School,Manual
1833,12832,"Prasad, Douglas","Prasad, Douglas",Individual,High School,Manual
1834,12833,"Goel, Sheena","Goel, Sheena",Individual,High School,Manual
1836,12835,"Yuan, Karl","Yuan, Karl",Individual,Partial High School,Manual
1838,12837,"Anderson, Nicole","Anderson, Nicole",Individual,Partial College,Manual
1839,12838,"Beck, Ralph","Beck, Ralph",Individual,Bachelors,Professional
1845,12844,"Gonzalez, Gerald","Gonzalez, Gerald",Individual,Bachelors,Skilled Manual
1846,12845,"Torres, Angela","Torres, Angela",Individual,Bachelors,Skilled Manual
1847,12846,"Nara, Bridget","Nara, Bridget",Individual,Partial College,Clerical
1851,12850,"Raji, Johnny","Raji, Johnny",Individual,High School,Manual
1853,12852,"Carlson, Teresa","Carlson, Teresa",Individual,Partial College,Clerical
1859,12858,"Mehta, Adriana","Mehta, Adriana",Individual,Partial College,Clerical
1864,12863,"Zhang, Caleb","Zhang, Caleb",Individual,Partial College,Clerical
1868,12867,"Ye, Laura","Ye, Laura",Individual,Partial High School,Manual
1871,12870,"Munoz, Tyrone","Munoz, Tyrone",Individual,Partial High School,Manual
1873,12872,"Hughes, Olivia","Hughes, Olivia",Individual,Partial College,Clerical
1876,12875,"Ross, Brianna","Ross, Brianna",Individual,Graduate Degree,Skilled Manual
1877,12876,"Robinson, Blake","Robinson, Blake",Individual,Graduate Degree,Skilled Manual
1878,12877,"Williams, Alexander","Williams, Alexander",Individual,Graduate Degree,Skilled Manual
1879,12878,"Sun, Gilbert","Sun, Gilbert",Individual,High School,Skilled Manual
1880,12879,"Nelson, Elijah","Nelson, Elijah",Individual,Graduate Degree,Skilled Manual
1882,12881,"Edwards, Isabella","Edwards, Isabella",Individual,Graduate Degree,Skilled Manual
1883,12882,"Allen, Eduardo","Allen, Eduardo",Individual,Graduate Degree,Skilled Manual
1884,12883,"Bailey, Stephanie","Bailey, Stephanie",Individual,Graduate Degree,Skilled Manual
1885,12884,"Williams, Megan","Williams, Megan",Individual,Graduate Degree,Skilled Manual
1886,12885,"Anderson, Jonathan","Anderson, Jonathan",Individual,Graduate Degree,Skilled Manual
1887,12886,"Long, Jocelyn","Long, Jocelyn",Individual,Graduate Degree,Skilled Manual
1888,12887,"Pal, Brendan","Pal, Brendan",Individual,Graduate Degree,Skilled Manual
1889,12888,"Barnes, Melissa","Barnes, Melissa",Individual,Graduate Degree,Skilled Manual
1890,12889,"Adams, James","Adams, James",Individual,Graduate Degree,Skilled Manual
1891,12890,"Thorpe, Steven","Thorpe, Steven",Individual,Graduate Degree,Skilled Manual
1892,12891,"King, Kaylee","King, Kaylee",Individual,Graduate Degree,Skilled Manual
1894,12893,"Foster, Brittany","Foster, Brittany",Individual,Graduate Degree,Professional
1895,12894,"Walker, Natalie","Walker, Natalie",Individual,Graduate Degree,Professional
1897,12896,"Wood, Victoria","Wood, Victoria",Individual,Bachelors,Skilled Manual
1898,12897,"Wilson, Alyssa","Wilson, Alyssa",Individual,Bachelors,Skilled Manual
1899,12898,"Campbell, Madeline","Campbell, Madeline",Individual,Bachelors,Skilled Manual
1900,12899,"Ross, Ana","Ross, Ana",Individual,Bachelors,Skilled Manual
1901,12900,"Ward, Carlos","Ward, Carlos",Individual,Graduate Degree,Professional
1902,12901,"Adams, Robert","Adams, Robert",Individual,Bachelors,Skilled Manual
1905,12904,"Jai, Thomas","Jai, Thomas",Individual,Bachelors,Skilled Manual
1906,12905,"Sanchez, Alexandra","Sanchez, Alexandra",Individual,Graduate Degree,Professional
1907,12906,"Ramos, Philip","Ramos, Philip",Individual,Graduate Degree,Professional
1908,12907,"Bryant, Julia","Bryant, Julia",Individual,Graduate Degree,Professional
1909,12908,"Clark, Tyler","Clark, Tyler",Individual,Graduate Degree,Professional
1910,12909,"Shan, Kelsey","Shan, Kelsey",Individual,Graduate Degree,Professional
1922,12921,"Lee, Wyatt","Lee, Wyatt",Individual,Bachelors,Skilled Manual
1923,12922,"Sanders, Jennifer","Sanders, Jennifer",Individual,Bachelors,Skilled Manual
1924,12923,"Wright, Fernando","Wright, Fernando",Individual,Bachelors,Skilled Manual
1925,12924,"Chande, Devon","Chande, Devon",Individual,Bachelors,Skilled Manual
1926,12925,"Blue, Mackenzie","Blue, Mackenzie",Individual,Graduate Degree,Professional
1927,12926,"Murphy, Sara","Murphy, Sara",Individual,Graduate Degree,Professional
1930,12929,"Bryant, Vanessa","Bryant, Vanessa",Individual,Graduate Degree,Professional
1931,12930,"Harris, Grace","Harris, Grace",Individual,Graduate Degree,Professional
1932,12931,"Fernandez, Ann","Fernandez, Ann",Individual,Graduate Degree,Professional
1933,12932,"Johnson, Tyler","Johnson, Tyler",Individual,Graduate Degree,Professional
1934,12933,"Hall, Jonathan","Hall, Jonathan",Individual,Graduate Degree,Professional
1935,12934,"Foster, Jason","Foster, Jason",Individual,Graduate Degree,Professional
1936,12935,"Hill, Robert","Hill, Robert",Individual,Graduate Degree,Professional
1938,12937,"Wilson, Megan","Wilson, Megan",Individual,Bachelors,Professional
1939,12938,"Parker, Edward","Parker, Edward",Individual,Bachelors,Professional
1941,12940,"Rogers, Steven","Rogers, Steven",Individual,Bachelors,Skilled Manual
1942,12941,"Morgan, Maria","Morgan, Maria",Individual,Bachelors,Skilled Manual
1943,12942,"Harris, Morgan","Harris, Morgan",Individual,Bachelors,Skilled Manual
1944,12943,"Perez, Caleb","Perez, Caleb",Individual,Bachelors,Skilled Manual
1947,12946,"Allen, Seth","Allen, Seth",Individual,Graduate Degree,Professional
1948,12947,"Sanchez, Isaiah","Sanchez, Isaiah",Individual,Bachelors,Professional
1949,12948,"Kumar, Adam","Kumar, Adam",Individual,Bachelors,Skilled Manual
1950,12949,"Rivera, Morgan","Rivera, Morgan",Individual,Bachelors,Skilled Manual
1951,12950,"Adams, Mary","Adams, Mary",Individual,Bachelors,Skilled Manual
1952,12951,"Simmons, Blake","Simmons, Blake",Individual,Bachelors,Professional
1953,12952,"Hughes, Jennifer","Hughes, Jennifer",Individual,Bachelors,Professional
1954,12953,"Cooper, Catherine","Cooper, Catherine",Individual,Graduate Degree,Professional
1955,12954,"Diaz, Pedro","Diaz, Pedro",Individual,Bachelors,Professional
1956,12955,"Hernandez, Theresa","Hernandez, Theresa",Individual,Bachelors,Professional
1957,12956,"Sun, Marshall","Sun, Marshall",Individual,Bachelors,Professional
1958,12957,"Lopez, Isabella","Lopez, Isabella",Individual,Bachelors,Professional
1959,12958,"Campbell, Jennifer","Campbell, Jennifer",Individual,Bachelors,Professional
1961,12960,"Lewis, Ashley","Lewis, Ashley",Individual,Bachelors,Professional
1962,12961,"Murphy, Kimberly","Murphy, Kimberly",Individual,Partial College,Skilled Manual
1963,12962,"Edwards, Jennifer","Edwards, Jennifer",Individual,Partial College,Skilled Manual
1964,12963,"Anderson, Marcus","Anderson, Marcus",Individual,Partial College,Skilled Manual
1966,12965,"Bell, Cody","Bell, Cody",Individual,High School,Skilled Manual
1967,12966,"Zhu, Dennis","Zhu, Dennis",Individual,High School,Skilled Manual
1968,12967,"Rodriguez, Fernando","Rodriguez, Fernando",Individual,High School,Skilled Manual
1969,12968,"Butler, Paige","Butler, Paige",Individual,Partial College,Skilled Manual
1972,12971,"Nara, Carl","Nara, Carl",Individual,Bachelors,Professional
1974,12973,"Howard, Adrian","Howard, Adrian",Individual,Partial College,Skilled Manual
1975,12974,"Gill, Marc","Gill, Marc",Individual,Graduate Degree,Professional
1976,12975,"Wilson, Marcus","Wilson, Marcus",Individual,Graduate Degree,Professional
1977,12976,"Thompson, Hunter","Thompson, Hunter",Individual,Graduate Degree,Professional
1978,12977,"Johnson, Destiny","Johnson, Destiny",Individual,Graduate Degree,Professional
1979,12978,"James, Danielle","James, Danielle",Individual,High School,Skilled Manual
1980,12979,"Ward, Christina","Ward, Christina",Individual,Partial College,Skilled Manual
1981,12980,"Moyer, Max","Moyer, Max",Individual,Graduate Degree,Professional
1982,12981,"Sanz, Joe","Sanz, Joe",Individual,Graduate Degree,Professional
1983,12982,"Patterson, Brittany","Patterson, Brittany",Individual,Partial College,Skilled Manual
1984,12983,"Carter, Gabriella","Carter, Gabriella",Individual,Bachelors,Professional
1986,12985,"Roberts, Hailey","Roberts, Hailey",Individual,Graduate Degree,Professional
2015,13014,"Clark, James","Clark, James",Individual,Bachelors,Management
2016,13015,"Parker, Rebecca","Parker, Rebecca",Individual,Bachelors,Management
2017,13016,"Bryant, Antonio","Bryant, Antonio",Individual,Graduate Degree,Management
2018,13017,"Alexander, Xavier","Alexander, Xavier",Individual,Partial College,Skilled Manual
2020,13019,"Murphy, Destiny","Murphy, Destiny",Individual,Partial College,Skilled Manual
2029,13028,"Thompson, Dalton","Thompson, Dalton",Individual,Partial College,Skilled Manual
2030,13029,"Foster, Jennifer","Foster, Jennifer",Individual,Partial College,Skilled Manual
2031,13030,"Lopez, Sophia","Lopez, Sophia",Individual,Partial College,Skilled Manual
2032,13031,"Shan, Hunter","Shan, Hunter",Individual,Partial College,Skilled Manual
2033,13032,"Baker, Kevin","Baker, Kevin",Individual,Partial College,Skilled Manual
2040,13039,"Ma, Trisha","Ma, Trisha",Individual,Partial College,Skilled Manual
2056,13055,"Gray, Patrick","Gray, Patrick",Individual,High School,Skilled Manual
2057,13056,"Blue, Morgan","Blue, Morgan",Individual,High School,Skilled Manual
2058,13057,"Powell, Destiny","Powell, Destiny",Individual,High School,Skilled Manual
2059,13058,"Huang, Ramon","Huang, Ramon",Individual,High School,Skilled Manual
2060,13059,"Deng, Keith","Deng, Keith",Individual,High School,Skilled Manual
2061,13060,"Zhu, Eugene","Zhu, Eugene",Individual,High School,Skilled Manual
2067,13066,"Perry, Carson","Perry, Carson",Individual,High School,Skilled Manual
2068,13067,"Garcia, Olivia","Garcia, Olivia",Individual,High School,Skilled Manual
2069,13068,"Morris, Alexandria","Morris, Alexandria",Individual,High School,Skilled Manual
2070,13069,"Green, Adam","Green, Adam",Individual,High School,Skilled Manual
2071,13070,"Clark, Emma","Clark, Emma",Individual,Partial College,Skilled Manual
2073,13072,"Rogers, Emma","Rogers, Emma",Individual,Partial College,Professional
2074,13073,"Lopez, Sydney","Lopez, Sydney",Individual,Partial College,Professional
2075,13074,"Hughes, Grace","Hughes, Grace",Individual,Partial College,Professional
2084,13083,"Butler, Jordyn","Butler, Jordyn",Individual,Partial College,Professional
2086,13085,"Harris, Daniel","Harris, Daniel",Individual,Partial High School,Skilled Manual
2087,13086,"Nelson, Blake","Nelson, Blake",Individual,Partial College,Professional
2088,13087,"Collins, Jeremy","Collins, Jeremy",Individual,Partial College,Professional
2089,13088,"Powell, Megan","Powell, Megan",Individual,Partial College,Professional
2093,13092,"Walker, William","Walker, William",Individual,Graduate Degree,Management
2148,13147,"Lin, Cedric","Lin, Cedric",Individual,High School,Skilled Manual
2168,13167,"Tang, Mario","Tang, Mario",Individual,Partial College,Skilled Manual
2169,13168,"Price, Hannah","Price, Hannah",Individual,Partial College,Skilled Manual
2171,13170,"Reed, Sebastian","Reed, Sebastian",Individual,Bachelors,Management
2172,13171,"Torres, Catherine","Torres, Catherine",Individual,Bachelors,Management
2173,13172,"Cook, Isabella","Cook, Isabella",Individual,Bachelors,Management
2174,13173,"Brooks, Dalton","Brooks, Dalton",Individual,Bachelors,Management
2175,13174,"Morris, Gabriella","Morris, Gabriella",Individual,Bachelors,Management
2177,13176,"Chander, Kurt","Chander, Kurt",Individual,Graduate Degree,Management
2178,13177,"Rogers, Taylor","Rogers, Taylor",Individual,Partial College,Skilled Manual
2179,13178,"Gray, Megan","Gray, Megan",Individual,Bachelors,Management
2181,13180,"Sanz, Leslie","Sanz, Leslie",Individual,Bachelors,Management
2182,13181,"Morgan, Brian","Morgan, Brian",Individual,Bachelors,Management
2183,13182,"Bennett, Jeremy","Bennett, Jeremy",Individual,Bachelors,Management
2184,13183,"Jenkins, Christian","Jenkins, Christian",Individual,Bachelors,Management
2185,13184,"Perez, Miguel","Perez, Miguel",Individual,Bachelors,Management
2187,13186,"Sanders, Marcus","Sanders, Marcus",Individual,Graduate Degree,Management
2188,13187,"Wright, Evan","Wright, Evan",Individual,Graduate Degree,Management
2189,13188,"Davis, Anthony","Davis, Anthony",Individual,Graduate Degree,Management
2190,13189,"Romero, Gloria","Romero, Gloria",Individual,Graduate Degree,Management
2191,13190,"Diaz, Jonathan","Diaz, Jonathan",Individual,Graduate Degree,Management
2192,13191,"Rodriguez, Emma","Rodriguez, Emma",Individual,Bachelors,Management
2193,13192,"Martinez, Hunter","Martinez, Hunter",Individual,Bachelors,Management
2194,13193,"Evans, Kevin","Evans, Kevin",Individual,Bachelors,Management
2195,13194,"Carter, Kevin","Carter, Kevin",Individual,Bachelors,Management
2196,13195,"Perry, Aaron","Perry, Aaron",Individual,Bachelors,Management
2197,13196,"Sanders, Kimberly","Sanders, Kimberly",Individual,Bachelors,Management
2201,13200,"Miller, Jessica","Miller, Jessica",Individual,Bachelors,Management
2203,13202,"Romero, Natasha","Romero, Natasha",Individual,Bachelors,Management
2204,13203,"Bell, Bailey","Bell, Bailey",Individual,Bachelors,Management
2211,13210,"Simmons, Ethan","Simmons, Ethan",Individual,Bachelors,Management
2212,13211,"Jai, James","Jai, James",Individual,Bachelors,Management
2213,13212,"Phillips, Logan","Phillips, Logan",Individual,Bachelors,Management
2214,13213,"King, Courtney","King, Courtney",Individual,Bachelors,Management
2215,13214,"Adams, Elijah","Adams, Elijah",Individual,Bachelors,Management
2216,13215,"Sharma, Colleen","Sharma, Colleen",Individual,Bachelors,Management
2229,13228,"Sanchez, Thomas","Sanchez, Thomas",Individual,Bachelors,Management
2230,13229,"Wang, Dylan","Wang, Dylan",Individual,Bachelors,Management
2231,13230,"Bryant, Chloe","Bryant, Chloe",Individual,Bachelors,Management
2233,13232,"Baker, Kaitlyn","Baker, Kaitlyn",Individual,Partial College,Professional
2234,13233,"Coleman, Richard","Coleman, Richard",Individual,Partial College,Professional
2235,13234,"Lewis, Robert","Lewis, Robert",Individual,Partial College,Professional
2236,13235,"Robinson, Jonathan","Robinson, Jonathan",Individual,Partial College,Professional
2237,13236,"Wang, Robert","Wang, Robert",Individual,Partial College,Professional
2238,13237,"Stewart, Devin","Stewart, Devin",Individual,Bachelors,Management
2239,13238,"Williams, John","Williams, John",Individual,Bachelors,Management
2241,13240,"Foster, Blake","Foster, Blake",Individual,Bachelors,Management
2243,13242,"Yang, Kyle","Yang, Kyle",Individual,Partial College,Professional
2244,13243,"Davis, Alyssa","Davis, Alyssa",Individual,High School,Professional
2245,13244,"Sharma, Jose","Sharma, Jose",Individual,High School,Professional
2246,13245,"Scott, Angel","Scott, Angel",Individual,Partial College,Professional
2247,13246,"Perez, Hailey","Perez, Hailey",Individual,High School,Professional
2248,13247,"Chen, Zachary","Chen, Zachary",Individual,High School,Professional
2249,13248,"Martinez, Isabella","Martinez, Isabella",Individual,High School,Professional
2251,13250,"King, Jordan","King, Jordan",Individual,Partial College,Professional
2256,13255,"Blanco, Lance","Blanco, Lance",Individual,Partial College,Professional
2257,13256,"Subram, Abby","Subram, Abby",Individual,Partial College,Professional
2258,13257,"Chander, Jon","Chander, Jon",Individual,Partial College,Professional
2259,13258,"Dominguez, Anne","Dominguez, Anne",Individual,Partial College,Professional
2260,13259,"Garcia, Allen","Garcia, Allen",Individual,Partial College,Professional
2261,13260,"Flores, James","Flores, James",Individual,Partial College,Professional
2262,13261,"Andersen, Lindsey","Andersen, Lindsey",Individual,Partial College,Professional
2265,13264,"Sanchez, Melanie","Sanchez, Melanie",Individual,High School,Professional
2266,13265,"Adams, Luke","Adams, Luke",Individual,High School,Professional
2267,13266,"Wang, Samuel","Wang, Samuel",Individual,Partial College,Professional
2270,13269,"Martin, Rachel","Martin, Rachel",Individual,Graduate Degree,Management
2273,13272,"Gonzalez, Jordan","Gonzalez, Jordan",Individual,Graduate Degree,Management
2274,13273,"Lee, Elizabeth","Lee, Elizabeth",Individual,Graduate Degree,Management
2275,13274,"Lee, Joshua","Lee, Joshua",Individual,Partial College,Professional
2276,13275,"Murphy, Carlos","Murphy, Carlos",Individual,Bachelors,Management
2277,13276,"Johnson, Sarah","Johnson, Sarah",Individual,Bachelors,Management
2278,13277,"Brown, Nathan","Brown, Nathan",Individual,Partial College,Professional
2279,13278,"Hu, Jorge","Hu, Jorge",Individual,Bachelors,Management
2280,13279,"Howard, Rachel","Howard, Rachel",Individual,Graduate Degree,Management
2281,13280,"Adams, Bailey","Adams, Bailey",Individual,Partial College,Professional
2282,13281,"Li, Brent","Li, Brent",Individual,Bachelors,Management
2283,13282,"Price, Madison","Price, Madison",Individual,Partial College,Professional
2284,13283,"Griffin, Dakota","Griffin, Dakota",Individual,Partial College,Professional
2287,13286,"Rodriguez, Hannah","Rodriguez, Hannah",Individual,Partial College,Professional
2288,13287,"Rodriguez, Brandon","Rodriguez, Brandon",Individual,Bachelors,Management
2289,13288,"Lopez, Jackson","Lopez, Jackson",Individual,Partial College,Professional
2294,13293,"Lu, Barbara","Lu, Barbara",Individual,Bachelors,Management
2295,13294,"Hughes, Cassidy","Hughes, Cassidy",Individual,Partial College,Professional
2296,13295,"Jackson, Jasmine","Jackson, Jasmine",Individual,High School,Professional
2297,13296,"Anderson, Seth","Anderson, Seth",Individual,Bachelors,Management
2298,13297,"Rubio, Arthur","Rubio, Arthur",Individual,Partial College,Professional
2299,13298,"Harris, Anna","Harris, Anna",Individual,Bachelors,Management
2300,13299,"Ross, Vanessa","Ross, Vanessa",Individual,Bachelors,Management
2301,13300,"Hernandez, Timothy","Hernandez, Timothy",Individual,High School,Professional
2302,13301,"Stewart, Angela","Stewart, Angela",Individual,High School,Professional
2303,13302,"Torres, Cole","Torres, Cole",Individual,High School,Professional
2305,13304,"Peterson, Sara","Peterson, Sara",Individual,High School,Professional
2306,13305,"Alexander, Oscar","Alexander, Oscar",Individual,High School,Professional
2307,13306,"Cox, Kaitlyn","Cox, Kaitlyn",Individual,High School,Professional
2308,13307,"Stone, Michelle","Stone, Michelle",Individual,Graduate Degree,Management
2309,13308,"King, Kaitlyn","King, Kaitlyn",Individual,Graduate Degree,Management
2310,13309,"Sanders, Angela","Sanders, Angela",Individual,Bachelors,Management
2311,13310,"Barnes, Miguel","Barnes, Miguel",Individual,Partial College,Professional
2312,13311,"Reed, Isabella","Reed, Isabella",Individual,Partial College,Professional
2313,13312,"Jenkins, Natalie","Jenkins, Natalie",Individual,Partial College,Professional
2314,13313,"Stone, Megan","Stone, Megan",Individual,High School,Professional
2315,13314,"Hernandez, Jordan","Hernandez, Jordan (13314)",Individual,High School,Professional
2316,13315,"Thomas, Lucas","Thomas, Lucas",Individual,Partial High School,Skilled Manual
2317,13316,"Rivera, Angel","Rivera, Angel",Individual,Partial High School,Skilled Manual
2318,13317,"Long, Jeremiah","Long, Jeremiah",Individual,High School,Professional
2320,13319,"Howard, Charles","Howard, Charles",Individual,High School,Professional
2321,13320,"Jones, Jasmine","Jones, Jasmine",Individual,Graduate Degree,Management
2322,13321,"Barnes, Arianna","Barnes, Arianna",Individual,Graduate Degree,Management
2323,13322,"Patterson, Elizabeth","Patterson, Elizabeth",Individual,Graduate Degree,Management
2324,13323,"Adams, Adam","Adams, Adam",Individual,Graduate Degree,Management
2325,13324,"Stiller, Florian","Stiller, Florian",Individual,Bachelors,Management
2326,13325,"Wright, Marcus","Wright, Marcus",Individual,Bachelors,Management
2327,13326,"Fernandez, Bob","Fernandez, Bob",Individual,Bachelors,Management
2328,13327,"Russell, Isabelle","Russell, Isabelle",Individual,Graduate Degree,Management
2330,13329,"Wang, Jake","Wang, Jake",Individual,Bachelors,Management
2332,13331,"Diaz, Lauren","Diaz, Lauren",Individual,Bachelors,Management
2333,13332,"Alonso, Neil","Alonso, Neil",Individual,Bachelors,Management
2334,13333,"Chander, Tara","Chander, Tara",Individual,Bachelors,Management
2335,13334,"Rivera, Melanie","Rivera, Melanie",Individual,Bachelors,Management
2336,13335,"Barnes, Alyssa","Barnes, Alyssa",Individual,Bachelors,Management
2337,13336,"Gill, Deanna","Gill, Deanna",Individual,Graduate Degree,Management
2338,13337,"Cox, Lauren","Cox, Lauren",Individual,Bachelors,Management
2339,13338,"Carter, Jada","Carter, Jada",Individual,Bachelors,Management
2340,13339,"Clark, Nicole","Clark, Nicole",Individual,Bachelors,Management
2341,13340,"Edwards, Natalie","Edwards, Natalie",Individual,Bachelors,Management
2342,13341,"King, Lucas","King, Lucas",Individual,Bachelors,Management
2343,13342,"Jackson, Brandon","Jackson, Brandon",Individual,Bachelors,Management
2345,13344,"Reed, Caitlin","Reed, Caitlin",Individual,Bachelors,Management
2347,13346,"Chande, Gregory","Chande, Gregory",Individual,Bachelors,Management
2348,13347,"Hall, Rachel","Hall, Rachel",Individual,Bachelors,Management
2349,13348,"Young, Noah","Young, Noah",Individual,Bachelors,Management
2350,13349,"Gonzalez, Kaitlyn","Gonzalez, Kaitlyn",Individual,Bachelors,Management
2352,13351,"Cox, Mariah","Cox, Mariah",Individual,Bachelors,Management
2353,13352,"Davis, Joseph","Davis, Joseph",Individual,Bachelors,Management
2354,13353,"Coleman, Jordyn","Coleman, Jordyn",Individual,Graduate Degree,Management
2355,13354,"Campbell, Eric","Campbell, Eric",Individual,Bachelors,Management
2356,13355,"Jai, Jackson","Jai, Jackson",Individual,Bachelors,Management
2357,13356,"Prasad, Stefanie","Prasad, Stefanie",Individual,Bachelors,Management
2358,13357,"Gonzales, Blake","Gonzales, Blake",Individual,Bachelors,Management
2360,13359,"Wood, Ian","Wood, Ian",Individual,Bachelors,Management
2361,13360,"Cook, Jada","Cook, Jada",Individual,Bachelors,Management
2362,13361,"Jai, Cameron","Jai, Cameron",Individual,Bachelors,Management
2363,13362,"Morgan, Destiny","Morgan, Destiny",Individual,Bachelors,Management
2364,13363,"Allen, Sydney","Allen, Sydney",Individual,Bachelors,Management
2365,13364,"Anderson, Natalie","Anderson, Natalie",Individual,Bachelors,Management
2366,13365,"Shan, Luke","Shan, Luke",Individual,Bachelors,Management
2368,13367,"Edwards, Savannah","Edwards, Savannah",Individual,Bachelors,Management
2369,13368,"Henderson, Kyle","Henderson, Kyle",Individual,Bachelors,Management
2370,13369,"Henderson, Mariah","Henderson, Mariah",Individual,Bachelors,Management
2371,13370,"Ross, Blake","Ross, Blake",Individual,Partial College,Professional
2372,13371,"Gonzales, Sydney","Gonzales, Sydney",Individual,Partial College,Professional
2373,13372,"Edwards, Isaac","Edwards, Isaac",Individual,Partial College,Professional
2374,13373,"Murphy, Michelle","Murphy, Michelle",Individual,Partial College,Professional
2375,13374,"Martinez, Marco","Martinez, Marco",Individual,Partial College,Professional
2376,13375,"Kumar, Jason","Kumar, Jason",Individual,Partial College,Professional
2377,13376,"Rai, Jerry","Rai, Jerry",Individual,Partial College,Professional
2378,13377,"Hernandez, Thomas","Hernandez, Thomas",Individual,Bachelors,Management
2379,13378,"Bailey, Alexandra","Bailey, Alexandra",Individual,Partial College,Professional
2380,13379,"Morris, Bailey","Morris, Bailey",Individual,Partial College,Professional
2381,13380,"Scott, Katherine","Scott, Katherine",Individual,Bachelors,Management
2382,13381,"Jenkins, Vanessa","Jenkins, Vanessa",Individual,Bachelors,Management
2383,13382,"Rogers, Richard","Rogers, Richard",Individual,Partial College,Professional
2384,13383,"Wright, Natalie","Wright, Natalie",Individual,Partial College,Professional
2385,13384,"Ashe, Mario","Ashe, Mario",Individual,Partial College,Professional
2386,13385,"Cook, Danielle","Cook, Danielle",Individual,Partial College,Professional
2387,13386,"Patterson, Samuel","Patterson, Samuel",Individual,Partial College,Professional
2388,13387,"Jenkins, Miranda","Jenkins, Miranda",Individual,Partial College,Professional
2389,13388,"Shen, Marshall","Shen, Marshall",Individual,Partial College,Professional
2390,13389,"Thomas, Madison","Thomas, Madison",Individual,Partial College,Professional
2391,13390,"Collins, Julia","Collins, Julia",Individual,Partial College,Professional
2393,13392,"Parker, Hunter","Parker, Hunter",Individual,High School,Professional
2394,13393,"Kumar, Willie","Kumar, Willie",Individual,High School,Professional
2395,13394,"Clark, Matthew","Clark, Matthew",Individual,High School,Professional
2396,13395,"Li, Gabriel","Li, Gabriel",Individual,High School,Professional
2397,13396,"Kumar, David","Kumar, David",Individual,High School,Professional
2398,13397,"Mitchell, Adam","Mitchell, Adam",Individual,Partial College,Professional
2399,13398,"Ross, Logan","Ross, Logan",Individual,Partial College,Professional
2400,13399,"Young, Edward","Young, Edward",Individual,Partial College,Professional
2401,13400,"Thomas, Julia","Thomas, Julia",Individual,Partial College,Professional
2402,13401,"Bradley, Erin","Bradley, Erin",Individual,High School,Professional
2403,13402,"Turner, Gabriel","Turner, Gabriel",Individual,High School,Professional
2404,13403,"Jackson, Jennifer","Jackson, Jennifer",Individual,Partial College,Professional
2407,13406,"Jiménez, Craig","Jiménez, Craig",Individual,Partial College,Professional
2411,13410,"Madan, Jillian","Madan, Jillian",Individual,Partial College,Professional
2414,13413,"Phillips, Fernando","Phillips, Fernando",Individual,Graduate Degree,Management
2415,13414,"Wilson, Miguel","Wilson, Miguel",Individual,Graduate Degree,Management
2416,13415,"Rogers, Marcus","Rogers, Marcus",Individual,Graduate Degree,Management
2417,13416,"Roberts, Richard","Roberts, Richard",Individual,Graduate Degree,Management
2418,13417,"Cox, Ian","Cox, Ian",Individual,Graduate Degree,Management
2420,13419,"Coleman, Lauren","Coleman, Lauren",Individual,Partial College,Professional
2421,13420,"Turner, Jordan","Turner, Jordan",Individual,Bachelors,Management
2422,13421,"Patterson, Alyssa","Patterson, Alyssa",Individual,Graduate Degree,Management
2423,13422,"Washington, Jacqueline","Washington, Jacqueline",Individual,Graduate Degree,Management
2425,13424,"Thomas, Jasmine","Thomas, Jasmine",Individual,Partial College,Professional
2426,13425,"Garcia, Jose","Garcia, Jose",Individual,Partial College,Professional
2427,13426,"Williams, Taylor","Williams, Taylor",Individual,Bachelors,Management
2428,13427,"Winston, Connor","Winston, Connor",Individual,Bachelors,Management
2429,13428,"Ramirez, Marcus","Ramirez, Marcus",Individual,Bachelors,Management
2430,13429,"Washington, Gabrielle","Washington, Gabrielle",Individual,Bachelors,Management
2431,13430,"Griffin, Edward","Griffin, Edward",Individual,Bachelors,Management
2432,13431,"James, Bryan","James, Bryan",Individual,Partial College,Professional
2433,13432,"Wood, Dalton","Wood, Dalton",Individual,Partial College,Professional
2434,13433,"Vazquez, Jessie","Vazquez, Jessie",Individual,Partial College,Professional
2436,13435,"Pal, Tracy","Pal, Tracy",Individual,Graduate Degree,Management
2440,13439,"Lin, Arturo","Lin, Arturo",Individual,Bachelors,Management
2445,13444,"Lopez, Abby","Lopez, Abby",Individual,Bachelors,Management
2446,13445,"Davis, Logan","Davis, Logan",Individual,Partial College,Professional
2447,13446,"Scott, Katelyn","Scott, Katelyn",Individual,Partial College,Professional
2448,13447,"Cox, Destiny","Cox, Destiny",Individual,Bachelors,Management
2449,13448,"Ward, Catherine","Ward, Catherine",Individual,Bachelors,Management
2452,13451,"Browning, Robin","Browning, Robin",Individual,Partial College,Professional
2453,13452,"Evans, Kaitlyn","Evans, Kaitlyn",Individual,Bachelors,Management
2454,13453,"Howard, Amanda","Howard, Amanda",Individual,Bachelors,Management
2455,13454,"Griffin, Benjamin","Griffin, Benjamin",Individual,Bachelors,Management
2456,13455,"Bryant, Kaitlyn","Bryant, Kaitlyn",Individual,Bachelors,Management
2462,13461,"Jones, Anthony","Jones, Anthony",Individual,Graduate Degree,Management
2472,13471,"Bryant, Eric","Bryant, Eric",Individual,High School,Professional
2473,13472,"Pearson, Simon","Pearson, Simon",Individual,Partial High School,Skilled Manual
2474,13473,"Hill, Logan","Hill, Logan",Individual,Partial High School,Skilled Manual
2476,13475,"Allen, Charles","Allen, Charles",Individual,Partial High School,Skilled Manual
2477,13476,"Hall, Timothy","Hall, Timothy",Individual,Partial High School,Skilled Manual
2478,13477,"Wood, Katherine","Wood, Katherine",Individual,High School,Professional
2479,13478,"Coleman, Alexia","Coleman, Alexia",Individual,High School,Professional
2480,13479,"Rogers, Katelyn","Rogers, Katelyn",Individual,Graduate Degree,Management
2481,13480,"Rodriguez, Anna","Rodriguez, Anna",Individual,Graduate Degree,Management
2482,13481,"Hernandez, Hunter","Hernandez, Hunter",Individual,Graduate Degree,Management
2485,13484,"Martinez, Marcus","Martinez, Marcus",Individual,Graduate Degree,Management
2486,13485,"Allen, Thomas","Allen, Thomas",Individual,Graduate Degree,Management
2488,13487,"Martin, Emily","Martin, Emily",Individual,Graduate Degree,Management
2489,13488,"Guo, Laura","Guo, Laura",Individual,Graduate Degree,Management
2491,13490,"Rodriguez, Edward","Rodriguez, Edward",Individual,Graduate Degree,Management
2493,13492,"Foster, Christian","Foster, Christian",Individual,Bachelors,Management
2495,13494,"Gutierrez, Byron","Gutierrez, Byron",Individual,Graduate Degree,Manual
2498,13497,"Sharma, Deborah","Sharma, Deborah",Individual,Graduate Degree,Clerical
2501,13500,"Vance, Molly","Vance, Molly",Individual,Bachelors,Manual
2502,13501,"Zhu, Clayton","Zhu, Clayton",Individual,Bachelors,Manual
2503,13502,"Nara, Deborah","Nara, Deborah",Individual,Bachelors,Manual
2514,13513,"Henderson, Abigail","Henderson, Abigail",Individual,Bachelors,Clerical
2515,13514,"Luo, Lindsay","Luo, Lindsay",Individual,Partial College,Manual
2516,13515,"Liang, Cara","Liang, Cara",Individual,Partial College,Manual
2533,13532,"Gill, Melody","Gill, Melody",Individual,Graduate Degree,Clerical
2539,13538,"Henderson, Vanessa","Henderson, Vanessa",Individual,Partial College,Manual
2541,13540,"Ortega, Paula","Ortega, Paula",Individual,Graduate Degree,Clerical
2542,13541,"Xu, Ashlee","Xu, Ashlee",Individual,Graduate Degree,Clerical
2543,13542,"Kumar, Sharon","Kumar, Sharon",Individual,Bachelors,Clerical
2544,13543,"Rana, Phillip","Rana, Phillip",Individual,Bachelors,Clerical
2546,13545,"Sharma, Brad","Sharma, Brad",Individual,Bachelors,Clerical
2547,13546,"Jai, Mitchell","Jai, Mitchell",Individual,Bachelors,Clerical
2549,13548,"Jai, Bridget","Jai, Bridget",Individual,Bachelors,Clerical
2560,13559,"Ramos, Lori","Ramos, Lori",Individual,Graduate Degree,Skilled Manual
2561,13560,"Shan, Andres","Shan, Andres",Individual,Graduate Degree,Skilled Manual
2567,13566,"Sandberg, Mikael","Sandberg, Mikael",Individual,High School,Manual
2568,13567,"Rubio, Anne","Rubio, Anne",Individual,High School,Manual
2570,13569,"Hall, Marcus","Hall, Marcus",Individual,High School,Manual
2571,13570,"Jackson, Benjamin","Jackson, Benjamin",Individual,High School,Manual
2573,13572,"Deng, Shaun","Deng, Shaun",Individual,High School,Manual
2575,13574,"Garcia, Brenda","Garcia, Brenda",Individual,Partial College,Manual
2580,13579,"Chen, Alan","Chen, Alan",Individual,Bachelors,Management
2581,13580,"Xu, Carol","Xu, Carol",Individual,Bachelors,Management
2588,13587,"Subram, Kristina","Subram, Kristina",Individual,High School,Professional
2589,13588,"Dominguez, Deb","Dominguez, Deb",Individual,Partial College,Professional
2594,13593,"Navarro, Deanna","Navarro, Deanna",Individual,Partial College,Professional
2595,13594,"Williams, Jessica","Williams, Jessica",Individual,Partial College,Professional
2598,13597,"Gutierrez, Lance","Gutierrez, Lance",Individual,High School,Professional
2599,13598,"Luo, Keith","Luo, Keith",Individual,Partial College,Professional
2602,13601,"Dominguez, Tanya","Dominguez, Tanya",Individual,Partial College,Management
2607,13606,"Sharma, Drew","Sharma, Drew",Individual,Partial College,Management
2608,13607,"Rana, Levi","Rana, Levi",Individual,High School,Management
2609,13608,"Kumar, Karla","Kumar, Karla",Individual,High School,Management
2657,13656,"Howard, Faith","Howard, Faith",Individual,Graduate Degree,Management
2658,13657,"Collins, Kaylee","Collins, Kaylee",Individual,Graduate Degree,Management
2659,13658,"Bennett, Wyatt","Bennett, Wyatt",Individual,Bachelors,Management
2660,13659,"Shan, Clayton","Shan, Clayton",Individual,Bachelors,Management
2664,13663,"Tang, Melvin","Tang, Melvin",Individual,Partial High School,Manual
2667,13666,"Ruiz, Teresa","Ruiz, Teresa",Individual,Partial High School,Manual
2672,13671,"Ramos, Frank","Ramos, Frank",Individual,Partial College,Clerical
2678,13677,"Albrecht, Brian","Albrecht, Brian",Individual,High School,Manual
2683,13682,"Lopez, Fernando","Lopez, Fernando",Individual,High School,Manual
2684,13683,"Torres, Sheila","Torres, Sheila",Individual,High School,Manual
2685,13684,"Dominguez, Francis","Dominguez, Francis",Individual,Partial High School,Manual
2686,13685,"Torres, Briana","Torres, Briana",Individual,Bachelors,Skilled Manual
2687,13686,"Jai, Peter","Jai, Peter",Individual,Bachelors,Skilled Manual
2697,13696,"Edwards, Katherine","Edwards, Katherine",Individual,Partial College,Clerical
2698,13697,"Munoz, Jésus","Munoz, Jésus",Individual,Partial College,Clerical
2699,13698,"Sanchez, Catherine","Sanchez, Catherine",Individual,Partial College,Clerical
2704,13703,"Sanders, Mackenzie","Sanders, Mackenzie",Individual,Graduate Degree,Skilled Manual
2705,13704,"Davis, Victoria","Davis, Victoria",Individual,Graduate Degree,Skilled Manual
2706,13705,"Mitchell, Blake","Mitchell, Blake",Individual,Graduate Degree,Skilled Manual
2713,13712,"Martinez, Nancy","Martinez, Nancy",Individual,Graduate Degree,Skilled Manual
2714,13713,"Walker, Alexander","Walker, Alexander",Individual,Graduate Degree,Skilled Manual
2715,13714,"Ward, Amanda","Ward, Amanda",Individual,High School,Manual
2716,13715,"Sanchez, Eduardo","Sanchez, Eduardo",Individual,Bachelors,Skilled Manual
2717,13716,"Jai, Brandon","Jai, Brandon",Individual,Bachelors,Skilled Manual
2718,13717,"Gill, Audrey","Gill, Audrey",Individual,Bachelors,Skilled Manual
2719,13718,"Barnes, Marcus","Barnes, Marcus",Individual,Bachelors,Skilled Manual
2722,13721,"Howard, Lucas","Howard, Lucas",Individual,Partial High School,Clerical
2723,13722,"Campbell, Luke","Campbell, Luke",Individual,High School,Manual
2724,13723,"Raje, Leonard","Raje, Leonard",Individual,High School,Clerical
2725,13724,"Thompson, Charles","Thompson, Charles",Individual,Partial College,Clerical
2726,13725,"Henderson, Nathan","Henderson, Nathan",Individual,Partial College,Clerical
2727,13726,"Lewis, Austin","Lewis, Austin",Individual,Partial College,Clerical
2728,13727,"Rubio, Paula","Rubio, Paula",Individual,Partial College,Clerical
2729,13728,"Stewart, Taylor","Stewart, Taylor",Individual,Partial College,Clerical
2730,13729,"Li, Jason","Li, Jason",Individual,Partial College,Clerical
2731,13730,"Suarez, Walter","Suarez, Walter",Individual,Partial College,Clerical
2732,13731,"James, Jan","James, Jan",Individual,Graduate Degree,Skilled Manual
2734,13733,"Collins, Sydney","Collins, Sydney",Individual,Partial College,Clerical
2735,13734,"Gonzalez, Kristi","Gonzalez, Kristi",Individual,Partial College,Clerical
2736,13735,"Guo, Dennis","Guo, Dennis",Individual,Partial College,Clerical
2737,13736,"Rivera, Cole","Rivera, Cole",Individual,Partial College,Clerical
2738,13737,"Sanders, Garrett","Sanders, Garrett",Individual,Partial College,Clerical
2739,13738,"Young, Jose","Young, Jose",Individual,Partial College,Clerical
2740,13739,"Coleman, Jason","Coleman, Jason",Individual,Partial College,Clerical
2741,13740,"Ramirez, Jada","Ramirez, Jada",Individual,Partial College,Clerical
2742,13741,"Morgan, Haley","Morgan, Haley",Individual,Partial College,Clerical
2743,13742,"Ross, Benjamin","Ross, Benjamin",Individual,Partial College,Clerical
2745,13744,"Andersen, Alvin","Andersen, Alvin",Individual,Partial College,Clerical
2768,13767,"Jimenez, Linda","Jimenez, Linda",Individual,Bachelors,Clerical
2771,13770,"Moreno, Gerald","Moreno, Gerald",Individual,Graduate Degree,Clerical
2772,13771,"Moreno, Victor","Moreno, Victor",Individual,Graduate Degree,Clerical
2775,13774,"Guo, Steve","Guo, Steve",Individual,Partial High School,Manual
2776,13775,"Subram, Patricia","Subram, Patricia",Individual,Partial High School,Manual
2779,13778,"Huang, Roger","Huang, Roger",Individual,Bachelors,Clerical
2783,13782,"Lu, Kelli","Lu, Kelli",Individual,Bachelors,Clerical
2787,13786,"Chavez, Jon","Chavez, Jon",Individual,Bachelors,Clerical
2788,13787,"Cai, Glenn","Cai, Glenn",Individual,Bachelors,Clerical
2790,13789,"Shan, Julie","Shan, Julie",Individual,Partial High School,Manual
2791,13790,"Deng, Nina","Deng, Nina",Individual,High School,Manual
2796,13795,"Raje, Carl","Raje, Carl",Individual,High School,Manual
2797,13796,"Zheng, Martha","Zheng, Martha",Individual,Partial High School,Manual
2798,13797,"Gao, Franklin","Gao, Franklin",Individual,High School,Manual
2804,13803,"Zheng, Krystal","Zheng, Krystal",Individual,Graduate Degree,Skilled Manual
2808,13807,"Rana, Frederick","Rana, Frederick",Individual,Partial College,Clerical
2809,13808,"Perez, Richard","Perez, Richard",Individual,Partial College,Clerical
2823,13822,"Moyer, Jay","Moyer, Jay",Individual,Bachelors,Skilled Manual
2825,13824,"Wood, Destiny","Wood, Destiny",Individual,Partial College,Clerical
2827,13826,"He, Candice","He, Candice",Individual,Partial College,Clerical
2828,13827,"Harris, Nathan","Harris, Nathan",Individual,Partial College,Clerical
2829,13828,"Travers, Jessie","Travers, Jessie",Individual,Partial College,Clerical
2830,13829,"Carlson, Randall","Carlson, Randall",Individual,Partial College,Clerical
2837,13836,"Sara, Dominic","Sara, Dominic",Individual,Partial College,Clerical
2838,13837,"Lee, Alyssa","Lee, Alyssa",Individual,Partial College,Clerical
2843,13842,"Xie, Kenneth","Xie, Kenneth",Individual,Partial High School,Manual
2845,13844,"Mehta, Phillip","Mehta, Phillip",Individual,Partial College,Clerical
2857,13856,"Scott, Ian","Scott, Ian",Individual,High School,Skilled Manual
2858,13857,"Thompson, Victoria","Thompson, Victoria",Individual,Graduate Degree,Skilled Manual
2859,13858,"Richardson, Melanie","Richardson, Melanie",Individual,Graduate Degree,Skilled Manual
2860,13859,"Deng, Kristin","Deng, Kristin",Individual,Graduate Degree,Skilled Manual
2862,13861,"Rogers, Hailey","Rogers, Hailey",Individual,Graduate Degree,Skilled Manual
2863,13862,"Walker, Andrew","Walker, Andrew",Individual,Graduate Degree,Skilled Manual
2864,13863,"Long, Kevin","Long, Kevin",Individual,Graduate Degree,Skilled Manual
2865,13864,"Torres, Robin","Torres, Robin",Individual,Graduate Degree,Skilled Manual
2866,13865,"Foster, Mariah","Foster, Mariah",Individual,Graduate Degree,Professional
2867,13866,"Butler, Mya","Butler, Mya",Individual,Graduate Degree,Professional
2868,13867,"Griffin, Luke","Griffin, Luke",Individual,Bachelors,Skilled Manual
2869,13868,"Morris, Shelby","Morris, Shelby",Individual,Graduate Degree,Professional
2870,13869,"Morgan, Anna","Morgan, Anna",Individual,Bachelors,Skilled Manual
2871,13870,"Clark, Jonathan","Clark, Jonathan",Individual,Bachelors,Skilled Manual
2872,13871,"Gonzales, Sarah","Gonzales, Sarah",Individual,Bachelors,Skilled Manual
2873,13872,"Henderson, Alyssa","Henderson, Alyssa",Individual,Graduate Degree,Professional
2874,13873,"Jai, Russell","Jai, Russell",Individual,Graduate Degree,Professional
2875,13874,"Bryant, Alyssa","Bryant, Alyssa",Individual,Graduate Degree,Professional
2876,13875,"Williams, Samantha","Williams, Samantha",Individual,Graduate Degree,Professional
2877,13876,"Murphy, Sebastian","Murphy, Sebastian",Individual,Graduate Degree,Professional
2878,13877,"Lal, Adam","Lal, Adam",Individual,Bachelors,Skilled Manual
2880,13879,"Hernandez, Derrick","Hernandez, Derrick",Individual,Bachelors,Skilled Manual
2881,13880,"Kumar, Marshall","Kumar, Marshall",Individual,Bachelors,Skilled Manual
2882,13881,"Wood, Jasmine","Wood, Jasmine",Individual,Bachelors,Skilled Manual
2883,13882,"Russell, Mariah","Russell, Mariah",Individual,Bachelors,Professional
2884,13883,"Lal, Brandon","Lal, Brandon",Individual,Bachelors,Professional
2885,13884,"Rogers, Jada","Rogers, Jada",Individual,Bachelors,Professional
2886,13885,"Howard, Brian","Howard, Brian",Individual,Graduate Degree,Professional
2887,13886,"Taylor, Rachel","Taylor, Rachel",Individual,Graduate Degree,Professional
2888,13887,"Scott, Nathan","Scott, Nathan",Individual,Graduate Degree,Professional
2889,13888,"Brown, Ian","Brown, Ian",Individual,Bachelors,Skilled Manual
2890,13889,"Martin, Robert","Martin, Robert",Individual,Graduate Degree,Professional
2891,13890,"Carter, Jennifer","Carter, Jennifer",Individual,Graduate Degree,Professional
2892,13891,"Simmons, Aaron","Simmons, Aaron",Individual,Graduate Degree,Professional
2893,13892,"Diaz, Spencer","Diaz, Spencer",Individual,Graduate Degree,Professional
2894,13893,"Carter, Dalton","Carter, Dalton",Individual,Graduate Degree,Professional
2895,13894,"Ruiz, Robyn","Ruiz, Robyn",Individual,Graduate Degree,Professional
2896,13895,"Brooks, Isabella","Brooks, Isabella",Individual,Graduate Degree,Professional
2897,13896,"Mitchell, Hailey","Mitchell, Hailey",Individual,Graduate Degree,Professional
2898,13897,"Washington, Carol","Washington, Carol",Individual,Graduate Degree,Professional
2899,13898,"Baker, Richard","Baker, Richard",Individual,Graduate Degree,Professional
2900,13899,"Jones, Cameron","Jones, Cameron",Individual,Graduate Degree,Professional
2901,13900,"Campbell, Isaac","Campbell, Isaac",Individual,Graduate Degree,Professional
2902,13901,"Foster, Oscar","Foster, Oscar",Individual,Graduate Degree,Professional
2904,13903,"Hernandez, Elijah","Hernandez, Elijah",Individual,Graduate Degree,Professional
2905,13904,"Thompson, Natalie","Thompson, Natalie",Individual,Graduate Degree,Professional
2906,13905,"Henderson, Christian","Henderson, Christian",Individual,Graduate Degree,Professional
2907,13906,"Evans, Courtney","Evans, Courtney",Individual,Bachelors,Professional
2908,13907,"Xie, Misty","Xie, Misty",Individual,Bachelors,Skilled Manual
2911,13910,"Butler, Isabelle","Butler, Isabelle",Individual,Bachelors,Skilled Manual
2912,13911,"Kelly, Andrea","Kelly, Andrea",Individual,Bachelors,Skilled Manual
2913,13912,"Simmons, Caroline","Simmons, Caroline",Individual,Bachelors,Skilled Manual
2914,13913,"Rogers, Angela","Rogers, Angela",Individual,Bachelors,Skilled Manual
2915,13914,"Bell, Abigail","Bell, Abigail",Individual,Bachelors,Professional
2916,13915,"King, Allison","King, Allison",Individual,Bachelors,Skilled Manual
2918,13917,"Allen, Samuel","Allen, Samuel",Individual,Bachelors,Skilled Manual
2920,13919,"Smith, Grace","Smith, Grace",Individual,Bachelors,Skilled Manual
2922,13921,"Jones, Joseph","Jones, Joseph",Individual,Bachelors,Professional
2923,13922,"Foster, Jackson","Foster, Jackson",Individual,Bachelors,Professional
2924,13923,"Howard, Steven","Howard, Steven",Individual,Bachelors,Professional
2940,13939,"Ramirez, Eduardo","Ramirez, Eduardo",Individual,Graduate Degree,Professional
2941,13940,"Simmons, Emma","Simmons, Emma",Individual,Graduate Degree,Professional
2943,13942,"Long, Seth","Long, Seth",Individual,Partial College,Skilled Manual
2944,13943,"Bryant, Kelly","Bryant, Kelly",Individual,Partial College,Skilled Manual
2946,13945,"Luo, Yolanda","Luo, Yolanda",Individual,Partial College,Skilled Manual
2947,13946,"Powell, Jason","Powell, Jason",Individual,Bachelors,Professional
2948,13947,"Hughes, Megan","Hughes, Megan",Individual,Graduate Degree,Professional
2949,13948,"Ma, Susan","Ma, Susan",Individual,Graduate Degree,Professional
2950,13949,"Ramos, Dwayne","Ramos, Dwayne",Individual,Graduate Degree,Professional
2951,13950,"Hernandez, Meredith","Hernandez, Meredith",Individual,Graduate Degree,Professional
2952,13951,"Hughes, Dylan","Hughes, Dylan",Individual,Graduate Degree,Management
2977,13976,"Smith, Emmanuel","Smith, Emmanuel",Individual,Bachelors,Management
2978,13977,"Brown, Alexandra","Brown, Alexandra",Individual,Bachelors,Management
2979,13978,"Peterson, Zoe","Peterson, Zoe",Individual,Bachelors,Management
2980,13979,"Jenkins, Chloe","Jenkins, Chloe",Individual,High School,Skilled Manual
2981,13980,"Liu, Margaret","Liu, Margaret",Individual,Partial College,Skilled Manual
2985,13984,"Richardson, Adrian","Richardson, Adrian",Individual,Partial College,Skilled Manual
2986,13985,"Wood, Alexis","Wood, Alexis",Individual,Partial College,Skilled Manual
2987,13986,"Anderson, Chloe","Anderson, Chloe",Individual,Partial College,Skilled Manual
2990,13989,"Bradley, Chloe","Bradley, Chloe",Individual,Partial College,Skilled Manual
2991,13990,"Wood, Stephanie","Wood, Stephanie",Individual,Partial College,Skilled Manual
2992,13991,"Hayes, Jack","Hayes, Jack",Individual,Partial College,Skilled Manual
2993,13992,"Xie, Gregory","Xie, Gregory",Individual,Partial College,Skilled Manual
2994,13993,"Patterson, Zachary","Patterson, Zachary",Individual,Partial College,Skilled Manual
3000,13999,"Gonzales, Elijah","Gonzales, Elijah",Individual,Partial College,Skilled Manual
3001,14000,"Sharma, Terry","Sharma, Terry",Individual,Partial High School,Clerical
3003,14002,"Reed, Jacqueline","Reed, Jacqueline",Individual,Partial College,Skilled Manual
3004,14003,"Ramirez, Angel","Ramirez, Angel",Individual,Partial College,Skilled Manual
3018,14017,"Rodriguez, Chloe","Rodriguez, Chloe",Individual,Partial College,Skilled Manual
3022,14021,"Richardson, Michelle","Richardson, Michelle",Individual,Partial College,Skilled Manual
3023,14022,"Lee, Taylor","Lee, Taylor",Individual,High School,Skilled Manual
3024,14023,"Carlson, Beth","Carlson, Beth",Individual,High School,Skilled Manual
3025,14024,"Moore, Hannah","Moore, Hannah",Individual,Partial College,Skilled Manual
3026,14025,"Alexander, Robert","Alexander, Robert",Individual,High School,Skilled Manual
3027,14026,"Butler, Chloe","Butler, Chloe",Individual,High School,Skilled Manual
3028,14027,"Perez, Carlos","Perez, Carlos",Individual,Partial College,Professional
3029,14028,"Srini, Patricia","Srini, Patricia",Individual,Partial College,Professional
3030,14029,"Morris, Christina","Morris, Christina",Individual,Partial College,Professional
3036,14035,"Hughes, Hunter","Hughes, Hunter",Individual,Bachelors,Management
3037,14036,"Torres, Amanda","Torres, Amanda",Individual,Partial College,Professional
3038,14037,"Sara, Lydia","Sara, Lydia",Individual,Partial College,Professional
3041,14040,"Morris, Stephanie","Morris, Stephanie",Individual,Partial High School,Skilled Manual
3043,14042,"Adams, Stephanie","Adams, Stephanie",Individual,High School,Professional
3044,14043,"Gonzalez, Mary","Gonzalez, Mary",Individual,High School,Professional
3045,14044,"Wright, Thomas","Wright, Thomas",Individual,Partial College,Professional
3076,14075,"Harris, Robert","Harris, Robert",Individual,High School,Skilled Manual
3077,14076,"Ross, Justin","Ross, Justin",Individual,High School,Skilled Manual
3081,14080,"Srini, Cynthia","Srini, Cynthia",Individual,High School,Skilled Manual
3082,14081,"Butler, Nicole","Butler, Nicole",Individual,High School,Skilled Manual
3083,14082,"Jai, Johnny","Jai, Johnny",Individual,High School,Skilled Manual
3084,14083,"Lopez, Nathan","Lopez, Nathan",Individual,High School,Skilled Manual
3086,14085,"Garcia, Nathan","Garcia, Nathan",Individual,High School,Skilled Manual
3089,14088,"Lopez, Alexandra","Lopez, Alexandra",Individual,Partial High School,Clerical
3090,14089,"Gray, Kaitlyn","Gray, Kaitlyn",Individual,High School,Skilled Manual
3091,14090,"Lewis, Jennifer","Lewis, Jennifer",Individual,Partial High School,Clerical
3093,14092,"Nath, Maurice","Nath, Maurice",Individual,Partial High School,Clerical
3094,14093,"Arthur, Jillian","Arthur, Jillian",Individual,Partial High School,Clerical
3095,14094,"Russell, Amanda","Russell, Amanda",Individual,High School,Skilled Manual
3096,14095,"Griffin, Paige","Griffin, Paige",Individual,High School,Skilled Manual
3098,14097,"Srini, Johnathan","Srini, Johnathan",Individual,High School,Skilled Manual
3099,14098,"Lopez, Allison","Lopez, Allison",Individual,High School,Skilled Manual
3105,14104,"James, Sydney","James, Sydney",Individual,Partial College,Skilled Manual
3106,14105,"Zhang, Jackson","Zhang, Jackson",Individual,Partial College,Skilled Manual
3107,14106,"Hughes, Melissa","Hughes, Melissa",Individual,Partial College,Skilled Manual
3110,14109,"Gonzales, Aidan","Gonzales, Aidan",Individual,Partial College,Skilled Manual
3112,14111,"Anderson, Michael","Anderson, Michael",Individual,Partial College,Skilled Manual
3113,14112,"Sanchez, Charles","Sanchez, Charles",Individual,Partial College,Skilled Manual
3114,14113,"Lopez, Natalie","Lopez, Natalie",Individual,Partial College,Skilled Manual
3115,14114,"Martin, Chloe","Martin, Chloe",Individual,Partial College,Skilled Manual
3116,14115,"Gonzales, Samantha","Gonzales, Samantha",Individual,Bachelors,Management
3117,14116,"Torres, Brianna","Torres, Brianna",Individual,Bachelors,Management
3118,14117,"Cook, Emma","Cook, Emma",Individual,Bachelors,Management
3121,14120,"Cooper, Gabrielle","Cooper, Gabrielle",Individual,Bachelors,Management
3122,14121,"Goel, Devon","Goel, Devon",Individual,Graduate Degree,Management
3123,14122,"Miller, Kaitlyn","Miller, Kaitlyn",Individual,Bachelors,Management
3138,14137,"Ruiz, Joy","Ruiz, Joy",Individual,Partial College,Manual
3139,14138,"He, Vincent","He, Vincent",Individual,Partial College,Manual
3140,14139,"Sai, Meredith","Sai, Meredith",Individual,Graduate Degree,Clerical
3141,14140,"Sai, Meagan","Sai, Meagan",Individual,Graduate Degree,Clerical
3143,14142,"Zheng, Damien","Zheng, Damien",Individual,High School,Manual
3148,14147,"Rivera, Marcus","Rivera, Marcus",Individual,Graduate Degree,Clerical
3149,14148,"Sharma, Shaun","Sharma, Shaun",Individual,Graduate Degree,Clerical
3150,14149,"Srini, Donald","Srini, Donald",Individual,Bachelors,Clerical
3154,14153,"Lewis, Dylan","Lewis, Dylan",Individual,Partial College,Manual
3161,14160,"Hu, Brittney","Hu, Brittney",Individual,Graduate Degree,Clerical
3162,14161,"Li, Claudia","Li, Claudia",Individual,Graduate Degree,Clerical
3163,14162,"Garcia, Brett","Garcia, Brett",Individual,Graduate Degree,Clerical
3164,14163,"Garcia, Ebony","Garcia, Ebony",Individual,Graduate Degree,Clerical
3165,14164,"Smith, Kari","Smith, Kari",Individual,Graduate Degree,Skilled Manual
3168,14167,"Subram, Pamela","Subram, Pamela",Individual,Partial College,Manual
3172,14171,"Lal, Michele","Lal, Michele",Individual,Partial College,Professional
3175,14174,"Diaz, Alberto","Diaz, Alberto",Individual,High School,Professional
3180,14179,"Xu, Claudia","Xu, Claudia",Individual,Bachelors,Management
3181,14180,"Patel, Henry","Patel, Henry",Individual,Bachelors,Management
3182,14181,"Chandra, Adriana","Chandra, Adriana",Individual,Bachelors,Management
3183,14182,"Lin, Steve","Lin, Steve",Individual,Partial College,Professional
3188,14187,"Lu, Eugene","Lu, Eugene",Individual,Partial College,Professional
3190,14189,"Martin, Krista","Martin, Krista",Individual,High School,Professional
3191,14190,"Patel, Candace","Patel, Candace",Individual,High School,Professional
3194,14193,"Vance, Pamela","Vance, Pamela",Individual,Partial College,Management
3198,14197,"Gill, Frank","Gill, Frank",Individual,Partial College,Management
3199,14198,"Romero, Daisy","Romero, Daisy",Individual,High School,Management
3203,14202,"Zeng, Clayton","Zeng, Clayton",Individual,Partial High School,Skilled Manual
3207,14206,"West, Edwin","West, Edwin",Individual,Partial High School,Professional
3208,14207,"Saraiva, José","Saraiva, José",Individual,Partial High School,Professional
3240,14239,"Peterson, Maria","Peterson, Maria",Individual,Bachelors,Management
3241,14240,"Foster, Caroline","Foster, Caroline",Individual,Bachelors,Management
3242,14241,"Wood, Grace","Wood, Grace",Individual,Graduate Degree,Management
3243,14242,"Ye, Rafael","Ye, Rafael",Individual,Bachelors,Management
3244,14243,"Winston, Gregory","Winston, Gregory",Individual,Bachelors,Management
3246,14245,"Russell, Ana","Russell, Ana",Individual,Bachelors,Management
3247,14246,"Garcia, Devin","Garcia, Devin",Individual,Bachelors,Management
3248,14247,"Allen, Hunter","Allen, Hunter",Individual,Bachelors,Management
3249,14248,"Tang, Misty","Tang, Misty",Individual,Graduate Degree,Management
3250,14249,"Thomas, Eduardo","Thomas, Eduardo",Individual,Graduate Degree,Management
3251,14250,"Collins, Adam","Collins, Adam",Individual,Bachelors,Management
3252,14251,"Brooks, Alex","Brooks, Alex",Individual,Graduate Degree,Management
3253,14252,"Cook, Destiny","Cook, Destiny",Individual,Graduate Degree,Management
3254,14253,"Scott, Eduardo","Scott, Eduardo",Individual,Bachelors,Management
3255,14254,"Gill, Tabitha","Gill, Tabitha",Individual,Bachelors,Management
3256,14255,"Jackson, Jonathan","Jackson, Jonathan",Individual,Bachelors,Management
3257,14256,"Robinson, Elizabeth","Robinson, Elizabeth",Individual,Graduate Degree,Management
3258,14257,"Carter, James","Carter, James",Individual,Graduate Degree,Management
3259,14258,"Foster, Haley","Foster, Haley",Individual,Bachelors,Management
3267,14266,"Patel, Cory","Patel, Cory",Individual,Partial College,Skilled Manual
3268,14267,"Wood, Lauren","Wood, Lauren",Individual,Partial College,Skilled Manual
3269,14268,"Roberts, Isabella","Roberts, Isabella",Individual,High School,Skilled Manual
3270,14269,"She, Tony","She, Tony",Individual,High School,Skilled Manual
3271,14270,"Ross, James","Ross, James",Individual,Partial College,Skilled Manual
3272,14271,"Wright, Lucas","Wright, Lucas",Individual,High School,Skilled Manual
3273,14272,"Ward, Sydney","Ward, Sydney",Individual,High School,Skilled Manual
3274,14273,"Parker, Angel","Parker, Angel",Individual,Partial College,Skilled Manual
3281,14280,"Oliver, Isaac","Oliver, Isaac",Individual,Bachelors,Management
3284,14283,"Simmons, Seth","Simmons, Seth",Individual,Partial College,Professional
3285,14284,"Anderson, Wyatt","Anderson, Wyatt",Individual,Partial College,Professional
3286,14285,"Hughes, Taylor","Hughes, Taylor",Individual,Partial College,Professional
3289,14288,"Ramirez, Christina","Ramirez, Christina",Individual,Graduate Degree,Management
3290,14289,"Martinez, Jessica","Martinez, Jessica",Individual,Bachelors,Management
3291,14290,"Wilson, Jonathan","Wilson, Jonathan",Individual,Partial High School,Skilled Manual
3293,14292,"Ross, Isabella","Ross, Isabella",Individual,Partial High School,Skilled Manual
3294,14293,"Campbell, Kyle","Campbell, Kyle",Individual,High School,Professional
3295,14294,"Gray, Steven","Gray, Steven",Individual,High School,Professional
3296,14295,"Thomas, Hannah","Thomas, Hannah",Individual,High School,Professional
3297,14296,"Russell, Benjamin","Russell, Benjamin",Individual,High School,Professional
3298,14297,"Raji, Kristin","Raji, Kristin",Individual,Partial College,Professional
3299,14298,"Jenkins, Kaitlyn","Jenkins, Kaitlyn",Individual,Partial College,Professional
3328,14327,"Butler, Kyle","Butler, Kyle",Individual,High School,Skilled Manual
3330,14329,"Sanchez, Holly","Sanchez, Holly",Individual,High School,Skilled Manual
3332,14331,"Murphy, Timothy","Murphy, Timothy",Individual,High School,Skilled Manual
3334,14333,"Suri, Bobby","Suri, Bobby",Individual,Partial High School,Clerical
3335,14334,"Murphy, Patrick","Murphy, Patrick",Individual,High School,Skilled Manual
3336,14335,"Cox, Allison","Cox, Allison",Individual,High School,Skilled Manual
3337,14336,"Baker, Gabriel","Baker, Gabriel",Individual,High School,Skilled Manual
3338,14337,"Coleman, Olivia","Coleman, Olivia",Individual,High School,Skilled Manual
3340,14339,"Suri, Brandy","Suri, Brandy",Individual,Partial High School,Clerical
3341,14340,"Butler, Miranda","Butler, Miranda",Individual,High School,Skilled Manual
3343,14342,"Ruiz, Beth","Ruiz, Beth",Individual,High School,Skilled Manual
3344,14343,"Turner, Xavier","Turner, Xavier",Individual,High School,Skilled Manual
3350,14349,"Griffin, Nicole","Griffin, Nicole",Individual,High School,Skilled Manual
3351,14350,"Moore, Emily","Moore, Emily",Individual,High School,Skilled Manual
3352,14351,"Gray, Riley","Gray, Riley",Individual,Partial College,Skilled Manual
3353,14352,"Butler, Melissa","Butler, Melissa",Individual,High School,Skilled Manual
3355,14354,"Green, Seth","Green, Seth",Individual,Partial College,Skilled Manual
3356,14355,"King, Ian","King, Ian",Individual,Partial College,Skilled Manual
3357,14356,"Baker, Isabella","Baker, Isabella",Individual,Bachelors,Management
3358,14357,"Collins, Dalton","Collins, Dalton",Individual,Bachelors,Management
3359,14358,"Watson, Amanda","Watson, Amanda",Individual,Bachelors,Management
3361,14360,"Patterson, Samantha","Patterson, Samantha",Individual,Graduate Degree,Skilled Manual
3362,14361,"Raje, Franklin","Raje, Franklin",Individual,Graduate Degree,Skilled Manual
3363,14362,"Gill, Roberto","Gill, Roberto",Individual,Partial College,Clerical
3365,14364,"Rai, Mario","Rai, Mario",Individual,Graduate Degree,Skilled Manual
3366,14365,"Ward, Evan","Ward, Evan",Individual,Graduate Degree,Skilled Manual
3367,14366,"Brooks, Anna","Brooks, Anna",Individual,Graduate Degree,Skilled Manual
3368,14367,"Green, Courtney","Green, Courtney",Individual,Graduate Degree,Skilled Manual
3369,14368,"Thompson, Richard","Thompson, Richard",Individual,Graduate Degree,Skilled Manual
3370,14369,"Sanchez, Devin","Sanchez, Devin",Individual,Graduate Degree,Skilled Manual
3373,14372,"Washington, Kaitlyn","Washington, Kaitlyn",Individual,Graduate Degree,Skilled Manual
3374,14373,"Jai, Ricardo","Jai, Ricardo",Individual,Graduate Degree,Skilled Manual
3375,14374,"Yang, David","Yang, David",Individual,Graduate Degree,Professional
3376,14375,"Moore, Alexandra","Moore, Alexandra",Individual,Bachelors,Skilled Manual
3377,14376,"Torres, Faith","Torres, Faith",Individual,Bachelors,Management
3378,14377,"Ruiz, Paula","Ruiz, Paula",Individual,Bachelors,Management
3379,14378,"Mehta, Cory","Mehta, Cory",Individual,Graduate Degree,Management
3380,14379,"Foster, Richard","Foster, Richard",Individual,Graduate Degree,Management
3381,14380,"Watson, Kaylee","Watson, Kaylee",Individual,Bachelors,Management
3382,14381,"Cooper, Alexa","Cooper, Alexa",Individual,Bachelors,Management
3383,14382,"Blanco, Darren","Blanco, Darren",Individual,Bachelors,Management
3384,14383,"Ferrier, Marvin","Ferrier, Marvin",Individual,Bachelors,Management
3385,14384,"Miller, Rachel","Miller, Rachel",Individual,Bachelors,Management
3386,14385,"Hall, Maria","Hall, Maria",Individual,Bachelors,Management
3387,14386,"Wood, Marissa","Wood, Marissa",Individual,Bachelors,Management
3389,14388,"Rogers, Kaylee","Rogers, Kaylee",Individual,Bachelors,Management
3390,14389,"Harris, Ryan","Harris, Ryan",Individual,Bachelors,Management
3391,14390,"Kumar, Logan","Kumar, Logan",Individual,Bachelors,Management
3392,14391,"Long, Jason","Long, Jason",Individual,Bachelors,Management
3393,14392,"Jackson, Justin","Jackson, Justin",Individual,Bachelors,Management
3394,14393,"Perez, José","Perez, José",Individual,Bachelors,Management
3395,14394,"Rodriguez, Jacob","Rodriguez, Jacob",Individual,Bachelors,Management
3396,14395,"Reed, Devin","Reed, Devin",Individual,Bachelors,Management
3397,14396,"Sanchez, Zoe","Sanchez, Zoe",Individual,Partial College,Professional
3398,14397,"Edwards, Sierra","Edwards, Sierra",Individual,Partial College,Professional
3399,14398,"Anderson, James","Anderson, James",Individual,Partial College,Professional
3400,14399,"Peterson, Jeremy","Peterson, Jeremy",Individual,Bachelors,Management
3401,14400,"Brown, Brandon","Brown, Brandon",Individual,Bachelors,Management
3402,14401,"Kumar, Jose","Kumar, Jose",Individual,Partial College,Professional
3403,14402,"Parker, Hailey","Parker, Hailey",Individual,Partial College,Professional
3404,14403,"Russell, Angelica","Russell, Angelica",Individual,Partial College,Professional
3405,14404,"Davis, Rachel","Davis, Rachel",Individual,Partial College,Professional
3406,14405,"Walker, Dylan","Walker, Dylan",Individual,Partial College,Professional
3407,14406,"Schmidt, Carrie","Schmidt, Carrie",Individual,Partial College,Professional
3408,14407,"Bryant, Thomas","Bryant, Thomas",Individual,Partial College,Professional
3409,14408,"Cook, Jasmine","Cook, Jasmine",Individual,Partial College,Professional
3410,14409,"Wang, Eric","Wang, Eric",Individual,Partial College,Professional
3411,14410,"Brooks, Arianna","Brooks, Arianna",Individual,Partial College,Professional
3412,14411,"Johnson, Ashley","Johnson, Ashley",Individual,High School,Professional
3413,14412,"Blue, Nicole","Blue, Nicole",Individual,High School,Professional
3414,14413,"Patterson, Rachel","Patterson, Rachel",Individual,Partial College,Professional
3416,14415,"Davis, William","Davis, William",Individual,Partial College,Professional
3418,14417,"Lu, Ernest","Lu, Ernest",Individual,High School,Professional
3419,14418,"Young, Rebecca","Young, Rebecca",Individual,High School,Professional
3420,14419,"Ward, Abigail","Ward, Abigail",Individual,Partial College,Professional
3421,14420,"Wright, Chloe","Wright, Chloe",Individual,Partial College,Professional
3422,14421,"Barnes, Hannah","Barnes, Hannah",Individual,Partial College,Professional
3423,14422,"Lu, Cara","Lu, Cara",Individual,Bachelors,Management
3426,14425,"Carlson, Victor","Carlson, Victor",Individual,High School,Professional
3427,14426,"Hughes, Madison","Hughes, Madison",Individual,Partial College,Professional
3429,14428,"Andersen, Cassie","Andersen, Cassie",Individual,Partial College,Professional
3431,14430,"Jones, Sydney","Jones, Sydney",Individual,Partial College,Professional
3432,14431,"Moore, Kayla","Moore, Kayla",Individual,Partial College,Professional
3433,14432,"Russell, Antonio","Russell, Antonio",Individual,Graduate Degree,Management
3434,14433,"Peterson, Jennifer","Peterson, Jennifer",Individual,Graduate Degree,Management
3435,14434,"Hill, Sophia","Hill, Sophia",Individual,Graduate Degree,Management
3436,14435,"Wilson, Jennifer","Wilson, Jennifer",Individual,Graduate Degree,Management
3438,14437,"Anand, Mitchell","Anand, Mitchell",Individual,Partial College,Professional
3442,14441,"Lewis, William","Lewis, William",Individual,Bachelors,Management
3443,14442,"Peterson, Shelby","Peterson, Shelby",Individual,Partial College,Professional
3444,14443,"Wilson, Benjamin","Wilson, Benjamin",Individual,Graduate Degree,Management
3445,14444,"Sanders, Patrick","Sanders, Patrick",Individual,Graduate Degree,Management
3446,14445,"Henderson, Benjamin","Henderson, Benjamin",Individual,Graduate Degree,Management
3451,14450,"Butler, Kevin","Butler, Kevin",Individual,Graduate Degree,Management
3452,14451,"Moore, Tyler","Moore, Tyler",Individual,Graduate Degree,Management
3458,14457,"White, Thomas","White, Thomas",Individual,Partial College,Professional
3463,14462,"Sanz, Beth","Sanz, Beth",Individual,Bachelors,Management
3464,14463,"Patterson, Julia","Patterson, Julia",Individual,Partial College,Professional
3465,14464,"Price, Elizabeth","Price, Elizabeth",Individual,Bachelors,Management
3471,14470,"Robinson, Jeremy","Robinson, Jeremy",Individual,Bachelors,Management
3472,14471,"Gonzalez, Gabriel","Gonzalez, Gabriel",Individual,Bachelors,Management
3473,14472,"Diaz, Natalie","Diaz, Natalie",Individual,Bachelors,Management
3474,14473,"King, Miguel","King, Miguel",Individual,Bachelors,Management
3480,14479,"Smith, Samantha","Smith, Samantha",Individual,Graduate Degree,Management
3484,14483,"Henderson, Nicole","Henderson, Nicole",Individual,High School,Professional
3485,14484,"Hall, Samantha","Hall, Samantha",Individual,Bachelors,Management
3486,14485,"Stewart, Bailey","Stewart, Bailey",Individual,Partial College,Professional
3487,14486,"Coleman, Jonathan","Coleman, Jonathan",Individual,Graduate Degree,Management
3488,14487,"Hall, Seth","Hall, Seth",Individual,Partial High School,Skilled Manual
3489,14488,"Hughes, Connor","Hughes, Connor",Individual,High School,Professional
3490,14489,"Wang, Jason","Wang, Jason",Individual,Graduate Degree,Management
3491,14490,"Butler, Aidan","Butler, Aidan",Individual,Graduate Degree,Management
3492,14491,"Bailey, Isaac","Bailey, Isaac",Individual,Graduate Degree,Management
3493,14492,"Patterson, Justin","Patterson, Justin",Individual,Graduate Degree,Management
3494,14493,"Parker, Sara","Parker, Sara",Individual,Graduate Degree,Management
3495,14494,"Diaz, Cameron","Diaz, Cameron",Individual,Graduate Degree,Management
3496,14495,"Diaz, Nathan","Diaz, Nathan",Individual,Partial College,Professional
3499,14498,"Luo, Katie","Luo, Katie",Individual,Graduate Degree,Management
3500,14499,"Flores, Samuel","Flores, Samuel",Individual,Graduate Degree,Management
3501,14500,"Ward, Jasmine","Ward, Jasmine",Individual,Bachelors,Management
3502,14501,"Prasad, Ruben","Prasad, Ruben",Individual,Graduate Degree,Management
3504,14503,"Alexander, Brianna","Alexander, Brianna",Individual,Bachelors,Management
3506,14505,"Edwards, Alex","Edwards, Alex",Individual,Bachelors,Management
3507,14506,"Suarez, Stacy","Suarez, Stacy",Individual,Bachelors,Management
3508,14507,"Wright, Eric","Wright, Eric",Individual,Graduate Degree,Management
3509,14508,"Hall, Madison","Hall, Madison",Individual,Graduate Degree,Management
3510,14509,"Deng, Bridget","Deng, Bridget",Individual,Partial College,Skilled Manual
3511,14510,"Hernandez, Samuel","Hernandez, Samuel",Individual,Bachelors,Management
3512,14511,"Rogers, Danielle","Rogers, Danielle",Individual,Bachelors,Management
3513,14512,"Jones, Christopher","Jones, Christopher",Individual,Bachelors,Management
3514,14513,"Turner, Alexandra","Turner, Alexandra",Individual,Graduate Degree,Management
3515,14514,"Jones, Rachel","Jones, Rachel",Individual,Partial College,Skilled Manual
3516,14515,"Cooper, Anna","Cooper, Anna",Individual,Partial College,Skilled Manual
3520,14519,"Rana, Denise","Rana, Denise",Individual,Partial College,Skilled Manual
3521,14520,"Xu, Bonnie","Xu, Bonnie",Individual,Partial College,Skilled Manual
3527,14526,"Hall, Emily","Hall, Emily",Individual,Graduate Degree,Manual
3528,14527,"Raji, Kurt","Raji, Kurt",Individual,Graduate Degree,Manual
3529,14528,"Ramos, Casey","Ramos, Casey",Individual,Graduate Degree,Manual
3538,14537,"Cai, Clayton","Cai, Clayton",Individual,Graduate Degree,Clerical
3542,14541,"Kapoor, Douglas","Kapoor, Douglas",Individual,Graduate Degree,Clerical
3544,14543,"Lu, Heather","Lu, Heather",Individual,Partial College,Manual
3550,14549,"Goel, Arturo","Goel, Arturo",Individual,Partial College,Manual
3552,14551,"Vance, Michele","Vance, Michele",Individual,Bachelors,Clerical
3559,14558,"Truempy, Marcel","Truempy, Marcel",Individual,Bachelors,Skilled Manual
3560,14559,"Washington, Ashley","Washington, Ashley",Individual,Bachelors,Skilled Manual
3561,14560,"Huang, Kelvin","Huang, Kelvin",Individual,Bachelors,Skilled Manual
3563,14562,"Stewart, Bryce","Stewart, Bryce",Individual,Bachelors,Skilled Manual
3564,14563,"Carter, Fernando","Carter, Fernando",Individual,Bachelors,Skilled Manual
3565,14564,"Bailey, Chloe","Bailey, Chloe",Individual,Bachelors,Skilled Manual
3566,14565,"Hernandez, Natalie","Hernandez, Natalie",Individual,Bachelors,Skilled Manual
3569,14568,"Kumar, Priscilla","Kumar, Priscilla",Individual,Graduate Degree,Professional
3570,14569,"Rodriguez, Kristopher","Rodriguez, Kristopher",Individual,Graduate Degree,Professional
3571,14570,"Henderson, Hannah","Henderson, Hannah",Individual,Graduate Degree,Professional
3572,14571,"Richardson, Rachel","Richardson, Rachel",Individual,Graduate Degree,Professional
3573,14572,"Foster, Melanie","Foster, Melanie",Individual,Graduate Degree,Professional
3577,14576,"Price, Anna","Price, Anna",Individual,Bachelors,Skilled Manual
3578,14577,"Rogers, Natalie","Rogers, Natalie",Individual,Bachelors,Skilled Manual
3580,14579,"Henderson, Luis","Henderson, Luis",Individual,Bachelors,Skilled Manual
3581,14580,"Diaz, Kyle","Diaz, Kyle",Individual,Bachelors,Professional
3582,14581,"Adams, Kevin","Adams, Kevin",Individual,Bachelors,Professional
3584,14583,"Morris, Sydney","Morris, Sydney",Individual,Graduate Degree,Professional
3585,14584,"Mitchell, Gabrielle","Mitchell, Gabrielle",Individual,Graduate Degree,Professional
3586,14585,"Torres, Kimberly","Torres, Kimberly",Individual,Graduate Degree,Professional
3588,14587,"Peterson, Jade","Peterson, Jade",Individual,Bachelors,Skilled Manual
3589,14588,"Taylor, Alexander","Taylor, Alexander",Individual,Bachelors,Skilled Manual
3590,14589,"Cook, Mackenzie","Cook, Mackenzie",Individual,Bachelors,Skilled Manual
3591,14590,"Butler, Marissa","Butler, Marissa",Individual,Bachelors,Skilled Manual
3592,14591,"Harris, Charles","Harris, Charles",Individual,Graduate Degree,Professional
3593,14592,"Thompson, Jessica","Thompson, Jessica",Individual,Graduate Degree,Professional
3594,14593,"Washington, Jack","Washington, Jack",Individual,Graduate Degree,Professional
3595,14594,"Taylor, Lauren","Taylor, Lauren",Individual,Graduate Degree,Professional
3596,14595,"Ward, Andrea","Ward, Andrea",Individual,Graduate Degree,Professional
3597,14596,"Hill, Amber","Hill, Amber",Individual,Graduate Degree,Professional
3600,14599,"Wilson, Charles","Wilson, Charles",Individual,Graduate Degree,Professional
3601,14600,"Ramirez, Ariana","Ramirez, Ariana",Individual,Graduate Degree,Professional
3602,14601,"Rai, Nicolas","Rai, Nicolas",Individual,Graduate Degree,Professional
3608,14607,"Nelson, Isaiah","Nelson, Isaiah",Individual,Bachelors,Skilled Manual
3609,14608,"Gao, Warren","Gao, Warren",Individual,Bachelors,Skilled Manual
3610,14609,"Phillips, Julia","Phillips, Julia",Individual,Bachelors,Skilled Manual
3611,14610,"Jenkins, Lauren","Jenkins, Lauren",Individual,Bachelors,Skilled Manual
3613,14612,"Zhang, Ernest","Zhang, Ernest",Individual,Bachelors,Professional
3614,14613,"Huang, Glenn","Huang, Glenn",Individual,Bachelors,Professional
3615,14614,"Bryant, Dylan","Bryant, Dylan",Individual,Bachelors,Professional
3616,14615,"Dominguez, Audrey","Dominguez, Audrey",Individual,Bachelors,Professional
3617,14616,"Sandberg, Emma","Sandberg, Emma",Individual,Bachelors,Professional
3618,14617,"Flores, Aaron","Flores, Aaron",Individual,Bachelors,Professional
3619,14618,"Baker, Gabrielle","Baker, Gabrielle",Individual,Graduate Degree,Professional
3620,14619,"Sanders, Nathaniel","Sanders, Nathaniel",Individual,Graduate Degree,Professional
3621,14620,"Patterson, Kayla","Patterson, Kayla",Individual,Graduate Degree,Professional
3622,14621,"Morris, Chloe","Morris, Chloe",Individual,Bachelors,Professional
3623,14622,"Patterson, Brandon","Patterson, Brandon",Individual,Partial College,Skilled Manual
3624,14623,"Li, Benjamin","Li, Benjamin",Individual,Partial College,Skilled Manual
3625,14624,"Thomas, Anna","Thomas, Anna",Individual,Partial College,Skilled Manual
3626,14625,"Simmons, Benjamin","Simmons, Benjamin",Individual,Partial College,Skilled Manual
3628,14627,"Hill, Isaiah","Hill, Isaiah",Individual,Partial College,Skilled Manual
3629,14628,"Brooks, Carlos","Brooks, Carlos",Individual,Partial College,Skilled Manual
3630,14629,"Hernandez, Blake","Hernandez, Blake",Individual,Partial College,Skilled Manual
3631,14630,"James, Isaiah","James, Isaiah",Individual,Partial College,Skilled Manual
3640,14639,"Howard, Jeremiah","Howard, Jeremiah",Individual,Partial College,Skilled Manual
3643,14642,"Zeng, Jeffery","Zeng, Jeffery",Individual,Partial College,Skilled Manual
3644,14643,"Simmons, Eric","Simmons, Eric",Individual,Partial College,Skilled Manual
3645,14644,"Lee, Jennifer","Lee, Jennifer",Individual,Partial College,Skilled Manual
3646,14645,"Kelly, Isaac","Kelly, Isaac",Individual,Graduate Degree,Professional
3647,14646,"Garcia, Dylan","Garcia, Dylan",Individual,Graduate Degree,Professional
3648,14647,"Howard, Sean","Howard, Sean",Individual,Graduate Degree,Professional
3649,14648,"Evans, Eric","Evans, Eric",Individual,Graduate Degree,Professional
3689,14688,"Carlson, Tabitha","Carlson, Tabitha",Individual,Partial High School,Manual
3691,14690,"Rai, Drew","Rai, Drew",Individual,Partial High School,Manual
3696,14695,"Andersen, Russell","Andersen, Russell",Individual,Partial High School,Manual
3697,14696,"Anand, Shawn","Anand, Shawn",Individual,Partial High School,Manual
3699,14698,"Navarro, Diane","Navarro, Diane",Individual,Bachelors,Skilled Manual
3700,14699,"Munoz, Gerald","Munoz, Gerald",Individual,Bachelors,Skilled Manual
3704,14703,"Srini, Clifford","Srini, Clifford",Individual,High School,Manual
3708,14707,"Raje, Tonya","Raje, Tonya",Individual,Partial High School,Manual
3710,14709,"Martin, Ian","Martin, Ian",Individual,High School,Manual
3711,14710,"Ma, Lisa","Ma, Lisa",Individual,High School,Manual
3712,14711,"Xu, Deborah","Xu, Deborah",Individual,High School,Manual
3714,14713,"Ye, Jon","Ye, Jon",Individual,Partial College,Clerical
3716,14715,"Munoz, Erik","Munoz, Erik",Individual,Partial College,Clerical
3719,14718,"Raji, Gregory","Raji, Gregory",Individual,Partial College,Clerical
3731,14730,"Ferrier, Jerry","Ferrier, Jerry",Individual,High School,Manual
3732,14731,"Brown, Seth","Brown, Seth",Individual,Bachelors,Skilled Manual
3733,14732,"Cook, Trinity","Cook, Trinity",Individual,Bachelors,Skilled Manual
3734,14733,"Raji, Clarence","Raji, Clarence",Individual,Bachelors,Skilled Manual
3735,14734,"Edwards, Kevin","Edwards, Kevin",Individual,Bachelors,Skilled Manual
3736,14735,"Rogers, Maria","Rogers, Maria",Individual,Partial College,Clerical
3737,14736,"Roberts, Jack","Roberts, Jack",Individual,Partial High School,Manual
3738,14737,"Srini, Dominic","Srini, Dominic",Individual,Partial High School,Clerical
3739,14738,"Garcia, Ethan","Garcia, Ethan",Individual,Partial College,Clerical
3740,14739,"Gonzalez, Charles","Gonzalez, Charles",Individual,Partial College,Clerical
3741,14740,"Scott, Jenna","Scott, Jenna",Individual,Partial College,Clerical
3742,14741,"Cooper, Emma","Cooper, Emma",Individual,Partial College,Clerical
3743,14742,"Howard, Andrea","Howard, Andrea",Individual,Partial College,Clerical
3744,14743,"Turner, Nathan","Turner, Nathan",Individual,Partial College,Clerical
3745,14744,"Yang, Elijah","Yang, Elijah",Individual,Partial College,Clerical
3747,14746,"Nelson, Courtney","Nelson, Courtney",Individual,Partial College,Clerical
3748,14747,"Wood, Aidan","Wood, Aidan",Individual,Partial College,Clerical
3749,14748,"Roessler, Don","Roessler, Don",Individual,Partial College,Clerical
3750,14749,"Jenkins, Jose","Jenkins, Jose",Individual,Partial College,Clerical
3751,14750,"Green, Mary","Green, Mary",Individual,Partial College,Clerical
3752,14751,"Price, Gabrielle","Price, Gabrielle",Individual,Partial College,Clerical
3753,14752,"Turner, Seth","Turner, Seth",Individual,Partial College,Clerical
3754,14753,"Foster, Austin","Foster, Austin",Individual,Partial College,Clerical
3755,14754,"Pal, Grant","Pal, Grant",Individual,Partial College,Clerical
3756,14755,"Davis, Robert","Davis, Robert",Individual,Partial College,Clerical
3757,14756,"Reed, Charles","Reed, Charles",Individual,Partial College,Clerical
3758,14757,"Garcia, Elizabeth","Garcia, Elizabeth",Individual,Partial College,Clerical
3759,14758,"Long, Victoria","Long, Victoria",Individual,Graduate Degree,Skilled Manual
3760,14759,"Davis, Madison","Davis, Madison",Individual,Graduate Degree,Skilled Manual
3762,14761,"Kelly, Morgan","Kelly, Morgan",Individual,Graduate Degree,Skilled Manual
3763,14762,"Perez, Adriana","Perez, Adriana",Individual,Graduate Degree,Skilled Manual
3764,14763,"Arun, George","Arun, George",Individual,Graduate Degree,Skilled Manual
3765,14764,"Scott, Xavier","Scott, Xavier",Individual,Graduate Degree,Skilled Manual
3768,14767,"Blanco, Stacy","Blanco, Stacy",Individual,Partial College,Manual
3769,14768,"Kelly, Ian","Kelly, Ian",Individual,Partial College,Manual
3770,14769,"Powell, Jessica","Powell, Jessica",Individual,Bachelors,Clerical
3773,14772,"Torres, Stacy","Torres, Stacy",Individual,Bachelors,Clerical
3775,14774,"Ferrier, Max","Ferrier, Max",Individual,Graduate Degree,Clerical
3776,14775,"Xie, Bonnie","Xie, Bonnie",Individual,Graduate Degree,Clerical
3782,14781,"Butler, Robert","Butler, Robert",Individual,Partial College,Manual
3783,14782,"Lewis, Michael","Lewis, Michael",Individual,Partial College,Manual
3787,14786,"Jenkins, Tristan","Jenkins, Tristan",Individual,Bachelors,Clerical
3790,14789,"Zhang, Rosa","Zhang, Rosa",Individual,High School,Manual
3796,14795,"Gao, Crystal","Gao, Crystal",Individual,Bachelors,Skilled Manual
3798,14797,"Gao, Steve","Gao, Steve",Individual,Partial High School,Manual
3801,14800,"Arthur, Abby","Arthur, Abby",Individual,Bachelors,Skilled Manual
3802,14801,"Simmons, Riley","Simmons, Riley",Individual,Partial High School,Manual
3804,14803,"Martin, Stacy","Martin, Stacy",Individual,High School,Manual
3806,14805,"Garcia, Kari","Garcia, Kari",Individual,Partial High School,Manual
3812,14811,"Sanchez, Molly","Sanchez, Molly",Individual,Bachelors,Professional
3820,14819,"Ruiz, Dana","Ruiz, Dana",Individual,Partial College,Clerical
3823,14822,"Martin, Jessica","Martin, Jessica",Individual,Partial College,Clerical
3824,14823,"Harrison, Nelson","Harrison, Nelson",Individual,Partial College,Clerical
3825,14824,"Baker, Miguel","Baker, Miguel",Individual,Partial College,Clerical
3826,14825,"Alonso, Rebekah","Alonso, Rebekah",Individual,High School,Manual
3828,14827,"Xu, Ernest","Xu, Ernest",Individual,Partial College,Clerical
3829,14828,"Muñoz, Hector","Muñoz, Hector",Individual,Partial College,Clerical
3831,14830,"Ward, Isabella","Ward, Isabella",Individual,Bachelors,Skilled Manual
3835,14834,"Jimenez, Ebony","Jimenez, Ebony",Individual,Partial College,Clerical
3836,14835,"Saunders, Melody","Saunders, Melody",Individual,Partial College,Clerical
3838,14837,"Li, Dennis","Li, Dennis",Individual,Partial College,Clerical
3839,14838,"Alvarez, Darren","Alvarez, Darren",Individual,Partial College,Clerical
3842,14841,"Pal, Franklin","Pal, Franklin",Individual,Partial High School,Manual
3843,14842,"Kim, Meagan","Kim, Meagan",Individual,High School,Manual
3845,14844,"Miller, Blake","Miller, Blake",Individual,Partial High School,Manual
3850,14849,"Martin, Dwayne","Martin, Dwayne",Individual,Partial College,Clerical
3853,14852,"Gonzalez, Adam","Gonzalez, Adam",Individual,Partial College,Skilled Manual
3857,14856,"Carlson, Kari","Carlson, Kari",Individual,Partial High School,Clerical
3867,14866,"Peterson, Hailey","Peterson, Hailey",Individual,Partial College,Clerical
3869,14868,"Morgan, Ariana","Morgan, Ariana",Individual,Partial College,Clerical
3870,14869,"Bryant, Jennifer","Bryant, Jennifer",Individual,Partial College,Clerical
3871,14870,"Ortega, Brandi","Ortega, Brandi",Individual,Partial College,Clerical
3873,14872,"Clark, Fernando","Clark, Fernando",Individual,Graduate Degree,Skilled Manual
3874,14873,"Long, Fernando","Long, Fernando",Individual,Graduate Degree,Skilled Manual
3877,14876,"Anderson, Nathan","Anderson, Nathan",Individual,Graduate Degree,Skilled Manual
3879,14878,"Murphy, Marcus","Murphy, Marcus",Individual,Graduate Degree,Skilled Manual
3880,14879,"Richardson, Andrea","Richardson, Andrea",Individual,Graduate Degree,Skilled Manual
3881,14880,"Ross, Jessica","Ross, Jessica",Individual,Bachelors,Skilled Manual
3882,14881,"Griffin, Eric","Griffin, Eric",Individual,Bachelors,Skilled Manual
3883,14882,"Nara, Kathryn","Nara, Kathryn",Individual,Bachelors,Skilled Manual
3884,14883,"Barnes, Gabrielle","Barnes, Gabrielle",Individual,Bachelors,Skilled Manual
3885,14884,"Torres, Kristi","Torres, Kristi",Individual,Bachelors,Skilled Manual
3888,14887,"Wilson, Lauren","Wilson, Lauren",Individual,High School,Clerical
3889,14888,"Russell, Jasmine","Russell, Jasmine",Individual,High School,Clerical
3890,14889,"Kumar, Drew","Kumar, Drew",Individual,High School,Clerical
3891,14890,"Adams, Wyatt","Adams, Wyatt",Individual,High School,Clerical
3892,14891,"Hayes, Kyle","Hayes, Kyle",Individual,Partial College,Clerical
3893,14892,"Sanders, Savannah","Sanders, Savannah",Individual,Partial College,Clerical
3895,14894,"Baker, James","Baker, James",Individual,Partial College,Clerical
3896,14895,"Hernandez, Connor","Hernandez, Connor",Individual,Partial College,Clerical
3897,14896,"Flores, Alexia","Flores, Alexia",Individual,Partial College,Clerical
3899,14898,"Edwards, Katelyn","Edwards, Katelyn",Individual,Partial College,Clerical
3900,14899,"Dominguez, Rodney","Dominguez, Rodney",Individual,Partial College,Clerical
3902,14901,"Richardson, Katherine","Richardson, Katherine",Individual,Partial College,Clerical
3903,14902,"Diaz, Arianna","Diaz, Arianna",Individual,Partial College,Clerical
3904,14903,"Morgan, Amanda","Morgan, Amanda",Individual,Partial College,Clerical
3922,14921,"Watson, Sara","Watson, Sara",Individual,Graduate Degree,Skilled Manual
3923,14922,"Perry, Paige","Perry, Paige",Individual,Graduate Degree,Skilled Manual
3928,14927,"Martinez, Chelsea","Martinez, Chelsea",Individual,Bachelors,Clerical
3934,14933,"Patel, Ronald","Patel, Ronald",Individual,Partial College,Manual
3936,14935,"Liang, Rafael","Liang, Rafael",Individual,Bachelors,Clerical
3940,14939,"Kapoor, Cory","Kapoor, Cory",Individual,Bachelors,Clerical
3941,14940,"Rana, Carmen","Rana, Carmen",Individual,Bachelors,Clerical
3944,14943,"Pal, Lindsay","Pal, Lindsay",Individual,Bachelors,Clerical
3946,14945,"Lewis, Samantha","Lewis, Samantha",Individual,Partial High School,Manual
3952,14951,"Rai, Katie","Rai, Katie",Individual,Bachelors,Skilled Manual
3953,14952,"Srini, Holly","Srini, Holly",Individual,Bachelors,Skilled Manual
3957,14956,"Romero, Krista","Romero, Krista",Individual,High School,Manual
3962,14961,"Yang, Jaclyn","Yang, Jaclyn",Individual,Bachelors,Skilled Manual
3968,14967,"Xu, Bridget","Xu, Bridget",Individual,Partial College,Clerical
3970,14969,"Vazquez, Julio","Vazquez, Julio",Individual,Partial College,Clerical
3973,14972,"Deng, Cristina","Deng, Cristina",Individual,Partial College,Clerical
3974,14973,"Jai, Alicia","Jai, Alicia",Individual,Partial College,Clerical
3979,14978,"Ortega, Jamie","Ortega, Jamie",Individual,Partial College,Clerical
3980,14979,"Serrano, Rodney","Serrano, Rodney",Individual,Partial College,Clerical
3981,14980,"Garcia, Michele","Garcia, Michele",Individual,Partial College,Clerical
3991,14990,"Ramos, Nelson","Ramos, Nelson",Individual,Partial College,Clerical
3997,14996,"Gill, Ross","Gill, Ross",Individual,Partial College,Clerical
3998,14997,"Cooper, Angel","Cooper, Angel",Individual,Partial College,Clerical
4001,15000,"Zhou, Kelli","Zhou, Kelli",Individual,Partial High School,Manual
4002,15001,"Lu, Autumn","Lu, Autumn",Individual,Partial High School,Manual
4006,15005,"Cooper, Adrian","Cooper, Adrian",Individual,Partial College,Skilled Manual
4007,15006,"Jackson, Grace","Jackson, Grace",Individual,Partial College,Skilled Manual
4010,15009,"Patterson, Chloe","Patterson, Chloe",Individual,Partial College,Skilled Manual
4011,15010,"Suri, Cory","Suri, Cory",Individual,Partial College,Skilled Manual
4018,15017,"Ramirez, Amanda","Ramirez, Amanda",Individual,Partial College,Skilled Manual
4050,15049,"Dominguez, Frank","Dominguez, Frank",Individual,High School,Manual
4051,15050,"Miller, Joshua","Miller, Joshua",Individual,Partial College,Manual
4055,15054,"Anand, Roger","Anand, Roger",Individual,Partial College,Manual
4056,15055,"Torres, Patrick","Torres, Patrick",Individual,Partial College,Manual
4064,15063,"Malhotra, Kari","Malhotra, Kari",Individual,Bachelors,Clerical
4066,15065,"Gao, Alejandro","Gao, Alejandro",Individual,High School,Manual
4069,15068,"Barnes, Jessica","Barnes, Jessica",Individual,Partial College,Manual
4070,15069,"Lal, Noah","Lal, Noah",Individual,Partial College,Manual
4074,15073,"Chander, Tasha","Chander, Tasha",Individual,Bachelors,Clerical
4075,15074,"Perry, Elizabeth","Perry, Elizabeth",Individual,Bachelors,Clerical
4077,15076,"Ramos, Sheila","Ramos, Sheila",Individual,Partial College,Manual
4085,15084,"Serrano, Adrienne","Serrano, Adrienne",Individual,Graduate Degree,Clerical
4091,15090,"Mehta, Troy","Mehta, Troy",Individual,High School,Manual
4092,15091,"Madan, Jermaine","Madan, Jermaine",Individual,Partial College,Manual
4093,15092,"Morris, Adrian","Morris, Adrian",Individual,Partial College,Professional
4097,15096,"Schare, Gary","Schare, Gary",Individual,Bachelors,Management
4101,15100,"Chandra, Brenda","Chandra, Brenda",Individual,Bachelors,Management
4102,15101,"Shan, Shawn","Shan, Shawn",Individual,Bachelors,Management
4106,15105,"Rana, Tina","Rana, Tina",Individual,High School,Professional
4111,15110,"Prasad, Janelle","Prasad, Janelle",Individual,Partial College,Professional
4114,15113,"Smith, Robert","Smith, Robert",Individual,High School,Professional
4115,15114,"Munoz, Erika","Munoz, Erika",Individual,Partial College,Professional
4117,15116,"Ramirez, Mackenzie","Ramirez, Mackenzie",Individual,Partial College,Management
4118,15117,"Dominguez, Dana","Dominguez, Dana",Individual,Partial College,Management
4167,15166,"Goel, Nina","Goel, Nina",Individual,Bachelors,Management
4168,15167,"Hernandez, Sara","Hernandez, Sara",Individual,Bachelors,Management
4174,15173,"Henderson, Miguel","Henderson, Miguel",Individual,Partial College,Skilled Manual
4175,15174,"Rogers, Trinity","Rogers, Trinity",Individual,High School,Skilled Manual
4194,15193,"King, Samuel","King, Samuel",Individual,Bachelors,Management
4195,15194,"Suarez, Erik","Suarez, Erik",Individual,Bachelors,Management
4196,15195,"Huang, Edwin","Huang, Edwin",Individual,Bachelors,Management
4197,15196,"Reed, Isaiah","Reed, Isaiah",Individual,Bachelors,Management
4244,15243,"Harris, Lauren","Harris, Lauren",Individual,High School,Skilled Manual
4246,15245,"Ross, Eduardo","Ross, Eduardo",Individual,High School,Skilled Manual
4247,15246,"Watson, Kaitlyn","Watson, Kaitlyn",Individual,High School,Skilled Manual
4249,15248,"Harris, Richard","Harris, Richard",Individual,High School,Skilled Manual
4250,15249,"Anderson, Abigail","Anderson, Abigail",Individual,High School,Skilled Manual
4251,15250,"Scott, Jose","Scott, Jose",Individual,High School,Skilled Manual
4253,15252,"Murphy, Jada","Murphy, Jada",Individual,High School,Skilled Manual
4255,15254,"Chapman, Carla","Chapman, Carla",Individual,High School,Skilled Manual
4256,15255,"Collins, Evan","Collins, Evan",Individual,High School,Skilled Manual
4257,15256,"Ramirez, Dalton","Ramirez, Dalton",Individual,High School,Skilled Manual
4258,15257,"Anderson, Matthew","Anderson, Matthew",Individual,High School,Skilled Manual
4259,15258,"Reed, Chloe","Reed, Chloe",Individual,High School,Skilled Manual
4260,15259,"Zhu, Franklin","Zhu, Franklin",Individual,Partial High School,Clerical
4261,15260,"Torres, Kathleen","Torres, Kathleen",Individual,Partial High School,Clerical
4270,15269,"King, Chloe","King, Chloe",Individual,High School,Skilled Manual
4271,15270,"Cox, Ariana","Cox, Ariana",Individual,High School,Skilled Manual
4272,15271,"Yang, Samuel","Yang, Samuel",Individual,High School,Skilled Manual
4273,15272,"Gonzales, Kyle","Gonzales, Kyle",Individual,High School,Skilled Manual
4274,15273,"Alexander, Brandon","Alexander, Brandon",Individual,Partial College,Skilled Manual
4275,15274,"Johnson, Alexander","Johnson, Alexander",Individual,Partial College,Skilled Manual
4276,15275,"Collins, Eric","Collins, Eric",Individual,Partial College,Skilled Manual
4277,15276,"Hall, Megan","Hall, Megan",Individual,Partial College,Skilled Manual
4278,15277,"Griffin, Hailey","Griffin, Hailey",Individual,Partial College,Skilled Manual
4279,15278,"Russell, Brandon","Russell, Brandon",Individual,Partial College,Skilled Manual
4280,15279,"Lee, Hunter","Lee, Hunter",Individual,Partial College,Skilled Manual
4281,15280,"Griffin, Mya","Griffin, Mya",Individual,Bachelors,Management
4282,15281,"Anderson, Hunter","Anderson, Hunter",Individual,Graduate Degree,Management
4283,15282,"Thomas, Elizabeth","Thomas, Elizabeth",Individual,Bachelors,Management
4285,15284,"Prasad, Jay","Prasad, Jay",Individual,Graduate Degree,Skilled Manual
4286,15285,"Rodriguez, Olivia","Rodriguez, Olivia",Individual,Graduate Degree,Skilled Manual
4287,15286,"Nelson, Thomas","Nelson, Thomas",Individual,Graduate Degree,Skilled Manual
4288,15287,"Baker, Stephanie","Baker, Stephanie",Individual,Graduate Degree,Skilled Manual
4289,15288,"Perry, Logan","Perry, Logan",Individual,Graduate Degree,Skilled Manual
4290,15289,"Gray, Katelyn","Gray, Katelyn",Individual,Graduate Degree,Skilled Manual
4291,15290,"Thompson, Edward","Thompson, Edward",Individual,Graduate Degree,Skilled Manual
4293,15292,"Bailey, Megan","Bailey, Megan",Individual,Graduate Degree,Skilled Manual
4294,15293,"Watson, Mason","Watson, Mason",Individual,Graduate Degree,Skilled Manual
4295,15294,"Robinson, Michael","Robinson, Michael",Individual,Graduate Degree,Skilled Manual
4296,15295,"Shan, Louis","Shan, Louis",Individual,Graduate Degree,Skilled Manual
4297,15296,"Peterson, Chloe","Peterson, Chloe",Individual,Graduate Degree,Skilled Manual
4298,15297,"Bryant, Nicole","Bryant, Nicole",Individual,Graduate Degree,Skilled Manual
4299,15298,"Chandra, Joe","Chandra, Joe",Individual,Bachelors,Skilled Manual
4300,15299,"Lopez, Charles","Lopez, Charles",Individual,Bachelors,Skilled Manual
4301,15300,"Butler, Seth","Butler, Seth",Individual,Graduate Degree,Skilled Manual
4302,15301,"Guo, Amy","Guo, Amy",Individual,Graduate Degree,Professional
4303,15302,"Thomas, Brianna","Thomas, Brianna",Individual,Graduate Degree,Professional
4304,15303,"Patterson, Haley","Patterson, Haley",Individual,Bachelors,Management
4306,15305,"Ortega, Jacquelyn","Ortega, Jacquelyn",Individual,Bachelors,Management
4307,15306,"Sanchez, Victoria","Sanchez, Victoria",Individual,Bachelors,Management
4308,15307,"Garcia, Jennifer","Garcia, Jennifer",Individual,Bachelors,Management
4309,15308,"Lal, Christy","Lal, Christy",Individual,Bachelors,Management
4310,15309,"Wilson, Dylan","Wilson, Dylan",Individual,Bachelors,Management
4312,15311,"Thompson, Brandon","Thompson, Brandon",Individual,Bachelors,Management
4313,15312,"Gonzales, Alexandria","Gonzales, Alexandria",Individual,Bachelors,Management
4314,15313,"Morris, Garrett","Morris, Garrett",Individual,Bachelors,Management
4315,15314,"Torres, Eduardo","Torres, Eduardo",Individual,Bachelors,Management
4316,15315,"Bennett, Katherine","Bennett, Katherine",Individual,Bachelors,Management
4317,15316,"Harris, Alexis","Harris, Alexis",Individual,Bachelors,Management
4318,15317,"Jenkins, Rachel","Jenkins, Rachel",Individual,Bachelors,Management
4319,15318,"Watson, Grace","Watson, Grace",Individual,Bachelors,Management
4320,15319,"Sanchez, Jade","Sanchez, Jade",Individual,Bachelors,Management
4321,15320,"Brooks, Eduardo","Brooks, Eduardo",Individual,Bachelors,Management
4322,15321,"Phillips, Blake","Phillips, Blake",Individual,Bachelors,Management
4323,15322,"Green, Evan","Green, Evan",Individual,Bachelors,Management
4325,15324,"Serrano, Renee","Serrano, Renee",Individual,High School,Professional
4326,15325,"Hayes, Elijah","Hayes, Elijah",Individual,Partial College,Professional
4327,15326,"Zheng, Todd","Zheng, Todd",Individual,Partial College,Professional
4328,15327,"Hernandez, Paula","Hernandez, Paula",Individual,Bachelors,Management
4329,15328,"Jackson, Fernando","Jackson, Fernando",Individual,Bachelors,Management
4330,15329,"Cox, Brianna","Cox, Brianna",Individual,Bachelors,Management
4331,15330,"Richardson, Catherine","Richardson, Catherine",Individual,Partial College,Professional
4332,15331,"Taylor, Jacob","Taylor, Jacob",Individual,Partial College,Professional
4333,15332,"Sharma, Jason","Sharma, Jason",Individual,Partial College,Professional
4334,15333,"Diaz, Marie","Diaz, Marie",Individual,Bachelors,Management
4336,15335,"Patterson, Emily","Patterson, Emily",Individual,Partial College,Professional
4337,15336,"Garcia, Marco","Garcia, Marco",Individual,Partial College,Professional
4338,15337,"Gonzales, Rachel","Gonzales, Rachel",Individual,Partial College,Professional
4339,15338,"Navarro, Marie","Navarro, Marie",Individual,Partial College,Professional
4340,15339,"Zhang, Noah","Zhang, Noah",Individual,Partial College,Professional
4342,15341,"Deng, Lacey","Deng, Lacey",Individual,Partial College,Professional
4343,15342,"Raji, Ashlee","Raji, Ashlee",Individual,Partial College,Professional
4344,15343,"Barnes, Carson","Barnes, Carson",Individual,Partial College,Professional
4345,15344,"Russell, Luke","Russell, Luke",Individual,Partial College,Professional
4346,15345,"Perry, Ashley","Perry, Ashley",Individual,Partial College,Professional
4347,15346,"Rodriguez, Charles","Rodriguez, Charles",Individual,Partial College,Professional
4348,15347,"Alonso, Deanna","Alonso, Deanna",Individual,High School,Professional
4349,15348,"Carter, Greg","Carter, Greg",Individual,Partial College,Professional
4350,15349,"Gonzalez, Stephanie","Gonzalez, Stephanie",Individual,Partial College,Professional
4351,15350,"Serrano, Kathleen","Serrano, Kathleen",Individual,Partial College,Professional
4352,15351,"Lu, Steve","Lu, Steve",Individual,Partial College,Professional
4353,15352,"Martinez, Raymond","Martinez, Raymond",Individual,Bachelors,Management
4357,15356,"Jai, Dawn","Jai, Dawn",Individual,Partial High School,Professional
4358,15357,"Navarro, Craig","Navarro, Craig",Individual,Partial High School,Professional
4359,15358,"Sanders, Danielle","Sanders, Danielle",Individual,Graduate Degree,Management
4360,15359,"Yang, Logan","Yang, Logan",Individual,Graduate Degree,Management
4361,15360,"Martin, Ryan","Martin, Ryan",Individual,Graduate Degree,Management
4362,15361,"Gonzales, Thomas","Gonzales, Thomas",Individual,Graduate Degree,Management
4365,15364,"Bryant, Aidan","Bryant, Aidan",Individual,Partial College,Professional
4366,15365,"Gray, Victoria","Gray, Victoria",Individual,Bachelors,Management
4367,15366,"Coleman, Alyssa","Coleman, Alyssa",Individual,Graduate Degree,Management
4368,15367,"White, Alyssa","White, Alyssa",Individual,Partial College,Professional
4369,15368,"Martin, Brandi","Martin, Brandi",Individual,Bachelors,Management
4370,15369,"Perez, Connor","Perez, Connor",Individual,Partial College,Professional
4371,15370,"Butler, Jessica","Butler, Jessica",Individual,Partial College,Professional
4372,15371,"Bryant, Cameron","Bryant, Cameron",Individual,Partial College,Professional
4373,15372,"Alexander, Miguel","Alexander, Miguel",Individual,Partial College,Professional
4374,15373,"Jones, Kaitlyn","Jones, Kaitlyn",Individual,Graduate Degree,Management
4380,15379,"Griffin, Amanda","Griffin, Amanda",Individual,Bachelors,Management
4381,15380,"Robinson, Nathan","Robinson, Nathan",Individual,Partial College,Professional
4382,15381,"Howard, Alexa","Howard, Alexa",Individual,Partial College,Professional
4383,15382,"Blue, Kimberly","Blue, Kimberly",Individual,Bachelors,Management
4384,15383,"Rivera, Charles","Rivera, Charles",Individual,Bachelors,Management
4385,15384,"Alan, Xavier","Alan, Xavier",Individual,Partial College,Professional
4386,15385,"Reed, Destiny","Reed, Destiny",Individual,High School,Professional
4387,15386,"Taylor, Nicholas","Taylor, Nicholas",Individual,High School,Professional
4388,15387,"Rodriguez, Miguel","Rodriguez, Miguel",Individual,Partial College,Professional
4389,15388,"Smith, Victoria","Smith, Victoria",Individual,Bachelors,Management
4390,15389,"King, Joan","King, Joan",Individual,Bachelors,Management
4391,15390,"Turner, Jonathan","Turner, Jonathan",Individual,High School,Professional
4393,15392,"Brown, Sydney","Brown, Sydney",Individual,Partial High School,Skilled Manual
4394,15393,"Ruiz, Rebekah","Ruiz, Rebekah",Individual,Graduate Degree,Management
4398,15397,"Tang, Karl","Tang, Karl",Individual,Partial College,Professional
4399,15398,"Wang, Jose","Wang, Jose",Individual,Partial College,Professional
4412,15411,"Chandra, Jay","Chandra, Jay",Individual,Graduate Degree,Management
4413,15412,"Griffin, Ryan","Griffin, Ryan",Individual,Graduate Degree,Management
4415,15414,"Richardson, Isaac","Richardson, Isaac",Individual,Graduate Degree,Management
4416,15415,"Gray, Rachel","Gray, Rachel",Individual,Graduate Degree,Management
4417,15416,"Barnes, Edward","Barnes, Edward",Individual,Graduate Degree,Management
4418,15417,"Lu, Alvin","Lu, Alvin",Individual,Graduate Degree,Management
4420,15419,"Baker, Carlos","Baker, Carlos",Individual,Bachelors,Management
4421,15420,"Hernandez, Nathan","Hernandez, Nathan",Individual,Bachelors,Management
4422,15421,"Clark, Cameron","Clark, Cameron",Individual,Bachelors,Management
4423,15422,"Griffin, Kelly","Griffin, Kelly",Individual,High School,Skilled Manual
4424,15423,"Long, Jack","Long, Jack",Individual,High School,Skilled Manual
4425,15424,"Hill, Rebecca","Hill, Rebecca",Individual,Partial College,Skilled Manual
4428,15427,"Murphy, Jade","Murphy, Jade",Individual,Partial College,Skilled Manual
4429,15428,"Howard, Richard","Howard, Richard",Individual,Partial College,Skilled Manual
4430,15429,"Li, Aaron","Li, Aaron",Individual,Partial College,Skilled Manual
4431,15430,"Jiménez, Alfredo","Jiménez, Alfredo",Individual,Partial College,Skilled Manual
4432,15431,"Jackson, John","Jackson, John",Individual,Partial College,Skilled Manual
4433,15432,"Kumar, Alvin","Kumar, Alvin",Individual,Partial College,Skilled Manual
4434,15433,"Sharma, Adam","Sharma, Adam",Individual,Partial College,Skilled Manual
4444,15443,"Patel, Francisco","Patel, Francisco",Individual,Graduate Degree,Manual
4455,15454,"Bennett, Ian","Bennett, Ian",Individual,Bachelors,Clerical
4457,15456,"Suri, Donald","Suri, Donald",Individual,Bachelors,Clerical
4458,15457,"Martinez, Adriana","Martinez, Adriana",Individual,Partial College,Manual
4459,15458,"Ma, Krystal","Ma, Krystal",Individual,Partial College,Manual
4460,15459,"Dominguez, Beth","Dominguez, Beth",Individual,Partial College,Manual
4461,15460,"Nara, Bethany","Nara, Bethany",Individual,Partial College,Manual
4467,15466,"Perez, Elijah","Perez, Elijah",Individual,Bachelors,Skilled Manual
4468,15467,"Shan, Caleb","Shan, Caleb",Individual,Bachelors,Skilled Manual
4470,15469,"Williams, Fernando","Williams, Fernando",Individual,Graduate Degree,Professional
4471,15470,"Lopez, Hailey","Lopez, Hailey",Individual,Graduate Degree,Professional
4472,15471,"White, Destiny","White, Destiny",Individual,Bachelors,Skilled Manual
4473,15472,"Torres, Jennifer","Torres, Jennifer",Individual,Bachelors,Skilled Manual
4474,15473,"Jenkins, Abigail","Jenkins, Abigail",Individual,Bachelors,Skilled Manual
4475,15474,"Lal, Cameron","Lal, Cameron",Individual,Bachelors,Skilled Manual
4476,15475,"Brooks, Kaitlyn","Brooks, Kaitlyn",Individual,Bachelors,Skilled Manual
4477,15476,"Powell, Alyssa","Powell, Alyssa",Individual,Graduate Degree,Professional
4478,15477,"Adams, Jose","Adams, Jose",Individual,Graduate Degree,Professional
4480,15479,"Wright, Andrea","Wright, Andrea",Individual,Graduate Degree,Professional
4481,15480,"Lopez, Denise","Lopez, Denise",Individual,Graduate Degree,Professional
4482,15481,"Zhang, Jamie","Zhang, Jamie",Individual,Graduate Degree,Professional
4483,15482,"Rubio, Audrey","Rubio, Audrey",Individual,Graduate Degree,Professional
4484,15483,"Robinson, Katherine","Robinson, Katherine",Individual,Graduate Degree,Professional
4485,15484,"Henderson, Samuel","Henderson, Samuel",Individual,Graduate Degree,Professional
4486,15485,"Wright, Jordan","Wright, Jordan (15485)",Individual,Graduate Degree,Professional
4487,15486,"Griffin, Kevin","Griffin, Kevin",Individual,Graduate Degree,Professional
4488,15487,"Ramirez, Jesse","Ramirez, Jesse",Individual,Graduate Degree,Professional
4490,15489,"Thompson, Emily","Thompson, Emily",Individual,Bachelors,Skilled Manual
4492,15491,"Li, Shannon","Li, Shannon",Individual,Bachelors,Skilled Manual
4493,15492,"Long, Grace","Long, Grace",Individual,Bachelors,Skilled Manual
4494,15493,"Chen, Eric","Chen, Eric",Individual,Bachelors,Skilled Manual
4496,15495,"Alonso, Craig","Alonso, Craig",Individual,High School,Skilled Manual
4497,15496,"Goel, Kelli","Goel, Kelli",Individual,High School,Skilled Manual
4498,15497,"Phillips, Katelyn","Phillips, Katelyn",Individual,Bachelors,Professional
4500,15499,"Thomas, Robert","Thomas, Robert",Individual,Graduate Degree,Professional
4501,15500,"Raji, Keith","Raji, Keith",Individual,Graduate Degree,Professional
4502,15501,"Simmons, Justin","Simmons, Justin",Individual,Graduate Degree,Professional
4503,15502,"Howard, Nathaniel","Howard, Nathaniel",Individual,Bachelors,Professional
4504,15503,"James, Caitlin","James, Caitlin",Individual,Bachelors,Skilled Manual
4505,15504,"James, Jared","James, Jared",Individual,Bachelors,Skilled Manual
4506,15505,"Bailey, Gabriella","Bailey, Gabriella",Individual,Bachelors,Skilled Manual
4507,15506,"Sanders, Evan","Sanders, Evan",Individual,Graduate Degree,Professional
4509,15508,"Brooks, Megan","Brooks, Megan",Individual,Graduate Degree,Professional
4510,15509,"Washington, Zachary","Washington, Zachary",Individual,Graduate Degree,Professional
4511,15510,"She, Ernest","She, Ernest",Individual,Graduate Degree,Professional
4513,15512,"Hayes, Jose","Hayes, Jose",Individual,Graduate Degree,Professional
4514,15513,"Perez, Madeline","Perez, Madeline",Individual,Graduate Degree,Professional
4515,15514,"Ramirez, Angela","Ramirez, Angela",Individual,Graduate Degree,Professional
4516,15515,"Wright, Carlos","Wright, Carlos",Individual,Graduate Degree,Professional
4517,15516,"Raje, Shaun","Raje, Shaun",Individual,Graduate Degree,Professional
4518,15517,"Edwards, Thomas","Edwards, Thomas",Individual,Graduate Degree,Professional
4519,15518,"Bryant, Richard","Bryant, Richard",Individual,Graduate Degree,Professional
4520,15519,"Evans, Jennifer","Evans, Jennifer",Individual,Partial High School,Clerical
4521,15520,"Navarro, Desiree","Navarro, Desiree",Individual,Bachelors,Professional
4522,15521,"Deng, Kathryn","Deng, Kathryn",Individual,Bachelors,Skilled Manual
4523,15522,"Russell, Ethan","Russell, Ethan",Individual,Graduate Degree,Professional
4524,15523,"Yang, Jonathan","Yang, Jonathan",Individual,Bachelors,Professional
4525,15524,"Stone, Dalton","Stone, Dalton",Individual,Bachelors,Skilled Manual
4526,15525,"Gonzalez, Marie","Gonzalez, Marie",Individual,Bachelors,Skilled Manual
4528,15527,"Rivera, Megan","Rivera, Megan",Individual,Bachelors,Skilled Manual
4529,15528,"Ramirez, Lucas","Ramirez, Lucas",Individual,Bachelors,Professional
4530,15529,"Allen, Jason","Allen, Jason",Individual,Bachelors,Professional
4532,15531,"Raji, Calvin","Raji, Calvin",Individual,Bachelors,Professional
4533,15532,"Jai, Marshall","Jai, Marshall",Individual,Bachelors,Professional
4534,15533,"Richardson, Anna","Richardson, Anna",Individual,Bachelors,Professional
4535,15534,"Bell, Steven","Bell, Steven",Individual,Bachelors,Professional
4536,15535,"Scott, Jordan","Scott, Jordan (15535)",Individual,Bachelors,Professional
4538,15537,"Peterson, Destiny","Peterson, Destiny",Individual,Graduate Degree,Professional
4539,15538,"Lal, Luis","Lal, Luis",Individual,Graduate Degree,Professional
4540,15539,"Goel, Raul","Goel, Raul",Individual,Bachelors,Professional
4541,15540,"Ortega, Randall","Ortega, Randall",Individual,Bachelors,Professional
4542,15541,"Morris, Zoe","Morris, Zoe",Individual,Bachelors,Professional
4543,15542,"Baker, Andrea","Baker, Andrea",Individual,Bachelors,Professional
4545,15544,"Brown, Thomas","Brown, Thomas",Individual,Partial College,Skilled Manual
4546,15545,"Rivera, Jennifer","Rivera, Jennifer",Individual,High School,Skilled Manual
4547,15546,"Jenkins, Robert","Jenkins, Robert",Individual,High School,Skilled Manual
4548,15547,"Wood, Cassidy","Wood, Cassidy",Individual,Partial College,Skilled Manual
4549,15548,"Brooks, Morgan","Brooks, Morgan",Individual,High School,Skilled Manual
4551,15550,"Alonso, Orlando","Alonso, Orlando",Individual,Partial College,Skilled Manual
4552,15551,"Gray, Kaylee","Gray, Kaylee",Individual,Partial College,Skilled Manual
4553,15552,"Lewis, Tyler","Lewis, Tyler",Individual,Partial College,Skilled Manual
4554,15553,"Lopez, Ivan","Lopez, Ivan",Individual,Graduate Degree,Professional
4555,15554,"Bailey, Zoe","Bailey, Zoe",Individual,Graduate Degree,Professional
4556,15555,"Barnes, Hailey","Barnes, Hailey",Individual,Partial College,Skilled Manual
4558,15557,"Murphy, Nathaniel","Murphy, Nathaniel",Individual,Partial College,Skilled Manual
4559,15558,"Morris, Hailey","Morris, Hailey",Individual,Partial College,Skilled Manual
4561,15560,"Gray, Gabrielle","Gray, Gabrielle",Individual,Bachelors,Professional
4562,15561,"Young, Angel","Young, Angel",Individual,Bachelors,Professional
4563,15562,"James, Kaitlyn","James, Kaitlyn",Individual,Bachelors,Professional
4566,15565,"Mitchell, Kyle","Mitchell, Kyle",Individual,Graduate Degree,Professional
4569,15568,"Hayes, Aaron","Hayes, Aaron",Individual,Partial College,Skilled Manual
4570,15569,"Ward, Morgan","Ward, Morgan",Individual,Partial College,Skilled Manual
4571,15570,"Powell, Brianna","Powell, Brianna",Individual,Bachelors,Professional
4574,15573,"Wilson, Thomas","Wilson, Thomas",Individual,Bachelors,Professional
4575,15574,"Peterson, Carlos","Peterson, Carlos",Individual,Bachelors,Professional
4609,15608,"James, Faith","James, Faith",Individual,Partial College,Clerical
4619,15618,"Sharma, Gabriel","Sharma, Gabriel",Individual,Bachelors,Skilled Manual
4623,15622,"Schleger, Yvonne","Schleger, Yvonne",Individual,High School,Manual
4626,15625,"Alvarez, Clinton","Alvarez, Clinton",Individual,Partial College,Clerical
4627,15626,"White, Eduardo","White, Eduardo",Individual,Partial College,Clerical
4628,15627,"Srini, Troy","Srini, Troy",Individual,Partial College,Clerical
4629,15628,"Sandberg, Brianna","Sandberg, Brianna",Individual,Bachelors,Skilled Manual
4630,15629,"Ruiz, Meghan","Ruiz, Meghan",Individual,Partial High School,Manual
4634,15633,"Shan, Ashlee","Shan, Ashlee",Individual,Partial High School,Manual
4637,15636,"White, David","White, David",Individual,Partial College,Clerical
4650,15649,"Jimenez, Melinda","Jimenez, Melinda",Individual,Bachelors,Clerical
4656,15655,"Gomez, Deanna","Gomez, Deanna",Individual,Partial College,Manual
4657,15656,"Zhao, Darryl","Zhao, Darryl",Individual,Partial College,Manual
4660,15659,"Rivera, Angela","Rivera, Angela",Individual,Partial College,Manual
4665,15664,"Vazquez, Jill","Vazquez, Jill",Individual,Bachelors,Clerical
4668,15667,"Ramos, Hector","Ramos, Hector",Individual,Bachelors,Clerical
4673,15672,"Nara, Kelvin","Nara, Kelvin",Individual,Partial College,Manual
4675,15674,"Raheem, Tommy","Raheem, Tommy",Individual,Bachelors,Clerical
4676,15675,"Alonso, Jay","Alonso, Jay",Individual,Graduate Degree,Clerical
4681,15680,"She, Tasha","She, Tasha",Individual,High School,Manual
4683,15682,"Garcia, Heidi","Garcia, Heidi",Individual,Bachelors,Management
4684,15683,"Carlson, Jessie","Carlson, Jessie",Individual,Partial College,Professional
4685,15684,"Suarez, Tyrone","Suarez, Tyrone",Individual,Partial College,Professional
4686,15685,"Vazquez, Robin","Vazquez, Robin",Individual,Bachelors,Management
4690,15689,"Wang, Stacey","Wang, Stacey",Individual,Partial College,Professional
4694,15693,"Barnes, Isabel","Barnes, Isabel",Individual,High School,Professional
4698,15697,"Morris, Julia","Morris, Julia",Individual,Partial College,Professional
4699,15698,"Wang, Susan","Wang, Susan",Individual,Bachelors,Management
4704,15703,"Chande, Alison","Chande, Alison",Individual,High School,Professional
4705,15704,"Luo, Peter","Luo, Peter",Individual,High School,Professional
4706,15705,"Simmons, Gabriel","Simmons, Gabriel",Individual,Partial College,Management
4708,15707,"Rubio, Robin","Rubio, Robin",Individual,Partial College,Management
4709,15708,"Jai, Nina","Jai, Nina",Individual,High School,Management
4737,15736,"Raje, Sheena","Raje, Sheena",Individual,Graduate Degree,Management
4738,15737,"Robinson, Alexander","Robinson, Alexander",Individual,Graduate Degree,Management
4739,15738,"Miller, Abigail","Miller, Abigail",Individual,Graduate Degree,Management
4740,15739,"Rogers, Garrett","Rogers, Garrett",Individual,Bachelors,Management
4741,15740,"Kumar, Johnny","Kumar, Johnny",Individual,Bachelors,Management
4742,15741,"Allen, Isabella","Allen, Isabella",Individual,Bachelors,Management
4743,15742,"Thompson, Grace","Thompson, Grace",Individual,Bachelors,Management
4744,15743,"Thompson, Chloe","Thompson, Chloe",Individual,Graduate Degree,Management
4745,15744,"Gray, Angela","Gray, Angela",Individual,Graduate Degree,Management
4746,15745,"Hayes, Julian","Hayes, Julian",Individual,Graduate Degree,Management
4747,15746,"Walker, Emily","Walker, Emily",Individual,Bachelors,Management
4748,15747,"Nelson, Evan","Nelson, Evan",Individual,Bachelors,Management
4750,15749,"Brown, Grace","Brown, Grace",Individual,Bachelors,Management
4751,15750,"Martinez, Kaitlin","Martinez, Kaitlin",Individual,Partial College,Professional
4760,15759,"Brooks, Erin","Brooks, Erin",Individual,Bachelors,Management
4764,15763,"Young, Xavier","Young, Xavier",Individual,Partial College,Professional
4769,15768,"Walker, Victoria","Walker, Victoria",Individual,Graduate Degree,Management
4770,15769,"Coleman, Kelly","Coleman, Kelly",Individual,Graduate Degree,Management
4771,15770,"Brooks, Xavier","Brooks, Xavier",Individual,Bachelors,Management
4772,15771,"Diaz, Maria","Diaz, Maria",Individual,Graduate Degree,Management
4773,15772,"Anderson, Christopher","Anderson, Christopher",Individual,Partial High School,Skilled Manual
4774,15773,"Jenkins, Dylan","Jenkins, Dylan",Individual,Partial High School,Skilled Manual
4775,15774,"Kelly, Natalie","Kelly, Natalie",Individual,High School,Professional
4776,15775,"Ward, Michelle","Ward, Michelle",Individual,High School,Professional
4777,15776,"Mitchell, Jesse","Mitchell, Jesse",Individual,High School,Professional
4778,15777,"Smith, Brianna","Smith, Brianna",Individual,High School,Professional
4779,15778,"Miller, José","Miller, José",Individual,Partial College,Professional
4780,15779,"Hayes, Jackson","Hayes, Jackson",Individual,Partial College,Professional
4781,15780,"McDonald, Claudia","McDonald, Claudia (15780)",Individual,Partial College,Professional
4782,15781,"Evans, Blake","Evans, Blake",Individual,Bachelors,Management
4783,15782,"Collins, Katelyn","Collins, Katelyn",Individual,Partial College,Professional
4814,15813,"Diaz, Julian","Diaz, Julian",Individual,High School,Skilled Manual
4815,15814,"Subram, Monica","Subram, Monica",Individual,High School,Skilled Manual
4818,15817,"Alexander, Chloe","Alexander, Chloe",Individual,High School,Skilled Manual
4819,15818,"Perez, Stanley","Perez, Stanley",Individual,High School,Skilled Manual
4820,15819,"Cox, Savannah","Cox, Savannah",Individual,High School,Skilled Manual
4821,15820,"Ward, Chase","Ward, Chase",Individual,High School,Skilled Manual
4822,15821,"Anderson, Logan","Anderson, Logan",Individual,High School,Skilled Manual
4825,15824,"Kumar, Lindsay","Kumar, Lindsay",Individual,Partial High School,Clerical
4826,15825,"Simmons, Angela","Simmons, Angela",Individual,High School,Skilled Manual
4828,15827,"Ward, Danielle","Ward, Danielle",Individual,High School,Skilled Manual
4835,15834,"Green, Rebecca","Green, Rebecca",Individual,Partial College,Skilled Manual
4836,15835,"Smith, Marcus","Smith, Marcus",Individual,Partial College,Skilled Manual
4837,15836,"Jackson, Devin","Jackson, Devin",Individual,Partial College,Skilled Manual
4838,15837,"Johnston, Julia","Johnston, Julia",Individual,High School,Skilled Manual
4839,15838,"Taylor, Julia","Taylor, Julia",Individual,Partial College,Skilled Manual
4840,15839,"Taylor, William","Taylor, William",Individual,Partial College,Skilled Manual
4841,15840,"Peterson, Natalie","Peterson, Natalie",Individual,Partial College,Skilled Manual
4842,15841,"Shan, Luis","Shan, Luis",Individual,Bachelors,Management
4843,15842,"Gray, Haley","Gray, Haley",Individual,Bachelors,Management
4844,15843,"Wright, Caleb","Wright, Caleb",Individual,Bachelors,Management
4845,15844,"Brown, Megan","Brown, Megan",Individual,Bachelors,Management
4846,15845,"Carter, Mackenzie","Carter, Mackenzie",Individual,Bachelors,Management
4850,15849,"Kelly, Destiny","Kelly, Destiny",Individual,Graduate Degree,Management
4852,15851,"Anderson, Taylor","Anderson, Taylor",Individual,Graduate Degree,Management
4853,15852,"Henderson, Oscar","Henderson, Oscar",Individual,Bachelors,Management
4854,15853,"Brown, Jasmine","Brown, Jasmine",Individual,Bachelors,Management
4855,15854,"Wood, Miranda","Wood, Miranda",Individual,Bachelors,Management
4862,15861,"Zhao, Damien","Zhao, Damien",Individual,Partial College,Clerical
4863,15862,"Narayanan, Sriniwa","Narayanan, Sriniwa",Individual,Graduate Degree,Skilled Manual
4866,15865,"Price, Isabel","Price, Isabel",Individual,High School,Skilled Manual
4868,15867,"White, Victoria","White, Victoria",Individual,Graduate Degree,Skilled Manual
4870,15869,"Hall, Alexandra","Hall, Alexandra (15869)",Individual,Graduate Degree,Skilled Manual
4871,15870,"Howard, Zoe","Howard, Zoe",Individual,Graduate Degree,Skilled Manual
4872,15871,"Jai, Ryan","Jai, Ryan",Individual,Graduate Degree,Skilled Manual
4874,15873,"Richardson, Hailey","Richardson, Hailey",Individual,Graduate Degree,Professional
4876,15875,"Morris, Devin","Morris, Devin",Individual,Bachelors,Management
4878,15877,"Perez, Jordan","Perez, Jordan",Individual,Bachelors,Management
4881,15880,"Bailey, Patrick","Bailey, Patrick",Individual,Bachelors,Management
4883,15882,"Xie, Maurice","Xie, Maurice",Individual,Bachelors,Management
4884,15883,"Coleman, Tristan","Coleman, Tristan",Individual,Bachelors,Management
4885,15884,"Bradley, Dakota","Bradley, Dakota",Individual,Bachelors,Management
4886,15885,"Sanchez, Garrett","Sanchez, Garrett",Individual,Bachelors,Management
4887,15886,"Brown, Matthew","Brown, Matthew",Individual,Bachelors,Management
4888,15887,"Vazquez, Deanna","Vazquez, Deanna",Individual,Bachelors,Management
4898,15897,"Cooper, Haley","Cooper, Haley",Individual,Partial College,Professional
4899,15898,"Gonzalez, Isaiah","Gonzalez, Isaiah",Individual,Partial College,Professional
4900,15899,"James, Ian","James, Ian",Individual,Partial College,Professional
4902,15901,"Bryant, Taylor","Bryant, Taylor",Individual,Partial College,Professional
4903,15902,"Diaz, Robert","Diaz, Robert",Individual,Partial College,Professional
4904,15903,"Barnes, Abigail","Barnes, Abigail (15903)",Individual,Partial College,Professional
4905,15904,"Bennett, Janice","Bennett, Janice",Individual,Partial College,Professional
4908,15907,"Bailey, Steven","Bailey, Steven",Individual,Partial College,Professional
4909,15908,"Wilson, David","Wilson, David",Individual,Partial College,Professional
4910,15909,"Ross, Cassidy","Ross, Cassidy",Individual,Partial College,Professional
4911,15910,"Hughes, Caleb","Hughes, Caleb",Individual,Partial College,Professional
4912,15911,"Baker, Maria","Baker, Maria",Individual,High School,Professional
4913,15912,"Simmons, Mya","Simmons, Mya",Individual,High School,Professional
4915,15914,"Bryant, Logan","Bryant, Logan",Individual,Partial College,Professional
4916,15915,"Cox, Alex","Cox, Alex",Individual,Partial College,Professional
4919,15918,"Ruiz, Roberto","Ruiz, Roberto",Individual,Partial College,Professional
4927,15926,"Deng, Donna","Deng, Donna",Individual,High School,Professional
4928,15927,"Huang, Gilbert","Huang, Gilbert",Individual,High School,Professional
4929,15928,"Pal, Priscilla","Pal, Priscilla",Individual,High School,Professional
4933,15932,"Jimenez, Tabitha","Jimenez, Tabitha",Individual,Partial College,Professional
4935,15934,"Raji, Nichole","Raji, Nichole",Individual,Partial College,Professional
4936,15935,"King, Amber","King, Amber",Individual,Graduate Degree,Management
4937,15936,"Johnson, Abigail","Johnson, Abigail",Individual,Bachelors,Management
4938,15937,"Lewis, Grace","Lewis, Grace",Individual,Partial College,Professional
4939,15938,"Collins, Sean","Collins, Sean",Individual,Partial College,Professional
4940,15939,"Brown, Jennifer","Brown, Jennifer",Individual,Partial College,Professional
4941,15940,"Bryant, Jack","Bryant, Jack",Individual,Partial College,Professional
4942,15941,"Brooks, Bailey","Brooks, Bailey",Individual,Bachelors,Management
4945,15944,"Lu, Damien","Lu, Damien",Individual,Partial College,Professional
4946,15945,"Kelly, Alexandria","Kelly, Alexandria",Individual,Partial College,Professional
4947,15946,"Wilson, Wyatt","Wilson, Wyatt",Individual,Bachelors,Management
4948,15947,"Blue, Michelle","Blue, Michelle",Individual,Partial College,Professional
4949,15948,"Hughes, Angela","Hughes, Angela",Individual,Bachelors,Management
4950,15949,"Green, Katherine","Green, Katherine",Individual,Bachelors,Management
4951,15950,"Peterson, Erin","Peterson, Erin",Individual,Partial College,Professional
4952,15951,"Baker, Jenna","Baker, Jenna",Individual,Partial College,Professional
4953,15952,"Cooper, Evan","Cooper, Evan",Individual,Partial College,Professional
4954,15953,"Moreno, Julio","Moreno, Julio",Individual,Graduate Degree,Management
4955,15954,"Deng, Marshall","Deng, Marshall",Individual,Partial College,Professional
4956,15955,"Ortega, Neil","Ortega, Neil",Individual,Bachelors,Management
4957,15956,"Li, Ryan","Li, Ryan",Individual,Bachelors,Management
4958,15957,"Ross, Samuel","Ross, Samuel",Individual,Bachelors,Management
4959,15958,"Ross, Nicole","Ross, Nicole",Individual,Partial College,Professional
4960,15959,"Rodriguez, Logan","Rodriguez, Logan",Individual,Partial College,Professional
4961,15960,"Bryant, Brianna","Bryant, Brianna",Individual,Partial College,Professional
4962,15961,"Walker, Ashley","Walker, Ashley",Individual,Partial College,Professional
4963,15962,"Winter, Benjamin","Winter, Benjamin",Individual,High School,Professional
4964,15963,"Smith, Madison","Smith, Madison",Individual,High School,Professional
4965,15964,"Cox, Steven","Cox, Steven",Individual,Bachelors,Management
4966,15965,"Watson, Jennifer","Watson, Jennifer",Individual,Partial College,Professional
4967,15966,"Foster, Natalie","Foster, Natalie",Individual,High School,Professional
4968,15967,"Diaz, Dakota","Diaz, Dakota",Individual,High School,Professional
4969,15968,"Gonzalez, Edward","Gonzalez, Edward",Individual,High School,Professional
4970,15969,"Murphy, Sean","Murphy, Sean",Individual,High School,Professional
4971,15970,"Thompson, Samuel","Thompson, Samuel",Individual,Partial High School,Skilled Manual
4972,15971,"Jenkins, Ryan","Jenkins, Ryan",Individual,Graduate Degree,Management
4973,15972,"Bailey, Caitlin","Bailey, Caitlin",Individual,Graduate Degree,Management
4974,15973,"Garcia, Christopher","Garcia, Christopher",Individual,Graduate Degree,Management
4976,15975,"Collins, Gabrielle","Collins, Gabrielle",Individual,High School,Professional
4977,15976,"Patel, Kristopher","Patel, Kristopher",Individual,High School,Professional
4978,15977,"Harris, Julia","Harris, Julia",Individual,High School,Professional
4979,15978,"Walker, Xavier","Walker, Xavier",Individual,High School,Professional
4980,15979,"Cook, Nicole","Cook, Nicole",Individual,High School,Professional
4983,15982,"Evans, Jose","Evans, Jose",Individual,Partial College,Professional
4984,15983,"Ross, Alexis","Ross, Alexis",Individual,Partial College,Professional
4985,15984,"Wright, Nathan","Wright, Nathan",Individual,Bachelors,Management
4986,15985,"Johnson, Devin","Johnson, Devin",Individual,Bachelors,Management
4992,15991,"Taylor, David","Taylor, David",Individual,Graduate Degree,Management
4993,15992,"Alexander, Isabelle","Alexander, Isabelle",Individual,Graduate Degree,Management
4995,15994,"Blue, Olivia","Blue, Olivia",Individual,Partial College,Professional
4996,15995,"Johnson, Kaitlyn","Johnson, Kaitlyn",Individual,Partial College,Professional
4999,15998,"Flores, Marissa","Flores, Marissa",Individual,Graduate Degree,Management
5000,15999,"Hill, Maria","Hill, Maria",Individual,Graduate Degree,Management
5002,16001,"Pal, Ricardo","Pal, Ricardo",Individual,Graduate Degree,Management
5003,16002,"Hayes, Paige","Hayes, Paige",Individual,Graduate Degree,Management
5004,16003,"Robinson, Carol","Robinson, Carol",Individual,Graduate Degree,Management
5005,16004,"Martinez, Joe","Martinez, Joe",Individual,Bachelors,Management
5007,16006,"Henderson, Angelica","Henderson, Angelica",Individual,Graduate Degree,Management
5008,16007,"Gonzalez, Janelle","Gonzalez, Janelle",Individual,Bachelors,Management
5009,16008,"Allen, Morgan","Allen, Morgan",Individual,Graduate Degree,Management
5011,16010,"Wood, Nicole","Wood, Nicole",Individual,Graduate Degree,Management
5014,16013,"Williams, Xavier","Williams, Xavier",Individual,Partial College,Skilled Manual
5015,16014,"Wilson, Christopher","Wilson, Christopher",Individual,Bachelors,Management
5016,16015,"Cooper, Jessica","Cooper, Jessica",Individual,Partial College,Skilled Manual
5018,16017,"Ramirez, Jeremy","Ramirez, Jeremy",Individual,Partial College,Skilled Manual
5019,16018,"Henderson, Emma","Henderson, Emma",Individual,Partial College,Skilled Manual
5020,16019,"Hernandez, Amber","Hernandez, Amber",Individual,Partial College,Skilled Manual
5023,16022,"Hernandez, Devin","Hernandez, Devin",Individual,Partial High School,Clerical
5025,16024,"Hill, Isaac","Hill, Isaac",Individual,Partial College,Skilled Manual
5035,16034,"Suri, Pamela","Suri, Pamela",Individual,Graduate Degree,Manual
5038,16037,"Kelly, Melissa","Kelly, Melissa",Individual,Bachelors,Manual
5040,16039,"Yang, Steve","Yang, Steve",Individual,Bachelors,Manual
5045,16044,"Rai, Connie","Rai, Connie",Individual,Bachelors,Manual
5048,16047,"Johnson, Taylor","Johnson, Taylor",Individual,Partial College,Manual
5049,16048,"Yang, Kelli","Yang, Kelli",Individual,Partial College,Manual
5050,16049,"Nara, Ashlee","Nara, Ashlee",Individual,Partial College,Manual
5056,16055,"Lee, Ryan","Lee, Ryan",Individual,Partial College,Manual
5058,16057,"Gomez, Michele","Gomez, Michele",Individual,Partial College,Manual
5060,16059,"Carlson, Jésus","Carlson, Jésus",Individual,Bachelors,Clerical
5061,16060,"Griffin, Antonio","Griffin, Antonio",Individual,Bachelors,Skilled Manual
5062,16061,"Butler, Miguel","Butler, Miguel",Individual,Bachelors,Skilled Manual
5063,16062,"Johnson, Katherine","Johnson, Katherine",Individual,Bachelors,Skilled Manual
5064,16063,"Kapoor, Francisco","Kapoor, Francisco",Individual,Bachelors,Skilled Manual
5065,16064,"Griffin, Isabella","Griffin, Isabella",Individual,Bachelors,Skilled Manual
5066,16065,"Torres, Makayla","Torres, Makayla",Individual,Bachelors,Skilled Manual
5067,16066,"Ramirez, Alex","Ramirez, Alex",Individual,Bachelors,Skilled Manual
5068,16067,"Butler, Maria","Butler, Maria",Individual,Bachelors,Skilled Manual
5069,16068,"Shen, Jerry","Shen, Jerry",Individual,Bachelors,Skilled Manual
5070,16069,"Hall, Brianna","Hall, Brianna",Individual,Bachelors,Skilled Manual
5071,16070,"Phillips, Sierra","Phillips, Sierra",Individual,Graduate Degree,Professional
5073,16072,"Evans, Caleb","Evans, Caleb",Individual,Graduate Degree,Professional
5074,16073,"Bryant, Miranda","Bryant, Miranda",Individual,Graduate Degree,Professional
5075,16074,"Roberts, Caleb","Roberts, Caleb",Individual,Graduate Degree,Professional
5076,16075,"Johnson, Alexis","Johnson, Alexis",Individual,Graduate Degree,Professional
5077,16076,"Rogers, Catherine","Rogers, Catherine",Individual,Graduate Degree,Professional
5078,16077,"Rogers, Stephanie","Rogers, Stephanie",Individual,Graduate Degree,Professional
5079,16078,"James, Nicole","James, Nicole",Individual,Graduate Degree,Professional
5080,16079,"Carter, Natalie","Carter, Natalie",Individual,Graduate Degree,Professional
5081,16080,"Patterson, Oscar","Patterson, Oscar",Individual,High School,Skilled Manual
5082,16081,"Cai, Arturo","Cai, Arturo",Individual,Bachelors,Skilled Manual
5083,16082,"Zeng, Autumn","Zeng, Autumn",Individual,Bachelors,Skilled Manual
5085,16084,"Wright, Allison","Wright, Allison",Individual,Bachelors,Professional
5087,16086,"Watson, Charles","Watson, Charles",Individual,Graduate Degree,Professional
5088,16087,"Chen, Micah","Chen, Micah",Individual,Graduate Degree,Professional
5089,16088,"Sanders, Bryce","Sanders, Bryce",Individual,Bachelors,Professional
5092,16091,"Lewis, Alyssa","Lewis, Alyssa",Individual,Bachelors,Skilled Manual
5093,16092,"Bryant, Jessica","Bryant, Jessica",Individual,Graduate Degree,Professional
5094,16093,"Morris, Kaitlyn","Morris, Kaitlyn",Individual,Graduate Degree,Professional
5095,16094,"Brown, Kayla","Brown, Kayla",Individual,Graduate Degree,Professional
5096,16095,"Garcia, Marcus","Garcia, Marcus",Individual,Graduate Degree,Professional
5100,16099,"Jenkins, Julian","Jenkins, Julian",Individual,Graduate Degree,Professional
5101,16100,"Johnson, Jose","Johnson, Jose",Individual,Graduate Degree,Professional
5102,16101,"Lopez, Mary","Lopez, Mary",Individual,Graduate Degree,Professional
5103,16102,"Alexander, Marcus","Alexander, Marcus",Individual,Bachelors,Professional
5105,16104,"Hernandez, Jordan","Hernandez, Jordan (16104)",Individual,Bachelors,Skilled Manual
5106,16105,"Diaz, Kristy","Diaz, Kristy",Individual,Bachelors,Skilled Manual
5127,16126,"Kelly, Faith","Kelly, Faith",Individual,Partial College,Skilled Manual
5128,16127,"Edwards, Amanda","Edwards, Amanda",Individual,Partial College,Skilled Manual
5130,16129,"Russell, Jordyn","Russell, Jordyn",Individual,High School,Skilled Manual
5131,16130,"Seamans, Mike","Seamans, Mike",Individual,Bachelors,Professional
5132,16131,"Romero, Albert","Romero, Albert",Individual,Bachelors,Professional
5135,16134,"Hernandez, Roy","Hernandez, Roy",Individual,Partial College,Skilled Manual
5136,16135,"Raman, Chelsea","Raman, Chelsea",Individual,Partial College,Skilled Manual
5137,16136,"Srini, George","Srini, George",Individual,Partial College,Skilled Manual
5138,16137,"King, Timothy","King, Timothy",Individual,Partial College,Skilled Manual
5139,16138,"Butler, David","Butler, David",Individual,Graduate Degree,Professional
5140,16139,"Alexander, Jacqueline","Alexander, Jacqueline",Individual,Partial College,Skilled Manual
5142,16141,"Ramirez, Shelby","Ramirez, Shelby",Individual,Partial College,Skilled Manual
5143,16142,"King, Sophia","King, Sophia",Individual,Bachelors,Professional
5144,16143,"Evans, Sara","Evans, Sara",Individual,Bachelors,Professional
5145,16144,"Kelly, Patrick","Kelly, Patrick",Individual,Graduate Degree,Professional
5146,16145,"Anderson, Sydney","Anderson, Sydney",Individual,Graduate Degree,Professional
5147,16146,"Saunders, Jacquelyn","Saunders, Jacquelyn",Individual,Graduate Degree,Professional
5197,16196,"Raheem, Kurt","Raheem, Kurt",Individual,Bachelors,Skilled Manual
5198,16197,"Prasad, Heidi","Prasad, Heidi",Individual,Partial High School,Manual
5200,16199,"Xie, Terrence","Xie, Terrence",Individual,Partial College,Clerical
5207,16206,"Lewis, Cindy","Lewis, Cindy",Individual,Partial College,Clerical
5208,16207,"Shan, Jordan","Shan, Jordan",Individual,Partial College,Clerical
5209,16208,"Chandra, Ruth","Chandra, Ruth",Individual,Partial College,Clerical
5215,16214,"Fernandez, Brett","Fernandez, Brett",Individual,Graduate Degree,Skilled Manual
5216,16215,"Turner, Thomas","Turner, Thomas",Individual,Graduate Degree,Skilled Manual
5217,16216,"Mitchell, Charles","Mitchell, Charles",Individual,Graduate Degree,Skilled Manual
5218,16217,"Gonzales, Amanda","Gonzales, Amanda",Individual,Graduate Degree,Skilled Manual
5219,16218,"Simmons, Julia","Simmons, Julia",Individual,Bachelors,Skilled Manual
5222,16221,"Saunders, Darren","Saunders, Darren",Individual,Bachelors,Skilled Manual
5223,16222,"Anderson, Brandon","Anderson, Brandon",Individual,Bachelors,Skilled Manual
5224,16223,"Collins, Carlos","Collins, Carlos",Individual,Bachelors,Skilled Manual
5225,16224,"Martinez, Jacob","Martinez, Jacob",Individual,Bachelors,Skilled Manual
5226,16225,"Nelson, Wyatt","Nelson, Wyatt",Individual,Bachelors,Skilled Manual
5227,16226,"Blue, Maria","Blue, Maria",Individual,Partial College,Clerical
5228,16227,"Lopez, Eric","Lopez, Eric",Individual,High School,Clerical
5229,16228,"Zhu, Rafael","Zhu, Rafael",Individual,Partial College,Clerical
5230,16229,"Chande, Wayne","Chande, Wayne",Individual,Partial College,Clerical
5231,16230,"Blanco, Craig","Blanco, Craig",Individual,Partial College,Clerical
5232,16231,"Martin, Dana","Martin, Dana",Individual,Partial College,Clerical
5233,16232,"Richardson, Chase","Richardson, Chase",Individual,Partial College,Clerical
5234,16233,"King, Rebecca","King, Rebecca",Individual,Graduate Degree,Skilled Manual
5235,16234,"Martin, Wyatt","Martin, Wyatt",Individual,Partial College,Clerical
5236,16235,"Morris, Sebastian","Morris, Sebastian",Individual,Partial College,Clerical
5253,16252,"Jiménez, Danny","Jiménez, Danny",Individual,Partial High School,Manual
5254,16253,"Lal, Bethany","Lal, Bethany",Individual,Partial College,Manual
5264,16263,"Robinson, Eduardo","Robinson, Eduardo",Individual,Bachelors,Clerical
5268,16267,"Chen, Edwin","Chen, Edwin",Individual,Bachelors,Skilled Manual
5270,16269,"Nath, Tara","Nath, Tara",Individual,Bachelors,Skilled Manual
5271,16270,"Hernandez, Jerome","Hernandez, Jerome",Individual,Bachelors,Skilled Manual
5272,16271,"Gutierrez, Michele","Gutierrez, Michele",Individual,High School,Manual
5275,16274,"Diaz, Ross","Diaz, Ross",Individual,Partial High School,Manual
5277,16276,"Carlson, Brandi","Carlson, Brandi",Individual,High School,Manual
5279,16278,"Turner, Angel","Turner, Angel",Individual,Partial College,Manual
5280,16279,"Patterson, Victoria","Patterson, Victoria",Individual,Partial High School,Manual
5281,16280,"Ma, Glenn","Ma, Glenn",Individual,Partial High School,Manual
5285,16284,"Perez, Troy","Perez, Troy",Individual,High School,Manual
5291,16290,"Nath, Russell","Nath, Russell",Individual,Partial College,Clerical
5293,16292,"Lal, Carly","Lal, Carly",Individual,Bachelors,Skilled Manual
5298,16297,"Garcia, Deanna","Garcia, Deanna",Individual,Bachelors,Skilled Manual
5299,16298,"Sanz, Adrienne","Sanz, Adrienne",Individual,Bachelors,Skilled Manual
5300,16299,"Tang, Alison","Tang, Alison",Individual,High School,Manual
5304,16303,"Yuan, Tracy","Yuan, Tracy",Individual,High School,Manual
5305,16304,"Moore, Justin","Moore, Justin",Individual,High School,Manual
5306,16305,"Gonzalez, Stanley","Gonzalez, Stanley",Individual,Partial College,Clerical
5308,16307,"Sun, Kelli","Sun, Kelli",Individual,Bachelors,Skilled Manual
5310,16309,"Ortega, Desiree","Ortega, Desiree",Individual,Bachelors,Skilled Manual
5314,16313,"Russell, Hailey","Russell, Hailey",Individual,Partial College,Clerical
5317,16316,"Hu, Kelli","Hu, Kelli",Individual,Partial College,Clerical
5327,16326,"Romero, Jésus","Romero, Jésus",Individual,Partial High School,Manual
5328,16327,"Diaz, Darren","Diaz, Darren",Individual,Partial High School,Manual
5334,16333,"Hill, Caleb","Hill, Caleb",Individual,Partial College,Skilled Manual
5335,16334,"Bailey, Natalie","Bailey, Natalie",Individual,Partial College,Skilled Manual
5336,16335,"Lu, Kristen","Lu, Kristen",Individual,Partial College,Skilled Manual
5341,16340,"Mitchell, Sean","Mitchell, Sean",Individual,Partial College,Skilled Manual
5354,16353,"Xu, Alejandro","Xu, Alejandro",Individual,Partial College,Skilled Manual
5355,16354,"Torres, Janet","Torres, Janet",Individual,High School,Skilled Manual
5356,16355,"Foster, Sam","Foster, Sam",Individual,High School,Skilled Manual
5358,16357,"Russell, Margaret","Russell, Margaret",Individual,High School,Skilled Manual
5360,16359,"Richardson, Shelby","Richardson, Shelby",Individual,High School,Clerical
5361,16360,"Garcia, Justin","Garcia, Justin",Individual,High School,Clerical
5372,16371,"Diaz, Caleb","Diaz, Caleb",Individual,Partial College,Clerical
5373,16372,"Foster, Vanessa","Foster, Vanessa",Individual,Partial College,Clerical
5374,16373,"Cook, Sara","Cook, Sara",Individual,Partial College,Clerical
5375,16374,"Phillips, Edward","Phillips, Edward",Individual,Partial College,Clerical
5376,16375,"Hernandez, Gabriella","Hernandez, Gabriella",Individual,Partial College,Clerical
5377,16376,"Wright, Maria","Wright, Maria",Individual,Partial College,Clerical
5378,16377,"Adams, Jordan","Adams, Jordan (16377)",Individual,Graduate Degree,Skilled Manual
5379,16378,"Baker, Hailey","Baker, Hailey",Individual,Graduate Degree,Skilled Manual
5380,16379,"Jimenez, Marc","Jimenez, Marc",Individual,Graduate Degree,Skilled Manual
5382,16381,"Davis, Kayla","Davis, Kayla",Individual,Graduate Degree,Skilled Manual
5383,16382,"Davis, Jennifer","Davis, Jennifer",Individual,Graduate Degree,Skilled Manual
5384,16383,"Kelly, Brian","Kelly, Brian",Individual,Graduate Degree,Skilled Manual
5385,16384,"Reed, Jada","Reed, Jada",Individual,Graduate Degree,Skilled Manual
5386,16385,"Perez, James","Perez, James",Individual,Graduate Degree,Skilled Manual
5390,16389,"Shen, Arturo","Shen, Arturo",Individual,Bachelors,Clerical
5391,16390,"Nath, Mario","Nath, Mario",Individual,Bachelors,Clerical
5397,16396,"Rai, Keith","Rai, Keith",Individual,Partial High School,Manual
5398,16397,"Navarro, Andy","Navarro, Andy",Individual,Partial College,Manual
5400,16399,"Xu, Arturo","Xu, Arturo",Individual,Bachelors,Clerical
5410,16409,"Moreno, Ebony","Moreno, Ebony",Individual,Bachelors,Skilled Manual
5412,16411,"Sanchez, Stanley","Sanchez, Stanley",Individual,Partial High School,Manual
5414,16413,"Gonzalez, Julia","Gonzalez, Julia",Individual,High School,Manual
5415,16414,"Flores, Kelly","Flores, Kelly",Individual,Partial High School,Manual
5420,16419,"Simpson, Lacey","Simpson, Lacey",Individual,High School,Manual
5423,16422,"Xu, Kurt","Xu, Kurt",Individual,High School,Manual
5430,16429,"Luo, Jaclyn","Luo, Jaclyn",Individual,Partial College,Clerical
5435,16434,"Bailey, Taylor","Bailey, Taylor",Individual,Bachelors,Skilled Manual
5442,16441,"Young, Jason","Young, Jason",Individual,High School,Manual
5443,16442,"Gonzalez, Luke","Gonzalez, Luke",Individual,Partial College,Clerical
5449,16448,"Martin, Cheryl","Martin, Cheryl",Individual,Bachelors,Skilled Manual
5452,16451,"Stone, Karl","Stone, Karl",Individual,Partial College,Clerical
5457,16456,"Navarro, Larry","Navarro, Larry",Individual,High School,Manual
5458,16457,"Martin, Kathleen","Martin, Kathleen",Individual,Partial High School,Manual
5459,16458,"Ruiz, Michele","Ruiz, Michele",Individual,Partial College,Clerical
5463,16462,"Gonzales, Marissa","Gonzales, Marissa",Individual,Partial High School,Manual
5464,16463,"Murphy, Anna","Murphy, Anna",Individual,Partial High School,Manual
5467,16466,"Kumar, Alisha","Kumar, Alisha",Individual,Partial High School,Manual
5474,16473,"Andersen, Dawn","Andersen, Dawn",Individual,Partial High School,Manual
5475,16474,"Serrano, Jay","Serrano, Jay",Individual,Partial High School,Manual
5476,16475,"Anand, Kurt","Anand, Kurt",Individual,Partial High School,Manual
5478,16477,"Gonzales, Anna","Gonzales, Anna",Individual,Partial High School,Clerical
5479,16478,"Gray, Adrian","Gray, Adrian",Individual,Partial College,Skilled Manual
5486,16485,"Foster, Ian","Foster, Ian",Individual,Partial High School,Clerical
5499,16498,"Jones, Hunter","Jones, Hunter",Individual,Partial College,Skilled Manual
5500,16499,"Kelly, Danielle","Kelly, Danielle",Individual,High School,Skilled Manual
5501,16500,"Perry, Chloe","Perry, Chloe",Individual,High School,Skilled Manual
5502,16501,"Wood, Vanessa","Wood, Vanessa",Individual,High School,Skilled Manual
5503,16502,"Parker, Jackson","Parker, Jackson",Individual,High School,Skilled Manual
5505,16504,"Russell, Justin","Russell, Justin",Individual,High School,Skilled Manual
5506,16505,"Gray, Erin","Gray, Erin",Individual,High School,Skilled Manual
5535,16534,"Holt, Claudia","Holt, Claudia",Individual,Graduate Degree,Clerical
5538,16537,"Dominguez, Arthur","Dominguez, Arthur",Individual,Partial College,Manual
5539,16538,"Liang, Stacey","Liang, Stacey",Individual,Partial College,Manual
5540,16539,"Li, Christy","Li, Christy",Individual,Partial College,Manual
5541,16540,"Browning, Theodore","Browning, Theodore",Individual,Partial College,Manual
5550,16549,"Moreno, Linda","Moreno, Linda",Individual,Bachelors,Clerical
5553,16552,"Sanchez, Joe","Sanchez, Joe",Individual,Bachelors,Clerical
5557,16556,"Butler, Angelica","Butler, Angelica",Individual,Partial College,Manual
5559,16558,"Sara, Preston","Sara, Preston",Individual,Partial College,Manual
5566,16565,"Anand, Corey","Anand, Corey",Individual,Graduate Degree,Clerical
5568,16567,"Lopez, Erick","Lopez, Erick",Individual,Graduate Degree,Skilled Manual
5569,16568,"Coleman, Caroline","Coleman, Caroline",Individual,Graduate Degree,Clerical
5573,16572,"Xu, Jon","Xu, Jon (16572)",Individual,High School,Manual
5579,16578,"Weber, Stefanie","Weber, Stefanie",Individual,Bachelors,Management
5583,16582,"Torres, Frank","Torres, Frank",Individual,High School,Professional
5584,16583,"Martinez, Justin","Martinez, Justin",Individual,High School,Professional
5588,16587,"Martinez, Zachary","Martinez, Zachary",Individual,Bachelors,Management
5598,16597,"Xu, Kelli","Xu, Kelli (16597)",Individual,Partial College,Professional
5604,16603,"Seely, Scott","Seely, Scott",Individual,Partial High School,Professional
5605,16604,"Serrano, Roy","Serrano, Roy",Individual,High School,Management
5643,16642,"Mitchell, Mason","Mitchell, Mason",Individual,Bachelors,Management
5645,16644,"Goel, Leonard","Goel, Leonard",Individual,Graduate Degree,Management
5648,16647,"Alexander, Anna","Alexander, Anna",Individual,Graduate Degree,Management
5649,16648,"Coleman, Rachel","Coleman, Rachel",Individual,Bachelors,Management
5651,16650,"Green, Kaitlyn","Green, Kaitlyn",Individual,Graduate Degree,Management
5652,16651,"Martinez, Abigail","Martinez, Abigail",Individual,Bachelors,Management
5669,16668,"Malhotra, Levi","Malhotra, Levi",Individual,High School,Professional
5677,16676,"Perry, Amanda","Perry, Amanda",Individual,Graduate Degree,Management
5678,16677,"Hughes, Jack","Hughes, Jack",Individual,Graduate Degree,Management
5715,16714,"Nicholls, Dalton","Nicholls, Dalton",Individual,High School,Skilled Manual
5716,16715,"Ramirez, Katelyn","Ramirez, Katelyn",Individual,High School,Skilled Manual
5717,16716,"Henderson, Jose","Henderson, Jose",Individual,High School,Skilled Manual
5721,16720,"Perry, Morgan","Perry, Morgan",Individual,High School,Skilled Manual
5723,16722,"Gray, Sean","Gray, Sean",Individual,High School,Skilled Manual
5724,16723,"Zhao, Barbara","Zhao, Barbara",Individual,High School,Skilled Manual
5725,16724,"Yang, Gabriel","Yang, Gabriel",Individual,High School,Skilled Manual
5726,16725,"Williams, Jacob","Williams, Jacob",Individual,High School,Skilled Manual
5727,16726,"Wood, Miguel","Wood, Miguel",Individual,High School,Skilled Manual
5728,16727,"Johnston, Charles","Johnston, Charles",Individual,High School,Skilled Manual
5729,16728,"Morris, Cole","Morris, Cole",Individual,High School,Skilled Manual
5733,16732,"Flores, Natalie","Flores, Natalie",Individual,High School,Skilled Manual
5736,16735,"Hayes, Melissa","Hayes, Melissa",Individual,High School,Skilled Manual
5737,16736,"Alexander, Kelly","Alexander, Kelly",Individual,High School,Skilled Manual
5738,16737,"Selikoff, Steven","Selikoff, Steven",Individual,High School,Skilled Manual
5750,16749,"Coleman, Aaron","Coleman, Aaron",Individual,Partial College,Skilled Manual
5751,16750,"Sanders, Seth","Sanders, Seth",Individual,Partial College,Skilled Manual
5758,16757,"Cox, Mackenzie","Cox, Mackenzie",Individual,Graduate Degree,Management
5760,16759,"Bell, Jasmine","Bell, Jasmine",Individual,Graduate Degree,Management
5761,16760,"Alexander, Sydney","Alexander, Sydney",Individual,Graduate Degree,Skilled Manual
5762,16761,"Ward, Angel","Ward, Angel",Individual,Partial College,Clerical
5763,16762,"Ferrier, Franklin","Ferrier, Franklin",Individual,Graduate Degree,Skilled Manual
5766,16765,"White, Dalton","White, Dalton",Individual,Graduate Degree,Skilled Manual
5767,16766,"Arun, Summer","Arun, Summer",Individual,Graduate Degree,Skilled Manual
5768,16767,"Liu, Rafael","Liu, Rafael",Individual,Graduate Degree,Skilled Manual
5769,16768,"Barnes, Eduardo","Barnes, Eduardo",Individual,Graduate Degree,Skilled Manual
5770,16769,"Walker, Tyler","Walker, Tyler",Individual,Graduate Degree,Skilled Manual
5771,16770,"Rogers, Charles","Rogers, Charles",Individual,Graduate Degree,Skilled Manual
5775,16774,"Perry, Eduardo","Perry, Eduardo",Individual,Graduate Degree,Skilled Manual
5776,16775,"Russell, Sarah","Russell, Sarah",Individual,Graduate Degree,Professional
5777,16776,"Lewis, Dalton","Lewis, Dalton",Individual,Bachelors,Skilled Manual
5778,16777,"Simmons, Cameron","Simmons, Cameron",Individual,Bachelors,Management
5779,16778,"Hayes, Blake","Hayes, Blake",Individual,Graduate Degree,Management
5780,16779,"Watson, Morgan","Watson, Morgan",Individual,Bachelors,Management
5781,16780,"Bailey, Carlos","Bailey, Carlos",Individual,Bachelors,Management
5782,16781,"Chen, Dylan","Chen, Dylan",Individual,Bachelors,Management
5783,16782,"Clark, Lucas","Clark, Lucas",Individual,Bachelors,Management
5784,16783,"Barnes, Grace","Barnes, Grace",Individual,Bachelors,Management
5786,16785,"Lee, Christian","Lee, Christian",Individual,Bachelors,Management
5787,16786,"Reed, Lucas","Reed, Lucas",Individual,Bachelors,Management
5788,16787,"Jackson, Nicole","Jackson, Nicole",Individual,Bachelors,Management
5789,16788,"Gao, Ronnie","Gao, Ronnie",Individual,Bachelors,Management
5790,16789,"Harris, Jennifer","Harris, Jennifer",Individual,Bachelors,Management
5791,16790,"Lopez, Hunter","Lopez, Hunter",Individual,Bachelors,Management
5793,16792,"Torres, Maria","Torres, Maria",Individual,Bachelors,Management
5794,16793,"Hernandez, Savannah","Hernandez, Savannah",Individual,Bachelors,Management
5795,16794,"Cook, Taylor","Cook, Taylor",Individual,Bachelors,Management
5796,16795,"Garcia, Regina","Garcia, Regina",Individual,Bachelors,Management
5813,16812,"Richardson, Alexa","Richardson, Alexa",Individual,Partial College,Professional
5814,16813,"Diaz, Carson","Diaz, Carson",Individual,Partial College,Professional
5815,16814,"Collins, Isabella","Collins, Isabella",Individual,Partial College,Professional
5816,16815,"Brown, Jacob","Brown, Jacob",Individual,Partial College,Professional
5817,16816,"Miller, Julia","Miller, Julia",Individual,Partial College,Professional
5818,16817,"Peterson, Evan","Peterson, Evan",Individual,Partial College,Professional
5819,16818,"Reed, Gabrielle","Reed, Gabrielle",Individual,Partial College,Professional
5820,16819,"Cox, Dalton","Cox, Dalton",Individual,Partial College,Professional
5822,16821,"Carter, Mary","Carter, Mary",Individual,Bachelors,Management
5825,16824,"Munoz, Randall","Munoz, Randall",Individual,High School,Professional
5826,16825,"Zeng, Susan","Zeng, Susan",Individual,High School,Professional
5827,16826,"Vazquez, Roberto","Vazquez, Roberto",Individual,Partial College,Professional
5831,16830,"Hall, Alexandra","Hall, Alexandra (16830)",Individual,Partial College,Professional
5833,16832,"Parker, Isaiah","Parker, Isaiah",Individual,Graduate Degree,Management
5834,16833,"Cooper, Richard","Cooper, Richard",Individual,Graduate Degree,Management
5836,16835,"Nelson, Noah","Nelson, Noah",Individual,Graduate Degree,Management
5839,16838,"Griffin, Jonathan","Griffin, Jonathan",Individual,Bachelors,Management
5840,16839,"Ross, Julia","Ross, Julia",Individual,Graduate Degree,Management
5843,16842,"Yang, Jenny","Yang, Jenny",Individual,Bachelors,Management
5844,16843,"Ramos, Jimmy","Ramos, Jimmy",Individual,Graduate Degree,Management
5845,16844,"Robinson, Emma","Robinson, Emma",Individual,Bachelors,Management
5846,16845,"Adams, Andrea","Adams, Andrea",Individual,Graduate Degree,Management
5851,16850,"Jenkins, Jessica","Jenkins, Jessica",Individual,Partial College,Professional
5852,16851,"Hayes, Kevin","Hayes, Kevin",Individual,Partial College,Professional
5853,16852,"She, Kate","She, Kate",Individual,Bachelors,Management
5854,16853,"Bailey, Christina","Bailey, Christina",Individual,Bachelors,Management
5855,16854,"Adams, Seth","Adams, Seth",Individual,Graduate Degree,Management
5857,16856,"Rivera, Erin","Rivera, Erin",Individual,Partial College,Professional
5858,16857,"Munoz, Lawrence","Munoz, Lawrence",Individual,Partial College,Professional
5859,16858,"Lopez, Jan","Lopez, Jan",Individual,Partial College,Professional
5860,16859,"Kumar, Jack","Kumar, Jack",Individual,Partial College,Professional
5861,16860,"Rogers, Haley","Rogers, Haley",Individual,Bachelors,Management
5862,16861,"Sharma, Luis","Sharma, Luis",Individual,Bachelors,Management
5863,16862,"Nelson, Timothy","Nelson, Timothy",Individual,Bachelors,Management
5864,16863,"Clark, Kaitlyn","Clark, Kaitlyn",Individual,Partial College,Professional
5865,16864,"Ramirez, Grace","Ramirez, Grace",Individual,Partial College,Professional
5866,16865,"Diaz, Jordyn","Diaz, Jordyn",Individual,High School,Professional
5867,16866,"Parker, Alexandra","Parker, Alexandra",Individual,Bachelors,Management
5868,16867,"King, Katelyn","King, Katelyn",Individual,Bachelors,Management
5869,16868,"Jackson, Xavier","Jackson, Xavier",Individual,Bachelors,Management
5870,16869,"Patterson, Vanessa","Patterson, Vanessa",Individual,Graduate Degree,Management
5872,16871,"Clark, Anna","Clark, Anna",Individual,High School,Professional
5873,16872,"Taylor, Samuel","Taylor, Samuel",Individual,Partial High School,Skilled Manual
5875,16874,"Munoz, Leslie","Munoz, Leslie",Individual,Bachelors,Management
5876,16875,"Diaz, Samantha","Diaz, Samantha",Individual,Bachelors,Management
5878,16877,"Adams, Katelyn","Adams, Katelyn",Individual,Graduate Degree,Management
5879,16878,"Young, Devin","Young, Devin",Individual,Graduate Degree,Management
5880,16879,"Taylor, Morgan","Taylor, Morgan",Individual,Graduate Degree,Management
5881,16880,"Patel, Edgar","Patel, Edgar",Individual,Graduate Degree,Management
5882,16881,"Alonso, Ruben","Alonso, Ruben",Individual,Graduate Degree,Management
5883,16882,"Young, Robert","Young, Robert",Individual,Partial College,Professional
5884,16883,"Davis, Tyler","Davis, Tyler",Individual,High School,Professional
5885,16884,"Miller, Richard","Miller, Richard",Individual,High School,Professional
5886,16885,"Cook, Garrett","Cook, Garrett",Individual,Partial High School,Skilled Manual
5887,16886,"Flores, Aidan","Flores, Aidan",Individual,Partial High School,Skilled Manual
5888,16887,"Rivera, Cody","Rivera, Cody",Individual,Partial High School,Skilled Manual
5889,16888,"Hughes, Arianna","Hughes, Arianna",Individual,Partial High School,Skilled Manual
5890,16889,"Rodriguez, Daniel","Rodriguez, Daniel",Individual,Partial High School,Skilled Manual
5891,16890,"Reed, Timothy","Reed, Timothy",Individual,Partial High School,Skilled Manual
5892,16891,"Gonzales, Natalie","Gonzales, Natalie",Individual,High School,Professional
5893,16892,"Evans, Rebecca","Evans, Rebecca",Individual,High School,Professional
5894,16893,"Howard, Isaac","Howard, Isaac",Individual,Graduate Degree,Management
5895,16894,"Walker, Abigail","Walker, Abigail",Individual,Graduate Degree,Management
5896,16895,"Gonzales, Chloe","Gonzales, Chloe",Individual,Partial College,Professional
5897,16896,"Perez, Natalie","Perez, Natalie",Individual,Partial College,Professional
5898,16897,"Torres, Lauren","Torres, Lauren",Individual,Partial College,Professional
5899,16898,"Reed, Angel","Reed, Angel",Individual,Partial College,Professional
5900,16899,"Sanchez, Whitney","Sanchez, Whitney",Individual,Graduate Degree,Management
5901,16900,"Jones, Miguel","Jones, Miguel",Individual,Graduate Degree,Management
5902,16901,"Munoz, Ricky","Munoz, Ricky",Individual,Bachelors,Management
5904,16903,"Wright, Ian","Wright, Ian",Individual,Graduate Degree,Management
5905,16904,"Bailey, Arianna","Bailey, Arianna",Individual,Graduate Degree,Management
5906,16905,"Stewart, Janet","Stewart, Janet",Individual,Bachelors,Management
5908,16907,"Hall, Sarah","Hall, Sarah",Individual,Graduate Degree,Management
5909,16908,"Patel, Kristi","Patel, Kristi",Individual,Graduate Degree,Management
5910,16909,"Walker, Chloe","Walker, Chloe",Individual,Bachelors,Management
5912,16911,"Patterson, Caleb","Patterson, Caleb",Individual,Bachelors,Management
5913,16912,"Patterson, Dalton","Patterson, Dalton",Individual,Bachelors,Management
5914,16913,"Flores, Marcus","Flores, Marcus",Individual,Graduate Degree,Management
5917,16916,"Dominguez, Cheryl","Dominguez, Cheryl",Individual,Graduate Degree,Management
5918,16917,"Subram, Brett","Subram, Brett",Individual,Bachelors,Management
5924,16923,"Gonzales, Connor","Gonzales, Connor",Individual,Partial College,Skilled Manual
5925,16924,"Price, Julia","Price, Julia",Individual,Partial College,Skilled Manual
5926,16925,"Patterson, Spencer","Patterson, Spencer",Individual,Partial College,Skilled Manual
5940,16939,"Evans, Bailey","Evans, Bailey",Individual,Partial College,Manual
5941,16940,"Zeng, Jenny","Zeng, Jenny",Individual,Bachelors,Clerical
5942,16941,"Yang, Amy","Yang, Amy",Individual,Partial College,Manual
5944,16943,"Garcia, Veronica","Garcia, Veronica",Individual,Bachelors,Clerical
5945,16944,"Raji, Alejandro","Raji, Alejandro",Individual,Bachelors,Clerical
5948,16947,"Stewart, Savannah","Stewart, Savannah",Individual,Bachelors,Skilled Manual
5950,16949,"Flores, Luis","Flores, Luis",Individual,Bachelors,Skilled Manual
5963,16962,"Coleman, Zachary","Coleman, Zachary",Individual,Graduate Degree,Professional
5964,16963,"Hughes, Faith","Hughes, Faith",Individual,Graduate Degree,Professional
5966,16965,"Romero, Kristi","Romero, Kristi",Individual,Bachelors,Skilled Manual
5967,16966,"Diaz, Amanda","Diaz, Amanda",Individual,High School,Skilled Manual
5968,16967,"Hernandez, Noah","Hernandez, Noah",Individual,Graduate Degree,Professional
5969,16968,"Griffin, Ian","Griffin, Ian",Individual,Graduate Degree,Professional
5970,16969,"Turner, Jackson","Turner, Jackson",Individual,Graduate Degree,Professional
5971,16970,"Foster, Katherine","Foster, Katherine",Individual,Bachelors,Skilled Manual
5974,16973,"Collins, Katherine","Collins, Katherine",Individual,Bachelors,Skilled Manual
5975,16974,"Rivera, Paige","Rivera, Paige",Individual,Bachelors,Skilled Manual
5976,16975,"Lee, Benjamin","Lee, Benjamin",Individual,Bachelors,Skilled Manual
5977,16976,"Xu, Sandra","Xu, Sandra",Individual,Bachelors,Skilled Manual
5978,16977,"Adams, Noah","Adams, Noah",Individual,Graduate Degree,Professional
5979,16978,"Rivera, Jeremy","Rivera, Jeremy",Individual,Graduate Degree,Professional
5980,16979,"Rogers, Kaitlyn","Rogers, Kaitlyn",Individual,Graduate Degree,Professional
5981,16980,"Moore, Jill","Moore, Jill",Individual,Graduate Degree,Professional
5982,16981,"Simmons, Hunter","Simmons, Hunter",Individual,Graduate Degree,Professional
5983,16982,"Lopez, Jillian","Lopez, Jillian",Individual,Graduate Degree,Professional
5984,16983,"Collins, Gabriel","Collins, Gabriel",Individual,Graduate Degree,Professional
5985,16984,"Moreno, Rodney","Moreno, Rodney",Individual,Bachelors,Professional
5986,16985,"Li, Adam","Li, Adam",Individual,Bachelors,Skilled Manual
5987,16986,"Adams, Sara","Adams, Sara",Individual,Bachelors,Skilled Manual
5989,16988,"Bailey, Brian","Bailey, Brian",Individual,Bachelors,Skilled Manual
5990,16989,"Richardson, Emma","Richardson, Emma",Individual,Bachelors,Skilled Manual
5991,16990,"Griffin, Zachary","Griffin, Zachary",Individual,Graduate Degree,Professional
5992,16991,"Henderson, Brianna","Henderson, Brianna",Individual,Bachelors,Skilled Manual
6000,16999,"Kelly, Chloe","Kelly, Chloe",Individual,Bachelors,Skilled Manual
6001,17000,"Henderson, Miranda","Henderson, Miranda",Individual,Bachelors,Skilled Manual
6002,17001,"Moore, Ashley","Moore, Ashley",Individual,Bachelors,Skilled Manual
6003,17002,"Martin, Dylan","Martin, Dylan",Individual,Bachelors,Professional
6004,17003,"Dominguez, Joanna","Dominguez, Joanna",Individual,Bachelors,Professional
6005,17004,"Torres, Krista","Torres, Krista",Individual,Bachelors,Professional
6006,17005,"Anand, Priscilla","Anand, Priscilla",Individual,Bachelors,Professional
6007,17006,"Williams, Hunter","Williams, Hunter",Individual,Bachelors,Professional
6008,17007,"Hayes, Samuel","Hayes, Samuel",Individual,Bachelors,Professional
6009,17008,"Turner, Connor","Turner, Connor",Individual,Bachelors,Professional
6010,17009,"Butler, Wyatt","Butler, Wyatt",Individual,Bachelors,Professional
6011,17010,"James, Brianna","James, Brianna",Individual,Bachelors,Professional
6012,17011,"Hill, Sara","Hill, Sara",Individual,Graduate Degree,Professional
6013,17012,"Collins, Joan","Collins, Joan",Individual,Graduate Degree,Professional
6014,17013,"Mitchell, Gabriella","Mitchell, Gabriella",Individual,Bachelors,Professional
6015,17014,"Harris, Michael","Harris, Michael",Individual,Bachelors,Professional
6016,17015,"Patterson, Kelly","Patterson, Kelly",Individual,Bachelors,Professional
6017,17016,"Hughes, Hailey","Hughes, Hailey",Individual,Bachelors,Professional
6018,17017,"Jones, Jeremiah","Jones, Jeremiah",Individual,Partial College,Skilled Manual
6019,17018,"Guo, Mandy","Guo, Mandy",Individual,High School,Skilled Manual
6020,17019,"Hall, Andrea","Hall, Andrea",Individual,High School,Skilled Manual
6021,17020,"Bryant, Ashley","Bryant, Ashley",Individual,High School,Skilled Manual
6022,17021,"Reed, Nicole","Reed, Nicole",Individual,Partial College,Skilled Manual
6023,17022,"Morgan, Karen","Morgan, Karen",Individual,Partial College,Skilled Manual
6025,17024,"Diaz, Jacqueline","Diaz, Jacqueline",Individual,Partial College,Skilled Manual
6029,17028,"Richardson, Grace","Richardson, Grace",Individual,Partial College,Skilled Manual
6030,17029,"Xu, Suzanne","Xu, Suzanne",Individual,Partial College,Skilled Manual
6031,17030,"Russell, Emily","Russell, Emily",Individual,Partial College,Skilled Manual
6032,17031,"Thomas, Grace","Thomas, Grace",Individual,Bachelors,Professional
6033,17032,"Flores, Alexandria","Flores, Alexandria",Individual,Bachelors,Professional
6034,17033,"Long, Carson","Long, Carson",Individual,Bachelors,Professional
6036,17035,"Flores, Jordan","Flores, Jordan",Individual,Bachelors,Professional
6039,17038,"Wang, Ernest","Wang, Ernest",Individual,Graduate Degree,Professional
6040,17039,"Watson, Ariana","Watson, Ariana",Individual,Bachelors,Professional
6041,17040,"Henderson, Adam","Henderson, Adam",Individual,Bachelors,Professional
6042,17041,"Perry, Connor","Perry, Connor",Individual,Bachelors,Professional
6083,17082,"Smith, Morgan","Smith, Morgan",Individual,Partial College,Clerical
6084,17083,"Raje, Priscilla","Raje, Priscilla",Individual,Partial College,Clerical
6087,17086,"Anderson, Xavier","Anderson, Xavier",Individual,High School,Manual
6090,17089,"Zhu, Crystal","Zhu, Crystal",Individual,Partial High School,Manual
6091,17090,"Alvarez, Leslie","Alvarez, Leslie",Individual,Partial High School,Manual
6092,17091,"Patel, Tammy","Patel, Tammy",Individual,Partial High School,Manual
6093,17092,"Beck, Devon","Beck, Devon",Individual,Bachelors,Skilled Manual
6094,17093,"Sanchez, Seth","Sanchez, Seth",Individual,Bachelors,Skilled Manual
6097,17096,"Bennett, Samantha","Bennett, Samantha",Individual,Partial High School,Manual
6101,17100,"Wang, Vincent","Wang, Vincent",Individual,High School,Manual
6103,17102,"Goel, Andres","Goel, Andres",Individual,High School,Manual
6104,17103,"Xu, Franklin","Xu, Franklin (17103)",Individual,Partial College,Clerical
6105,17104,"Rodriguez, Clifford","Rodriguez, Clifford",Individual,Partial College,Clerical
6108,17107,"Yuan, Priscilla","Yuan, Priscilla",Individual,Partial High School,Manual
6112,17111,"Chande, Jenny","Chande, Jenny",Individual,Partial College,Clerical
6114,17113,"Pal, Clarence","Pal, Clarence",Individual,Partial College,Clerical
6115,17114,"Mehta, Jarrod","Mehta, Jarrod",Individual,Partial College,Clerical
6119,17118,"Blue, Sara","Blue, Sara",Individual,Graduate Degree,Skilled Manual
6121,17120,"Raje, Michele","Raje, Michele",Individual,Graduate Degree,Skilled Manual
6122,17121,"Bryant, Lucas","Bryant, Lucas",Individual,Graduate Degree,Skilled Manual
6123,17122,"Gonzalez, Gabrielle","Gonzalez, Gabrielle",Individual,Graduate Degree,Skilled Manual
6124,17123,"Romero, Pedro","Romero, Pedro",Individual,Bachelors,Skilled Manual
6125,17124,"Madan, Kaitlin","Madan, Kaitlin",Individual,Bachelors,Skilled Manual
6128,17127,"Gray, Makayla","Gray, Makayla",Individual,High School,Professional
6129,17128,"Alexander, Fernando","Alexander, Fernando",Individual,High School,Professional
6130,17129,"Powell, Gabrielle","Powell, Gabrielle",Individual,High School,Professional
6131,17130,"Turner, Janet","Turner, Janet",Individual,Bachelors,Management
6132,17131,"Henderson, Lauren","Henderson, Lauren",Individual,Bachelors,Management
6133,17132,"James, Isabella","James, Isabella",Individual,Bachelors,Management
6134,17133,"Kelly, Lucas","Kelly, Lucas",Individual,Bachelors,Management
6135,17134,"Mehta, Tabitha","Mehta, Tabitha",Individual,Bachelors,Management
6136,17135,"Edwards, Richard","Edwards, Richard",Individual,Bachelors,Management
6137,17136,"Ye, Glenn","Ye, Glenn",Individual,Bachelors,Management
6138,17137,"Washington, Jason","Washington, Jason",Individual,Bachelors,Management
6139,17138,"Jenkins, Melanie","Jenkins, Melanie",Individual,Bachelors,Management
6140,17139,"Rivera, Jade","Rivera, Jade",Individual,Partial College,Professional
6141,17140,"Peterson, Sean","Peterson, Sean",Individual,Partial College,Professional
6142,17141,"Rogers, Makayla","Rogers, Makayla",Individual,Partial College,Professional
6143,17142,"Flores, Seth","Flores, Seth",Individual,Bachelors,Management
6145,17144,"Griffin, Luis","Griffin, Luis",Individual,Partial College,Professional
6146,17145,"Bennett, Sarah","Bennett, Sarah",Individual,Partial College,Professional
6147,17146,"Cook, Juan","Cook, Juan",Individual,Bachelors,Management
6150,17149,"Richardson, Steven","Richardson, Steven",Individual,Partial College,Professional
6151,17150,"Wright, Wyatt","Wright, Wyatt",Individual,Partial College,Professional
6152,17151,"Alexander, Jasmine","Alexander, Jasmine",Individual,Partial College,Professional
6159,17158,"Nara, Mitchell","Nara, Mitchell",Individual,Partial College,Professional
6160,17159,"Ruiz, Kellie","Ruiz, Kellie",Individual,Partial College,Professional
6161,17160,"Andersen, Louis","Andersen, Louis",Individual,Partial College,Professional
6162,17161,"Lopez, Katherine","Lopez, Katherine",Individual,Partial College,Professional
6163,17162,"Blue, Rachel","Blue, Rachel (17162)",Individual,Partial College,Professional
6164,17163,"Adams, Edward","Adams, Edward",Individual,Partial College,Professional
6165,17164,"Clark, Ryan","Clark, Ryan",Individual,Partial College,Professional
6166,17165,"Gonzalez, Isaac","Gonzalez, Isaac",Individual,Partial College,Professional
6167,17166,"Several, Joshua","Several, Joshua",Individual,High School,Professional
6168,17167,"Jenkins, Thomas","Jenkins, Thomas",Individual,High School,Professional
6169,17168,"Perez, Jada","Perez, Jada",Individual,High School,Professional
6170,17169,"Taylor, Emily","Taylor, Emily",Individual,Partial College,Professional
6171,17170,"James, Jasmine","James, Jasmine",Individual,Partial College,Professional
6172,17171,"Clark, Katherine","Clark, Katherine",Individual,Partial College,Professional
6173,17172,"Adams, Jesse","Adams, Jesse",Individual,Partial High School,Skilled Manual
6174,17173,"Bryant, David","Bryant, David",Individual,Partial High School,Skilled Manual
6175,17174,"Wood, Angelica","Wood, Angelica",Individual,Partial High School,Skilled Manual
6177,17176,"Ward, Isaac","Ward, Isaac",Individual,Partial High School,Skilled Manual
6178,17177,"Hayes, Richard","Hayes, Richard",Individual,High School,Professional
6179,17178,"Liang, Trisha","Liang, Trisha",Individual,High School,Professional
6180,17179,"Henderson, James","Henderson, James",Individual,High School,Professional
6181,17180,"Rogers, Timothy","Rogers, Timothy",Individual,Partial College,Professional
6182,17181,"Lal, Jenny","Lal, Jenny",Individual,Bachelors,Management
6184,17183,"Sanchez, Shane","Sanchez, Shane",Individual,Partial College,Professional
6185,17184,"Dominguez, Eddie","Dominguez, Eddie",Individual,Partial College,Professional
6190,17189,"Goel, Clarence","Goel, Clarence",Individual,Partial College,Professional
6191,17190,"Rana, Ebony","Rana, Ebony",Individual,Partial High School,Professional
6192,17191,"Guo, Gilbert","Guo, Gilbert",Individual,Partial College,Professional
6195,17194,"Thompson, Wyatt","Thompson, Wyatt",Individual,Partial College,Professional
6198,17197,"Nara, Mindy","Nara, Mindy",Individual,Partial College,Professional
6199,17198,"Jiménez, Cheryl","Jiménez, Cheryl",Individual,Partial College,Professional
6200,17199,"Zhou, Dennis","Zhou, Dennis",Individual,High School,Professional
6201,17200,"She, Russell","She, Russell",Individual,Partial College,Professional
6202,17201,"Yang, Vincent","Yang, Vincent",Individual,Partial College,Professional
6209,17208,"Miller, Jacob","Miller, Jacob",Individual,Partial College,Professional
6210,17209,"James, Jacqueline","James, Jacqueline",Individual,Partial College,Professional
6211,17210,"Deng, Karl","Deng, Karl",Individual,Partial College,Professional
6216,17215,"Bell, Juan","Bell, Juan",Individual,High School,Professional
6218,17217,"Gill, Raquel","Gill, Raquel",Individual,Partial College,Management
6221,17220,"Wang, Glenn","Wang, Glenn",Individual,High School,Management
6222,17221,"Navarro, Ricky","Navarro, Ricky",Individual,High School,Management
6225,17224,"Li, Mandy","Li, Mandy",Individual,Partial High School,Skilled Manual
6261,17260,"King, Sean","King, Sean",Individual,Partial College,Professional
6262,17261,"Shan, Kyle","Shan, Kyle",Individual,Partial College,Skilled Manual
6263,17262,"Martin, Kristy","Martin, Kristy",Individual,Partial College,Skilled Manual
6265,17264,"Smith, Ian","Smith, Ian",Individual,Graduate Degree,Professional
6266,17265,"Flores, Grace","Flores, Grace",Individual,Graduate Degree,Professional
6267,17266,"Hall, Elijah","Hall, Elijah",Individual,Graduate Degree,Professional
6268,17267,"Stewart, Abigail","Stewart, Abigail",Individual,Partial College,Skilled Manual
6269,17268,"Hughes, Alyssa","Hughes, Alyssa",Individual,Partial College,Skilled Manual
6270,17269,"Russell, Kevin","Russell, Kevin",Individual,Bachelors,Professional
6271,17270,"Parker, Jack","Parker, Jack",Individual,Bachelors,Professional
6272,17271,"Griffin, Sarah","Griffin, Sarah",Individual,Bachelors,Professional
6273,17272,"Hernandez, Mary","Hernandez, Mary",Individual,Bachelors,Professional
6274,17273,"Torres, Jonathon","Torres, Jonathon",Individual,Graduate Degree,Professional
6275,17274,"Lu, Arturo","Lu, Arturo",Individual,Graduate Degree,Professional
6276,17275,"Sanders, Ian","Sanders, Ian",Individual,Graduate Degree,Professional
6277,17276,"Jenkins, Elijah","Jenkins, Elijah",Individual,Graduate Degree,Management
6336,17335,"Gonzales, Miguel","Gonzales, Miguel",Individual,High School,Skilled Manual
6337,17336,"Sanchez, Chase","Sanchez, Chase",Individual,High School,Skilled Manual
6340,17339,"Hayes, Ian","Hayes, Ian",Individual,High School,Skilled Manual
6341,17340,"Hernandez, Joy","Hernandez, Joy",Individual,High School,Skilled Manual
6342,17341,"Alonso, Andy","Alonso, Andy",Individual,High School,Skilled Manual
6343,17342,"Jones, William","Jones, William",Individual,Partial High School,Clerical
6344,17343,"Price, Tristan","Price, Tristan",Individual,Partial High School,Clerical
6345,17344,"Kelly, Timothy","Kelly, Timothy",Individual,High School,Skilled Manual
6350,17349,"Kennedy, Cassie","Kennedy, Cassie",Individual,High School,Skilled Manual
6357,17356,"Evans, Mary","Evans, Mary",Individual,High School,Skilled Manual
6358,17357,"Miller, Brandon","Miller, Brandon",Individual,High School,Skilled Manual
6359,17358,"Bell, Sydney","Bell, Sydney",Individual,Partial College,Skilled Manual
6360,17359,"Flores, María","Flores, María",Individual,High School,Skilled Manual
6362,17361,"Harris, Blake","Harris, Blake",Individual,Partial College,Skilled Manual
6363,17362,"Collins, Miguel","Collins, Miguel",Individual,Bachelors,Management
6364,17363,"Harris, Benjamin","Harris, Benjamin",Individual,Bachelors,Management
6365,17364,"Perry, Ian","Perry, Ian",Individual,Bachelors,Management
6366,17365,"Patterson, Thomas","Patterson, Thomas",Individual,Bachelors,Management
6367,17366,"Harris, Devin","Harris, Devin",Individual,Bachelors,Management
6368,17367,"Cooper, Trinity","Cooper, Trinity",Individual,Bachelors,Management
6369,17368,"Xie, Alisha","Xie, Alisha",Individual,Partial College,Skilled Manual
6370,17369,"Brown, Ethan","Brown, Ethan",Individual,Partial College,Skilled Manual
6377,17376,"She, Jaclyn","She, Jaclyn",Individual,Partial College,Skilled Manual
6378,17377,"Wood, Isabel","Wood, Isabel",Individual,Partial College,Skilled Manual
6379,17378,"Foster, Zachary","Foster, Zachary",Individual,Partial College,Skilled Manual
6380,17379,"Morgan, Alexandra","Morgan, Alexandra",Individual,Partial College,Skilled Manual
6381,17380,"Adams, Nathan","Adams, Nathan",Individual,Partial College,Skilled Manual
6383,17382,"Allen, Blake","Allen, Blake",Individual,Graduate Degree,Skilled Manual
6384,17383,"Ortega, Craig","Ortega, Craig",Individual,Graduate Degree,Skilled Manual
6385,17384,"Prasad, Raymond","Prasad, Raymond",Individual,Graduate Degree,Skilled Manual
6387,17386,"Scott, Alexandra","Scott, Alexandra",Individual,Graduate Degree,Skilled Manual
6390,17389,"Butler, Abigail","Butler, Abigail",Individual,Bachelors,Skilled Manual
6391,17390,"Lewis, Blake","Lewis, Blake",Individual,Graduate Degree,Skilled Manual
6392,17391,"Bennett, Angela","Bennett, Angela",Individual,Partial College,Professional
6393,17392,"Jones, Dylan","Jones, Dylan",Individual,Partial College,Professional
6394,17393,"Sharma, Jordan","Sharma, Jordan",Individual,Bachelors,Management
6395,17394,"Mehta, Veronica","Mehta, Veronica",Individual,Graduate Degree,Management
6396,17395,"Ramirez, Katherine","Ramirez, Katherine",Individual,Graduate Degree,Management
6397,17396,"Rodriguez, Eduardo","Rodriguez, Eduardo",Individual,Graduate Degree,Management
6398,17397,"Cook, Alexandra","Cook, Alexandra",Individual,Graduate Degree,Management
6399,17398,"Lopez, Kaylee","Lopez, Kaylee",Individual,Bachelors,Management
6400,17399,"Sanchez, Ian","Sanchez, Ian",Individual,Bachelors,Management
6402,17401,"Wright, Noah","Wright, Noah",Individual,Partial College,Professional
6406,17405,"Wu, Tamara","Wu, Tamara",Individual,Graduate Degree,Management
6407,17406,"Flores, Mariah","Flores, Mariah",Individual,Graduate Degree,Management
6408,17407,"Bryant, Elizabeth","Bryant, Elizabeth",Individual,Graduate Degree,Management
6409,17408,"Miller, Thomas","Miller, Thomas",Individual,Graduate Degree,Management
6413,17412,"Carter, Kaylee","Carter, Kaylee",Individual,Partial College,Professional
6414,17413,"Ramirez, Hailey","Ramirez, Hailey",Individual,Partial College,Professional
6415,17414,"Garcia, Nicholas","Garcia, Nicholas",Individual,Partial College,Professional
6416,17415,"Beck, Dawn","Beck, Dawn",Individual,Partial College,Professional
6417,17416,"Suri, Raymond","Suri, Raymond",Individual,Partial College,Professional
6418,17417,"Munoz, Lee","Munoz, Lee",Individual,Partial College,Professional
6419,17418,"Ramirez, Victoria","Ramirez, Victoria",Individual,Bachelors,Management
6420,17419,"Reed, Brianna","Reed, Brianna",Individual,Bachelors,Management
6421,17420,"Hughes, Thomas","Hughes, Thomas",Individual,Bachelors,Management
6422,17421,"Henderson, Katherine","Henderson, Katherine",Individual,Bachelors,Management
6424,17423,"Alexander, Arianna","Alexander, Arianna",Individual,Partial College,Professional
6425,17424,"Long, Spencer","Long, Spencer",Individual,Partial College,Professional
6426,17425,"Washington, Austin","Washington, Austin",Individual,Partial College,Professional
6427,17426,"Shan, Donna","Shan, Donna",Individual,Bachelors,Management
6428,17427,"Russell, Adam","Russell, Adam",Individual,Partial College,Professional
6429,17428,"Perez, Xavier","Perez, Xavier",Individual,Bachelors,Management
6430,17429,"Carter, Wyatt","Carter, Wyatt",Individual,Partial College,Professional
6431,17430,"King, Edward","King, Edward",Individual,Partial College,Professional
6432,17431,"Kelly, Grace","Kelly, Grace",Individual,Partial College,Professional
6433,17432,"Peterson, Mariah","Peterson, Mariah",Individual,High School,Professional
6434,17433,"Lee, Cameron","Lee, Cameron",Individual,Partial College,Professional
6435,17434,"Russell, Alyssa","Russell, Alyssa",Individual,Partial College,Professional
6436,17435,"Mitchell, Edward","Mitchell, Edward",Individual,Graduate Degree,Management
6437,17436,"Ramirez, Evan","Ramirez, Evan",Individual,High School,Professional
6438,17437,"Baker, Natalie","Baker, Natalie",Individual,High School,Professional
6439,17438,"Hughes, Marcus","Hughes, Marcus",Individual,High School,Professional
6440,17439,"Butler, Jasmine","Butler, Jasmine",Individual,Partial College,Professional
6441,17440,"Cox, Richard","Cox, Richard",Individual,Partial High School,Skilled Manual
6442,17441,"Turner, Natalie","Turner, Natalie",Individual,Partial High School,Skilled Manual
6444,17443,"Shen, Kristin","Shen, Kristin",Individual,Graduate Degree,Management
6445,17444,"Cox, Bailey","Cox, Bailey",Individual,Graduate Degree,Management
6446,17445,"Hernandez, Natasha","Hernandez, Natasha",Individual,Graduate Degree,Management
6447,17446,"Rana, Pamela","Rana, Pamela",Individual,Graduate Degree,Management
6448,17447,"Lewis, Sydney","Lewis, Sydney",Individual,Graduate Degree,Management
6449,17448,"Hayes, Zachary","Hayes, Zachary",Individual,Graduate Degree,Management
6450,17449,"Adams, Jackson","Adams, Jackson",Individual,Graduate Degree,Management
6452,17451,"Wood, Isabelle","Wood, Isabelle",Individual,High School,Professional
6453,17452,"Nath, Mitchell","Nath, Mitchell",Individual,High School,Professional
6454,17453,"Reed, Hailey","Reed, Hailey",Individual,High School,Professional
6455,17454,"Perry, Edward","Perry, Edward",Individual,Partial College,Professional
6456,17455,"Hayes, Dylan","Hayes, Dylan",Individual,Partial College,Professional
6457,17456,"Wood, Trevor","Wood, Trevor",Individual,Partial High School,Skilled Manual
6458,17457,"Allen, Katherine","Allen, Katherine",Individual,Partial High School,Skilled Manual
6459,17458,"Collins, Jason","Collins, Jason",Individual,High School,Professional
6460,17459,"Barnes, Cassidy","Barnes, Cassidy",Individual,High School,Professional
6461,17460,"Murphy, Megan","Murphy, Megan",Individual,High School,Professional
6462,17461,"Allen, Sara","Allen, Sara",Individual,High School,Professional
6463,17462,"Rogers, Jesse","Rogers, Jesse",Individual,Graduate Degree,Management
6464,17463,"Moore, Nicholas","Moore, Nicholas",Individual,Graduate Degree,Management
6465,17464,"Rodriguez, Jeremy","Rodriguez, Jeremy",Individual,Graduate Degree,Management
6466,17465,"Stewart, Arianna","Stewart, Arianna",Individual,Partial College,Professional
6467,17466,"Perez, Thomas","Perez, Thomas",Individual,Graduate Degree,Management
6468,17467,"Hayes, Wyatt","Hayes, Wyatt",Individual,Graduate Degree,Management
6470,17469,"Perez, Ian","Perez, Ian",Individual,Graduate Degree,Management
6471,17470,"Carlson, Jaime","Carlson, Jaime",Individual,Graduate Degree,Management
6472,17471,"James, Grace","James, Grace",Individual,Graduate Degree,Management
6473,17472,"Torres, Meredith","Torres, Meredith",Individual,Graduate Degree,Management
6474,17473,"Blanco, Ebony","Blanco, Ebony",Individual,Graduate Degree,Management
6475,17474,"King, Jose","King, Jose",Individual,Graduate Degree,Management
6476,17475,"Green, Jackson","Green, Jackson",Individual,Graduate Degree,Management
6478,17477,"Griffin, Miranda","Griffin, Miranda",Individual,Bachelors,Management
6481,17480,"Gonzalez, Lucas","Gonzalez, Lucas",Individual,Partial College,Skilled Manual
6486,17485,"Davis, Blake","Davis, Blake",Individual,Partial College,Skilled Manual
6487,17486,"Foster, Marissa","Foster, Marissa",Individual,Partial College,Skilled Manual
6488,17487,"Green, Nathan","Green, Nathan",Individual,Partial College,Skilled Manual
6489,17488,"Adams, Jason","Adams, Jason",Individual,Partial College,Skilled Manual
6490,17489,"Evans, Jack","Evans, Jack",Individual,Partial College,Skilled Manual
6491,17490,"Moore, Grace","Moore, Grace",Individual,Partial College,Skilled Manual
6499,17498,"Martin, Daniel","Martin, Daniel",Individual,Partial College,Skilled Manual
6506,17505,"Mitchell, Hunter","Mitchell, Hunter",Individual,High School,Skilled Manual
6519,17518,"Gill, Wendy","Gill, Wendy",Individual,Partial High School,Skilled Manual
6521,17520,"Baker, Marcus","Baker, Marcus",Individual,Partial College,Professional
6522,17521,"Jenkins, Destiny","Jenkins, Destiny",Individual,High School,Professional
6524,17523,"West, Jordan","West, Jordan",Individual,Graduate Degree,Management
6525,17524,"Washington, Lucas","Washington, Lucas",Individual,Graduate Degree,Management
6526,17525,"Wright, Adam","Wright, Adam",Individual,Graduate Degree,Management
6527,17526,"Gonzales, Tristan","Gonzales, Tristan",Individual,High School,Professional
6528,17527,"Cook, Anna","Cook, Anna",Individual,High School,Professional
6529,17528,"Kapoor, Whitney","Kapoor, Whitney",Individual,Partial College,Professional
6530,17529,"Mitchell, Chloe","Mitchell, Chloe",Individual,Partial College,Professional
6531,17530,"Wood, Devin","Wood, Devin",Individual,High School,Professional
6532,17531,"Ramirez, Isaac","Ramirez, Isaac",Individual,High School,Professional
6533,17532,"Patterson, Nathan","Patterson, Nathan",Individual,High School,Professional
6534,17533,"Baker, Fernando","Baker, Fernando",Individual,Partial College,Professional
6535,17534,"Griffin, Robert","Griffin, Robert",Individual,Partial College,Professional
6536,17535,"Guo, Colleen","Guo, Colleen",Individual,Partial College,Professional
6537,17536,"Robinson, Benjamin","Robinson, Benjamin",Individual,Bachelors,Management
6538,17537,"Mitchell, Courtney","Mitchell, Courtney",Individual,Graduate Degree,Management
6539,17538,"Bell, Brianna","Bell, Brianna",Individual,Graduate Degree,Management
6541,17540,"Gutierrez, Gloria","Gutierrez, Gloria",Individual,High School,Skilled Manual
6542,17541,"Zeng, Kristen","Zeng, Kristen",Individual,High School,Skilled Manual
6545,17544,"Rogers, Eduardo","Rogers, Eduardo",Individual,Partial College,Skilled Manual
6546,17545,"Ross, Wyatt","Ross, Wyatt",Individual,Partial College,Skilled Manual
6547,17546,"James, Melanie","James, Melanie",Individual,Partial College,Skilled Manual
6548,17547,"Yuan, Alejandro","Yuan, Alejandro",Individual,High School,Skilled Manual
6549,17548,"Adams, Kaylee","Adams, Kaylee",Individual,High School,Skilled Manual
6550,17549,"Taylor, Jonathan","Taylor, Jonathan",Individual,Graduate Degree,Management
6551,17550,"Edwards, Mason","Edwards, Mason",Individual,Graduate Degree,Management
6553,17552,"Howard, Julia","Howard, Julia",Individual,Bachelors,Management
6554,17553,"Sanchez, Summer","Sanchez, Summer",Individual,Bachelors,Management
6555,17554,"Harris, Emma","Harris, Emma",Individual,Graduate Degree,Management
6556,17555,"Smith, William","Smith, William",Individual,Bachelors,Management
6557,17556,"Powell, Emily","Powell, Emily",Individual,Partial High School,Clerical
6558,17557,"Davis, Matthew","Davis, Matthew",Individual,Partial High School,Clerical
6560,17559,"Suarez, Kari","Suarez, Kari",Individual,High School,Professional
6561,17560,"Richardson, Kaylee","Richardson, Kaylee",Individual,Graduate Degree,Skilled Manual
6562,17561,"White, Samantha","White, Samantha",Individual,Graduate Degree,Skilled Manual
6563,17562,"Sharma, Zachary","Sharma, Zachary",Individual,Graduate Degree,Professional
6564,17563,"King, Jeremiah","King, Jeremiah",Individual,Graduate Degree,Professional
6565,17564,"West, Julia","West, Julia",Individual,Bachelors,Skilled Manual
6566,17565,"Murphy, Alexandra","Murphy, Alexandra",Individual,Bachelors,Skilled Manual
6567,17566,"Martinez, Rachel","Martinez, Rachel",Individual,Bachelors,Skilled Manual
6568,17567,"Cook, Nathaniel","Cook, Nathaniel",Individual,Bachelors,Skilled Manual
6569,17568,"Perry, Dylan","Perry, Dylan",Individual,Bachelors,Skilled Manual
6570,17569,"Price, Mya","Price, Mya",Individual,Graduate Degree,Professional
6571,17570,"Sanchez, Carlos","Sanchez, Carlos",Individual,Graduate Degree,Professional
6572,17571,"Li, James","Li, James",Individual,Bachelors,Skilled Manual
6573,17572,"Edwards, Lucas","Edwards, Lucas",Individual,Bachelors,Skilled Manual
6574,17573,"Ross, Caroline","Ross, Caroline",Individual,Bachelors,Skilled Manual
6584,17583,"Cook, Stephanie","Cook, Stephanie",Individual,Bachelors,Skilled Manual
6585,17584,"Liu, Lisa","Liu, Lisa",Individual,Bachelors,Skilled Manual
6588,17587,"Liang, Curtis","Liang, Curtis",Individual,Graduate Degree,Professional
6589,17588,"Bennett, Gavin","Bennett, Gavin",Individual,Graduate Degree,Professional
6590,17589,"Brooks, Melanie","Brooks, Melanie",Individual,Graduate Degree,Professional
6591,17590,"Cox, Garrett","Cox, Garrett",Individual,Graduate Degree,Professional
6592,17591,"Hughes, Spencer","Hughes, Spencer",Individual,Graduate Degree,Professional
6593,17592,"Sanders, Bryan","Sanders, Bryan",Individual,Graduate Degree,Professional
6594,17593,"Butler, Richard","Butler, Richard",Individual,Graduate Degree,Professional
6595,17594,"Cook, Michelle","Cook, Michelle",Individual,Graduate Degree,Professional
6605,17604,"Robinson, Noah","Robinson, Noah",Individual,Graduate Degree,Professional
6606,17605,"Ma, Jon","Ma, Jon",Individual,Graduate Degree,Professional
6607,17606,"Peterson, Jacqueline","Peterson, Jacqueline",Individual,Graduate Degree,Professional
6608,17607,"Gonzalez, Frederick","Gonzalez, Frederick",Individual,Bachelors,Professional
6609,17608,"Cooper, Carlos","Cooper, Carlos",Individual,Bachelors,Professional
6610,17609,"Davis, Charles","Davis, Charles",Individual,Bachelors,Professional
6611,17610,"White, Anna","White, Anna",Individual,Bachelors,Skilled Manual
6612,17611,"Butler, Luis","Butler, Luis",Individual,Bachelors,Skilled Manual
6613,17612,"Parker, Courtney","Parker, Courtney",Individual,Bachelors,Skilled Manual
6615,17614,"Cook, Mason","Cook, Mason",Individual,Graduate Degree,Professional
6616,17615,"Long, Brittany","Long, Brittany",Individual,Bachelors,Professional
6617,17616,"Weisman, Daniel","Weisman, Daniel",Individual,Bachelors,Skilled Manual
6618,17617,"Simmons, Abigail","Simmons, Abigail (17617)",Individual,Bachelors,Skilled Manual
6619,17618,"Liu, Ramon","Liu, Ramon",Individual,Bachelors,Skilled Manual
6621,17620,"Coleman, Miranda","Coleman, Miranda",Individual,Bachelors,Skilled Manual
6622,17621,"Price, Brianna","Price, Brianna",Individual,Bachelors,Professional
6624,17623,"Robinson, Austin","Robinson, Austin",Individual,Bachelors,Professional
6625,17624,"Alexander, Samantha","Alexander, Samantha",Individual,Bachelors,Professional
6630,17629,"Torres, Tabitha","Torres, Tabitha",Individual,Partial High School,Manual
6631,17630,"Zhang, Gilbert","Zhang, Gilbert",Individual,Bachelors,Skilled Manual
6632,17631,"He, Cara","He, Cara",Individual,Bachelors,Skilled Manual
6636,17635,"Deng, Terry","Deng, Terry",Individual,High School,Manual
6637,17636,"Srini, Ross","Srini, Ross",Individual,High School,Manual
6638,17637,"Tang, Arturo","Tang, Arturo",Individual,High School,Manual
6641,17640,"Allen, Haley","Allen, Haley",Individual,High School,Manual
6653,17652,"Vazquez, Javier","Vazquez, Javier",Individual,Graduate Degree,Skilled Manual
6659,17658,"Howard, Jade","Howard, Jade",Individual,High School,Manual
6660,17659,"Tang, Jodi","Tang, Jodi",Individual,Graduate Degree,Skilled Manual
6661,17660,"Young, Seth","Young, Seth",Individual,Graduate Degree,Skilled Manual
6662,17661,"Smith, Natalie","Smith, Natalie",Individual,Partial College,Clerical
6663,17662,"Washington, Jose","Washington, Jose",Individual,Partial College,Clerical
6664,17663,"Hayes, Elizabeth","Hayes, Elizabeth",Individual,High School,Clerical
6665,17664,"Robinson, Devin","Robinson, Devin",Individual,High School,Clerical
6666,17665,"Jenkins, Zachary","Jenkins, Zachary",Individual,High School,Clerical
6667,17666,"Torres, Steven","Torres, Steven",Individual,Partial College,Clerical
6668,17667,"Rai, Jaime","Rai, Jaime",Individual,Partial College,Clerical
6669,17668,"Peterson, Eduardo","Peterson, Eduardo",Individual,High School,Skilled Manual
6670,17669,"Rivera, Olivia","Rivera, Olivia",Individual,High School,Skilled Manual
6671,17670,"Alexander, Gabrielle","Alexander, Gabrielle",Individual,High School,Skilled Manual
6672,17671,"Stewart, Emma","Stewart, Emma",Individual,High School,Skilled Manual
6673,17672,"Coleman, Thomas","Coleman, Thomas",Individual,High School,Skilled Manual
6674,17673,"Scott, Amber","Scott, Amber",Individual,Partial College,Clerical
6675,17674,"Wang, Kevin","Wang, Kevin",Individual,High School,Skilled Manual
6676,17675,"Li, Rosa","Li, Rosa",Individual,High School,Skilled Manual
6677,17676,"Yang, Eugene","Yang, Eugene",Individual,High School,Skilled Manual
6678,17677,"Hernandez, Lawrence","Hernandez, Lawrence",Individual,Partial College,Clerical
6679,17678,"Blanco, Julio","Blanco, Julio",Individual,Partial College,Clerical
6680,17679,"Mehta, Joe","Mehta, Joe",Individual,Partial College,Clerical
6682,17681,"Carter, Robert","Carter, Robert",Individual,Partial College,Clerical
6683,17682,"Ramirez, Anna","Ramirez, Anna",Individual,Graduate Degree,Skilled Manual
6684,17683,"Evans, Jenna","Evans, Jenna",Individual,Graduate Degree,Skilled Manual
6685,17684,"Gomez, Leslie","Gomez, Leslie",Individual,Graduate Degree,Skilled Manual
6686,17685,"Torres, Diana","Torres, Diana",Individual,Graduate Degree,Skilled Manual
6688,17687,"Turner, Miguel","Turner, Miguel",Individual,Graduate Degree,Skilled Manual
6689,17688,"Subram, Pedro","Subram, Pedro",Individual,Graduate Degree,Skilled Manual
6690,17689,"Young, Mary","Young, Mary",Individual,Graduate Degree,Skilled Manual
6691,17690,"Gonzalez, Jenna","Gonzalez, Jenna",Individual,Graduate Degree,Skilled Manual
6693,17692,"Smith, Emily","Smith, Emily",Individual,Graduate Degree,Skilled Manual
6694,17693,"Jenkins, Justin","Jenkins, Justin",Individual,Graduate Degree,Skilled Manual
6695,17694,"Carter, Joan","Carter, Joan",Individual,Graduate Degree,Skilled Manual
6696,17695,"Washington, Hunter","Washington, Hunter",Individual,Graduate Degree,Skilled Manual
6697,17696,"Simmons, Madison","Simmons, Madison",Individual,Graduate Degree,Skilled Manual
6698,17697,"Gray, Nathaniel","Gray, Nathaniel",Individual,Graduate Degree,Skilled Manual
6699,17698,"Butler, Xavier","Butler, Xavier",Individual,Graduate Degree,Skilled Manual
6700,17699,"Bell, Jesse","Bell, Jesse",Individual,Graduate Degree,Skilled Manual
6705,17704,"Moreno, Nelson","Moreno, Nelson",Individual,Graduate Degree,Manual
6708,17707,"Deng, Mindy","Deng, Mindy",Individual,Bachelors,Manual
6719,17718,"Jai, Lindsay","Jai, Lindsay",Individual,Graduate Degree,Clerical
6723,17722,"Serrano, Jerome","Serrano, Jerome",Individual,Partial College,Manual
6739,17738,"Deng, Nicolas","Deng, Nicolas",Individual,Partial College,Manual
6742,17741,"Xu, Alvin","Xu, Alvin",Individual,Graduate Degree,Clerical
6743,17742,"Romero, Randall","Romero, Randall",Individual,Graduate Degree,Clerical
6746,17745,"Suarez, Tanya","Suarez, Tanya",Individual,Partial College,Manual
6747,17746,"Nath, Cedric","Nath, Cedric",Individual,Partial College,Manual
6759,17758,"Gill, Linda","Gill, Linda",Individual,Partial College,Manual
6762,17761,"Sai, Kristopher","Sai, Kristopher",Individual,Bachelors,Clerical
6763,17762,"Rodriguez, Rachel","Rodriguez, Rachel",Individual,High School,Manual
6765,17764,"Garcia, Terrance","Garcia, Terrance",Individual,Bachelors,Clerical
6766,17765,"Zhang, Valerie","Zhang, Valerie",Individual,Bachelors,Clerical
6769,17768,"Parker, Luis","Parker, Luis",Individual,Partial College,Manual
6770,17769,"Martin, Nathan","Martin, Nathan",Individual,Partial College,Manual
6775,17774,"Gutierrez, Brandi","Gutierrez, Brandi",Individual,Partial College,Manual
6778,17777,"Alvarez, Armando","Alvarez, Armando",Individual,Bachelors,Clerical
6782,17781,"She, Jake","She, Jake",Individual,Graduate Degree,Clerical
6784,17783,"Jai, Tracy","Jai, Tracy",Individual,Partial High School,Manual
6785,17784,"Patel, Mayra","Patel, Mayra",Individual,Partial High School,Manual
6789,17788,"Liu, Jeffery","Liu, Jeffery",Individual,High School,Manual
6790,17789,"Dominguez, Kari","Dominguez, Kari",Individual,Bachelors,Clerical
6792,17791,"Davis, Sydney","Davis, Sydney",Individual,Bachelors,Clerical
6797,17796,"Taylor, Eduardo","Taylor, Eduardo",Individual,Partial High School,Manual
6798,17797,"Martinez, Ebony","Martinez, Ebony",Individual,High School,Manual
6800,17799,"Guo, Alejandro","Guo, Alejandro",Individual,High School,Manual
6803,17802,"Arun, Erick","Arun, Erick",Individual,Partial High School,Manual
6805,17804,"Torres, Melody","Torres, Melody",Individual,Partial High School,Manual
6807,17806,"Kumar, Omar","Kumar, Omar",Individual,High School,Manual
6812,17811,"Hernandez, Stacy","Hernandez, Stacy",Individual,Bachelors,Professional
6818,17817,"Gutierrez, Felicia","Gutierrez, Felicia",Individual,Bachelors,Skilled Manual
6819,17818,"Yuan, Dale","Yuan, Dale",Individual,Bachelors,Skilled Manual
6825,17824,"Pal, Mario","Pal, Mario",Individual,Partial College,Clerical
6826,17825,"Li, Clayton","Li, Clayton",Individual,Bachelors,Skilled Manual
6833,17832,"Sharma, Cameron","Sharma, Cameron",Individual,Partial College,Clerical
6834,17833,"Suarez, Monique","Suarez, Monique",Individual,Bachelors,Skilled Manual
6838,17837,"Garcia, Mayra","Garcia, Mayra",Individual,Partial College,Clerical
6846,17845,"Diaz, Ebony","Diaz, Ebony",Individual,Partial High School,Manual
6848,17847,"Lee, Logan","Lee, Logan",Individual,Partial College,Clerical
6849,17848,"Yuan, Jaime","Yuan, Jaime",Individual,Partial College,Clerical
6852,17851,"Tang, Warren","Tang, Warren",Individual,Partial High School,Manual
6853,17852,"Shan, Lindsey","Shan, Lindsey",Individual,Partial High School,Manual
6854,17853,"Chen, Ernest","Chen, Ernest",Individual,Partial High School,Manual
6855,17854,"Gomez, Shannon","Gomez, Shannon",Individual,Partial College,Clerical
6857,17856,"Rai, Roger","Rai, Roger",Individual,Partial High School,Manual
6858,17857,"Cabello, Albert","Cabello, Albert",Individual,Partial High School,Manual
6860,17859,"Gonzalez, Wyatt","Gonzalez, Wyatt",Individual,Partial College,Skilled Manual
6861,17860,"Diaz, Noah","Diaz, Noah",Individual,Partial College,Skilled Manual
6863,17862,"Baker, Aaron","Baker, Aaron",Individual,High School,Skilled Manual
6864,17863,"Cooper, Bailey","Cooper, Bailey",Individual,Bachelors,Professional
6865,17864,"Martinez, Emily","Martinez, Emily",Individual,Partial College,Skilled Manual
6867,17866,"Baker, Jack","Baker, Jack",Individual,Partial College,Skilled Manual
6869,17868,"Blue, Richard","Blue, Richard",Individual,Graduate Degree,Professional
6870,17869,"Mehta, Henry","Mehta, Henry",Individual,Graduate Degree,Professional
6871,17870,"Price, Melissa","Price, Melissa",Individual,Graduate Degree,Professional
6872,17871,"Patterson, Sydney","Patterson, Sydney",Individual,Partial College,Skilled Manual
6873,17872,"Miller, Robert","Miller, Robert",Individual,Graduate Degree,Skilled Manual
6874,17873,"She, Alejandro","She, Alejandro",Individual,Graduate Degree,Manual
6876,17875,"Anand, Tommy","Anand, Tommy",Individual,Graduate Degree,Manual
6877,17876,"Harris, Fernando","Harris, Fernando",Individual,Graduate Degree,Manual
6878,17877,"Blanco, Danny","Blanco, Danny",Individual,Bachelors,Manual
6894,17893,"Rai, Omar","Rai, Omar",Individual,Bachelors,Clerical
6899,17898,"Sanz, Janet","Sanz, Janet",Individual,Bachelors,Clerical
6902,17901,"Tang, Keith","Tang, Keith",Individual,Partial College,Manual
6903,17902,"Lopez, Ruth","Lopez, Ruth",Individual,Partial College,Manual
6929,17928,"She, Terrence","She, Terrence",Individual,Partial College,Manual
6930,17929,"Rubio, Alfredo","Rubio, Alfredo",Individual,Partial College,Manual
6935,17934,"Gill, Nelson","Gill, Nelson",Individual,Partial College,Manual
6936,17935,"Jai, Misty","Jai, Misty",Individual,Partial College,Manual
6941,17940,"Yuan, Tommy","Yuan, Tommy",Individual,Partial College,Manual
6942,17941,"Jenkins, David","Jenkins, David",Individual,Partial College,Manual
6943,17942,"Watson, Steven","Watson, Steven",Individual,Partial College,Manual
6946,17945,"Rubio, Julio","Rubio, Julio",Individual,Graduate Degree,Clerical
6947,17946,"Washington, Jocelyn","Washington, Jocelyn",Individual,Graduate Degree,Clerical
6948,17947,"Srini, Erick","Srini, Erick",Individual,Graduate Degree,Clerical
6953,17952,"Beck, Brendan","Beck, Brendan",Individual,High School,Manual
6956,17955,"Zhao, Ronnie","Zhao, Ronnie",Individual,Partial College,Manual
6964,17963,"Collins, Natalie","Collins, Natalie",Individual,Bachelors,Clerical
6965,17964,"Suri, Darren","Suri, Darren",Individual,Graduate Degree,Clerical
6971,17970,"Martinez, Erick","Martinez, Erick",Individual,High School,Manual
6977,17976,"Carlson, Daisy","Carlson, Daisy",Individual,Graduate Degree,Clerical
6981,17980,"Hughes, Paige","Hughes, Paige",Individual,Bachelors,Clerical
6984,17983,"Saunders, Carol","Saunders, Carol",Individual,Bachelors,Clerical
6985,17984,"Andersen, Barbara","Andersen, Barbara",Individual,Bachelors,Clerical
6986,17985,"Sun, Cedric","Sun, Cedric",Individual,Bachelors,Clerical
6987,17986,"Malhotra, Monica","Malhotra, Monica",Individual,Bachelors,Clerical
6990,17989,"Sun, Tiffany","Sun, Tiffany",Individual,High School,Manual
6993,17992,"Ma, Sandra","Ma, Sandra",Individual,Partial High School,Manual
6994,17993,"Williams, Richard","Williams, Richard",Individual,High School,Manual
6995,17994,"Xu, Bradley","Xu, Bradley",Individual,High School,Manual
6996,17995,"Jimenez, Sabrina","Jimenez, Sabrina",Individual,High School,Manual
6999,17998,"Weber, Tammy","Weber, Tammy",Individual,High School,Manual
7002,18001,"Suri, Ross","Suri, Ross",Individual,High School,Manual
7003,18002,"Navarro, Gina","Navarro, Gina",Individual,Partial College,Manual
7004,18003,"Chande, Edwin","Chande, Edwin",Individual,Bachelors,Skilled Manual
7006,18005,"Ramos, Renee","Ramos, Renee",Individual,Bachelors,Professional
7007,18006,"Chander, Franklin","Chander, Franklin",Individual,Graduate Degree,Skilled Manual
7018,18017,"Shan, Kurt","Shan, Kurt",Individual,Partial College,Clerical
7020,18019,"Raji, Yolanda","Raji, Yolanda",Individual,Bachelors,Skilled Manual
7021,18020,"Ruiz, Armando","Ruiz, Armando",Individual,High School,Manual
7023,18022,"Alvarez, Victor","Alvarez, Victor",Individual,High School,Manual
7024,18023,"Raji, Terrence","Raji, Terrence",Individual,High School,Manual
7028,18027,"Griffin, Alexia","Griffin, Alexia",Individual,Partial College,Clerical
7030,18029,"Malhotra, Carmen","Malhotra, Carmen",Individual,Partial College,Clerical
7032,18031,"Tang, Shawna","Tang, Shawna",Individual,Partial High School,Manual
7034,18033,"Patel, Evelyn","Patel, Evelyn",Individual,Partial College,Clerical
7035,18034,"Robinson, Ethan","Robinson, Ethan",Individual,High School,Manual
7036,18035,"Zhang, Karen","Zhang, Karen",Individual,Partial High School,Manual
7037,18036,"Sanchez, Bruce","Sanchez, Bruce",Individual,Partial High School,Manual
7046,18045,"Arun, Toni","Arun, Toni",Individual,Partial College,Clerical
7048,18047,"Alvarez, Latasha","Alvarez, Latasha",Individual,Partial College,Clerical
7050,18049,"Watson, Patrick","Watson, Patrick",Individual,High School,Skilled Manual
7051,18050,"Cooper, Sara","Cooper, Sara",Individual,Partial College,Skilled Manual
7053,18052,"Young, Maria","Young, Maria",Individual,Partial College,Skilled Manual
7054,18053,"Smith, Stefanie","Smith, Stefanie",Individual,Bachelors,Professional
7057,18056,"Price, Haley","Price, Haley",Individual,Graduate Degree,Professional
7058,18057,"Washington, Logan","Washington, Logan",Individual,Graduate Degree,Professional
7059,18058,"Patterson, Riley","Patterson, Riley",Individual,High School,Skilled Manual
7060,18059,"Gonzalez, Bailey","Gonzalez, Bailey",Individual,Partial College,Skilled Manual
7061,18060,"Carter, Sara","Carter, Sara",Individual,Partial College,Skilled Manual
7062,18061,"Bailey, Jesse","Bailey, Jesse",Individual,High School,Professional
7063,18062,"Anderson, Dylan","Anderson, Dylan",Individual,Bachelors,Management
7064,18063,"Ward, Alexandria","Ward, Alexandria",Individual,Bachelors,Management
7065,18064,"Rivera, Catherine","Rivera, Catherine",Individual,High School,Professional
7067,18066,"He, Steve","He, Steve",Individual,Bachelors,Management
7068,18067,"King, Jackson","King, Jackson",Individual,Bachelors,Management
7069,18068,"Walker, Ethan","Walker, Ethan",Individual,Bachelors,Management
7070,18069,"Hill, Elijah","Hill, Elijah",Individual,Bachelors,Management
7071,18070,"Martinez, Alyssa","Martinez, Alyssa",Individual,Bachelors,Management
7072,18071,"Campbell, Katelyn","Campbell, Katelyn",Individual,Bachelors,Management
7073,18072,"Perez, Maria","Perez, Maria",Individual,Bachelors,Management
7074,18073,"Chen, Robert","Chen, Robert",Individual,Bachelors,Management
7075,18074,"Hall, Julia","Hall, Julia",Individual,Partial College,Professional
7076,18075,"Adams, Courtney","Adams, Courtney",Individual,Partial College,Professional
7077,18076,"Mehta, Andre","Mehta, Andre",Individual,Partial College,Professional
7080,18079,"Martin, Victoria","Martin, Victoria",Individual,Bachelors,Management
7081,18080,"Richardson, Paige","Richardson, Paige",Individual,Bachelors,Management
7083,18082,"Sanchez, Steven","Sanchez, Steven",Individual,Partial College,Professional
7084,18083,"Agbonile, Osarumwense","Agbonile, Osarumwense",Individual,Partial College,Professional
7085,18084,"Diaz, Jessica","Diaz, Jessica",Individual,Partial College,Professional
7086,18085,"Nath, Christy","Nath, Christy",Individual,Partial College,Professional
7087,18086,"Zeng, Jaclyn","Zeng, Jaclyn",Individual,Partial College,Professional
7088,18087,"Long, Marcus","Long, Marcus",Individual,Bachelors,Management
7089,18088,"Stewart, Seth","Stewart, Seth",Individual,Bachelors,Management
7094,18093,"Johnson, Grace","Johnson, Grace",Individual,Partial College,Professional
7095,18094,"Alonso, Roy","Alonso, Roy",Individual,Bachelors,Management
7096,18095,"Campbell, Thomas","Campbell, Thomas",Individual,Bachelors,Management
7097,18096,"Kelly, Ariana","Kelly, Ariana",Individual,Bachelors,Management
7098,18097,"Stewart, Sydney","Stewart, Sydney",Individual,Partial College,Professional
7099,18098,"Lee, Edward","Lee, Edward",Individual,High School,Professional
7100,18099,"Edwards, Marcus","Edwards, Marcus",Individual,Partial College,Professional
7101,18100,"Li, Kyle","Li, Kyle",Individual,Partial College,Professional
7102,18101,"Turner, Bailey","Turner, Bailey",Individual,Partial College,Professional
7103,18102,"Lewis, Nicholas","Lewis, Nicholas",Individual,Bachelors,Management
7105,18104,"Coleman, Taylor","Coleman, Taylor",Individual,Partial College,Professional
7106,18105,"Brooks, Destiny","Brooks, Destiny",Individual,Partial College,Professional
7107,18106,"Alexander, Carson","Alexander, Carson",Individual,Partial College,Professional
7108,18107,"Liang, Laura","Liang, Laura",Individual,Partial College,Professional
7109,18108,"Gao, Colin","Gao, Colin",Individual,Partial College,Professional
7110,18109,"Campbell, Samuel","Campbell, Samuel",Individual,Partial College,Professional
7111,18110,"Li, Austin","Li, Austin",Individual,Partial College,Professional
7112,18111,"Morris, Timothy","Morris, Timothy",Individual,Partial College,Professional
7113,18112,"Gonzalez, Sophia","Gonzalez, Sophia",Individual,Partial College,Professional
7114,18113,"Simmons, Abigail","Simmons, Abigail (18113)",Individual,Partial College,Professional
7115,18114,"Foster, Alexandria","Foster, Alexandria",Individual,Partial High School,Skilled Manual
7116,18115,"Young, Richard","Young, Richard",Individual,Partial High School,Skilled Manual
7118,18117,"Washington, Fernando","Washington, Fernando",Individual,High School,Professional
7120,18119,"Nath, Shawn","Nath, Shawn",Individual,High School,Professional
7121,18120,"Martin, Isabella","Martin, Isabella",Individual,High School,Professional
7122,18121,"Young, Madeline","Young, Madeline",Individual,High School,Professional
7124,18123,"Hughes, Emily","Hughes, Emily",Individual,Partial College,Professional
7125,18124,"Chander, Calvin","Chander, Calvin",Individual,Bachelors,Management
7126,18125,"Cai, Leah","Cai, Leah",Individual,Bachelors,Management
7131,18130,"Mitchell, Kaitlyn","Mitchell, Kaitlyn",Individual,Partial College,Professional
7134,18133,"Smith, Karen","Smith, Karen",Individual,High School,Professional
7135,18134,"Romero, Melody","Romero, Melody",Individual,High School,Professional
7140,18139,"Washington, Jennifer","Washington, Jennifer",Individual,Partial High School,Professional
7141,18140,"White, Anthony","White, Anthony",Individual,Partial College,Professional
7146,18145,"So, David","So, David",Individual,Bachelors,Management
7147,18146,"Wang, Eugene","Wang, Eugene",Individual,Partial College,Professional
7154,18153,"Gao, Karen","Gao, Karen",Individual,Bachelors,Management
7155,18154,"She, Calvin","She, Calvin",Individual,Bachelors,Management
7158,18157,"Hall, Isabella","Hall, Isabella (18157)",Individual,Partial College,Professional
7165,18164,"Wang, Alisha","Wang, Alisha",Individual,Bachelors,Management
7168,18167,"Chander, Raul","Chander, Raul",Individual,High School,Professional
7170,18169,"Liang, Alisha","Liang, Alisha",Individual,High School,Professional
7171,18170,"Perez, Adam","Perez, Adam",Individual,High School,Professional
7172,18171,"Zeng, Alejandro","Zeng, Alejandro",Individual,Partial College,Professional
7177,18176,"Kumar, Bradley","Kumar, Bradley",Individual,Partial College,Management
7181,18180,"Howard, Juan","Howard, Juan",Individual,High School,Management
7183,18182,"Prasad, Kristi","Prasad, Kristi",Individual,Partial High School,Skilled Manual
7184,18183,"Schmidt, Meagan","Schmidt, Meagan",Individual,Partial High School,Skilled Manual
7186,18185,"Huang, Laura","Huang, Laura",Individual,Partial High School,Professional
7224,18223,"Clark, Noah","Clark, Noah",Individual,Partial College,Professional
7225,18224,"Perry, Vanessa","Perry, Vanessa",Individual,Partial College,Professional
7226,18225,"Jenkins, Paige","Jenkins, Paige",Individual,Partial College,Professional
7227,18226,"Walker, Joseph","Walker, Joseph",Individual,Partial College,Skilled Manual
7228,18227,"Diaz, Miranda","Diaz, Miranda",Individual,Partial College,Skilled Manual
7229,18228,"Parker, Adam","Parker, Adam",Individual,Partial College,Skilled Manual
7230,18229,"Ward, Gabriella","Ward, Gabriella",Individual,Partial College,Skilled Manual
7231,18230,"Perry, Brianna","Perry, Brianna",Individual,Bachelors,Professional
7232,18231,"Gutierrez, Janet","Gutierrez, Janet",Individual,Graduate Degree,Professional
7233,18232,"Edwards, Sophia","Edwards, Sophia",Individual,Partial College,Skilled Manual
7234,18233,"Bailey, Mackenzie","Bailey, Mackenzie",Individual,Bachelors,Professional
7235,18234,"Russell, Alexandria","Russell, Alexandria",Individual,Bachelors,Professional
7236,18235,"Guo, Vincent","Guo, Vincent",Individual,Graduate Degree,Professional
7312,18311,"Mitchell, Jennifer","Mitchell, Jennifer",Individual,High School,Skilled Manual
7313,18312,"Moore, Miguel","Moore, Miguel",Individual,High School,Skilled Manual
7314,18313,"Foster, Arianna","Foster, Arianna",Individual,High School,Skilled Manual
7316,18315,"Dominguez, Melody","Dominguez, Melody",Individual,High School,Skilled Manual
7317,18316,"Kumar, Justin","Kumar, Justin",Individual,High School,Skilled Manual
7319,18318,"Hughes, Benjamin","Hughes, Benjamin",Individual,High School,Skilled Manual
7322,18321,"Cook, Sebastian","Cook, Sebastian",Individual,Partial High School,Clerical
7324,18323,"Clark, Jeremy","Clark, Jeremy",Individual,High School,Skilled Manual
7328,18327,"Sharma, Jon","Sharma, Jon",Individual,Partial High School,Clerical
7329,18328,"Rai, Alvin","Rai, Alvin",Individual,High School,Skilled Manual
7340,18339,"Nath, Donna","Nath, Donna",Individual,Partial College,Skilled Manual
7341,18340,"Cooper, Arianna","Cooper, Arianna",Individual,Partial College,Skilled Manual
7342,18341,"Goel, Russell","Goel, Russell",Individual,Partial College,Skilled Manual
7343,18342,"James, Victoria","James, Victoria",Individual,Partial College,Skilled Manual
7344,18343,"Green, Dalton","Green, Dalton",Individual,Partial College,Skilled Manual
7345,18344,"Turner, Caleb","Turner, Caleb",Individual,Partial College,Skilled Manual
7347,18346,"Flores, Anna","Flores, Anna",Individual,Partial College,Skilled Manual
7348,18347,"Clark, Alyssa","Clark, Alyssa",Individual,Partial College,Skilled Manual
7349,18348,"Roberts, Katelyn","Roberts, Katelyn",Individual,Partial College,Skilled Manual
7350,18349,"Robinson, Jacob","Robinson, Jacob",Individual,Partial College,Skilled Manual
7351,18350,"Ross, Emma","Ross, Emma",Individual,Partial College,Skilled Manual
7352,18351,"Smith, Alexander","Smith, Alexander",Individual,Partial College,Skilled Manual
7353,18352,"Thomas, Noah","Thomas, Noah",Individual,Bachelors,Management
7354,18353,"Anderson, Robert","Anderson, Robert",Individual,Bachelors,Management
7355,18354,"Nara, Alvin","Nara, Alvin",Individual,Graduate Degree,Management
7358,18357,"Reed, Trinity","Reed, Trinity",Individual,Bachelors,Management
7359,18358,"Coleman, Oscar","Coleman, Oscar",Individual,Partial College,Skilled Manual
7360,18359,"Bryant, Alexandria","Bryant, Alexandria",Individual,Partial College,Skilled Manual
7361,18360,"Li, Eric","Li, Eric",Individual,Partial College,Skilled Manual
7362,18361,"Simmons, Marcus","Simmons, Marcus",Individual,Partial College,Skilled Manual
7365,18364,"Gray, Eduardo","Gray, Eduardo",Individual,Partial College,Skilled Manual
7366,18365,"Lewis, Daniel","Lewis, Daniel",Individual,Partial College,Skilled Manual
7367,18366,"Richardson, Alexandria","Richardson, Alexandria",Individual,Partial College,Skilled Manual
7370,18369,"He, Mandy","He, Mandy",Individual,Graduate Degree,Skilled Manual
7371,18370,"Flores, Tristan","Flores, Tristan",Individual,Graduate Degree,Skilled Manual
7372,18371,"Morgan, Jessica","Morgan, Jessica",Individual,Graduate Degree,Skilled Manual
7374,18373,"Roberts, Stephanie","Roberts, Stephanie",Individual,Bachelors,Skilled Manual
7375,18374,"King, Logan","King, Logan",Individual,Partial College,Professional
7376,18375,"Morris, Michelle","Morris, Michelle",Individual,Bachelors,Management
7377,18376,"Diaz, Abigail","Diaz, Abigail",Individual,Partial College,Professional
7379,18378,"Foster, Dalton","Foster, Dalton",Individual,Partial College,Professional
7381,18380,"Kelly, Kaitlyn","Kelly, Kaitlyn",Individual,Partial College,Professional
7382,18381,"Ward, Katherine","Ward, Katherine",Individual,Partial College,Professional
7384,18383,"Torres, Natalie","Torres, Natalie",Individual,Partial College,Professional
7385,18384,"Williams, Nicole","Williams, Nicole",Individual,Partial College,Professional
7386,18385,"Gonzalez, Miguel","Gonzalez, Miguel",Individual,Bachelors,Management
7387,18386,"Shan, Kevin","Shan, Kevin",Individual,Partial College,Professional
7388,18387,"Green, Carlos","Green, Carlos",Individual,Bachelors,Management
7389,18388,"Russell, Julia","Russell, Julia",Individual,Bachelors,Management
7394,18393,"Ross, Angela","Ross, Angela",Individual,Partial College,Professional
7395,18394,"Wright, Sean","Wright, Sean",Individual,Partial College,Professional
7397,18396,"Parker, Luke","Parker, Luke",Individual,Partial College,Professional
7398,18397,"Anand, Louis","Anand, Louis",Individual,Partial College,Professional
7399,18398,"Sanchez, Geoffrey","Sanchez, Geoffrey",Individual,Bachelors,Management
7400,18399,"Torres, Sara","Torres, Sara",Individual,Partial College,Professional
7401,18400,"Jackson, Jeremiah","Jackson, Jeremiah",Individual,High School,Professional
7403,18402,"Kelly, Kimberly","Kelly, Kimberly",Individual,Partial College,Professional
7404,18403,"Phillips, Madeline","Phillips, Madeline",Individual,Partial College,Professional
7406,18405,"Gutierrez, Sheila","Gutierrez, Sheila",Individual,Bachelors,Management
7407,18406,"Ross, Zachary","Ross, Zachary",Individual,Bachelors,Management
7411,18410,"Davis, Joshua","Davis, Joshua",Individual,High School,Professional
7413,18412,"Parker, Mary","Parker, Mary",Individual,High School,Professional
7414,18413,"Jackson, Samuel","Jackson, Samuel",Individual,Partial College,Professional
7415,18414,"Griffin, Gabrielle","Griffin, Gabrielle",Individual,Partial College,Professional
7416,18415,"Mehta, Summer","Mehta, Summer",Individual,Graduate Degree,Management
7417,18416,"Peterson, Emma","Peterson, Emma",Individual,Partial College,Professional
7418,18417,"Roberts, Jonathan","Roberts, Jonathan",Individual,Partial College,Professional
7419,18418,"Sun, Dawn","Sun, Dawn",Individual,Partial College,Professional
7420,18419,"Johnson, Rachel","Johnson, Rachel",Individual,High School,Professional
7421,18420,"Stewart, Riley","Stewart, Riley",Individual,Partial College,Professional
7422,18421,"Morgan, Megan","Morgan, Megan",Individual,Graduate Degree,Management
7423,18422,"Jones, Taylor","Jones, Taylor",Individual,Bachelors,Management
7424,18423,"Jones, Christian","Jones, Christian",Individual,Partial High School,Skilled Manual
7425,18424,"Williams, Samuel","Williams, Samuel",Individual,High School,Professional
7426,18425,"Brooks, Garrett","Brooks, Garrett",Individual,High School,Professional
7427,18426,"Gonzales, Luke","Gonzales, Luke",Individual,Graduate Degree,Management
7428,18427,"Diaz, Justin","Diaz, Justin",Individual,Graduate Degree,Management
7429,18428,"Henderson, Alexis","Henderson, Alexis",Individual,Graduate Degree,Management
7430,18429,"Gonzales, Faith","Gonzales, Faith",Individual,Graduate Degree,Management
7431,18430,"Morgan, Victoria","Morgan, Victoria",Individual,Partial College,Professional
7432,18431,"Hayes, Cameron","Hayes, Cameron",Individual,Partial College,Professional
7433,18432,"Lopez, Jordan","Lopez, Jordan",Individual,Graduate Degree,Management
7435,18434,"Stone, Clayton","Stone, Clayton",Individual,Graduate Degree,Management
7436,18435,"Phillips, Maria","Phillips, Maria",Individual,Graduate Degree,Management
7437,18436,"Johnson, Richard","Johnson, Richard",Individual,Graduate Degree,Management
7438,18437,"Butler, Isabella","Butler, Isabella",Individual,Graduate Degree,Management
7439,18438,"Sanz, Sheila","Sanz, Sheila",Individual,Graduate Degree,Management
7440,18439,"Coleman, Angela","Coleman, Angela",Individual,Graduate Degree,Management
7441,18440,"Ashe, Joe","Ashe, Joe",Individual,Graduate Degree,Management
7442,18441,"Munoz, Tabitha","Munoz, Tabitha",Individual,Graduate Degree,Management
7443,18442,"Hill, Mason","Hill, Mason",Individual,Graduate Degree,Management
7449,18448,"Bailey, Jennifer","Bailey, Jennifer",Individual,Partial College,Skilled Manual
7454,18453,"Patterson, Caroline","Patterson, Caroline",Individual,Partial College,Skilled Manual
7455,18454,"Perez, George","Perez, George",Individual,Partial College,Skilled Manual
7456,18455,"Wu, Alejandro","Wu, Alejandro",Individual,Partial College,Skilled Manual
7457,18456,"Bailey, Timothy","Bailey, Timothy",Individual,Partial College,Skilled Manual
7460,18459,"Sai, Toni","Sai, Toni",Individual,Partial College,Skilled Manual
7461,18460,"Butler, Faith","Butler, Faith",Individual,Partial College,Skilled Manual
7472,18471,"Stewart, Paige","Stewart, Paige",Individual,Partial College,Skilled Manual
7473,18472,"Ross, Hannah","Ross, Hannah",Individual,High School,Skilled Manual
7476,18475,"Brown, Natalie","Brown, Natalie",Individual,High School,Skilled Manual
7477,18476,"Rogers, Brooke","Rogers, Brooke",Individual,High School,Skilled Manual
7504,18503,"Peterson, Timothy","Peterson, Timothy",Individual,Bachelors,Management
7516,18515,"Patterson, Gabrielle","Patterson, Gabrielle",Individual,Partial College,Professional
7517,18516,"Brooks, Juan","Brooks, Juan",Individual,Graduate Degree,Management
7518,18517,"Diaz, Tristan","Diaz, Tristan",Individual,Bachelors,Management
7519,18518,"Scott, Stephanie","Scott, Stephanie",Individual,Bachelors,Management
7520,18519,"Cook, Alex","Cook, Alex",Individual,Partial College,Professional
7521,18520,"Huang, Rafael","Huang, Rafael",Individual,Bachelors,Management
7522,18521,"Rowe, Meghan","Rowe, Meghan",Individual,Bachelors,Management
7523,18522,"Smith, Jeremiah","Smith, Jeremiah",Individual,Graduate Degree,Management
7527,18526,"Hernandez, Kevin","Hernandez, Kevin",Individual,Bachelors,Professional
7528,18527,"Baker, Jonathan","Baker, Jonathan",Individual,Partial College,Skilled Manual
7529,18528,"Rodriguez, John","Rodriguez, John",Individual,Partial College,Skilled Manual
7530,18529,"Castro, Albert","Castro, Albert",Individual,High School,Skilled Manual
7539,18538,"Mitchell, Ian","Mitchell, Ian",Individual,Bachelors,Management
7540,18539,"Russell, Riley","Russell, Riley",Individual,Bachelors,Management
7541,18540,"Perry, Victoria","Perry, Victoria",Individual,Bachelors,Management
7543,18542,"She, Dustin","She, Dustin",Individual,Bachelors,Management
7582,18581,"Dominguez, Melinda","Dominguez, Melinda",Individual,Graduate Degree,Professional
7583,18582,"Morgan, Bryan","Morgan, Bryan",Individual,Graduate Degree,Professional
7584,18583,"Kumar, Luis","Kumar, Luis",Individual,Graduate Degree,Professional
7585,18584,"Evans, Haley","Evans, Haley",Individual,Graduate Degree,Professional
7586,18585,"Blue, Katherine","Blue, Katherine",Individual,Graduate Degree,Professional
7587,18586,"Patterson, Benjamin","Patterson, Benjamin",Individual,Graduate Degree,Professional
7588,18587,"Arun, Monica","Arun, Monica",Individual,Bachelors,Professional
7589,18588,"Rogers, Isabella","Rogers, Isabella",Individual,Bachelors,Professional
7590,18589,"Stewart, Anna","Stewart, Anna",Individual,Bachelors,Professional
7616,18615,"Peterson, Charles","Peterson, Charles",Individual,Bachelors,Professional
7617,18616,"Butler, Spencer","Butler, Spencer",Individual,Graduate Degree,Professional
7620,18619,"Mehta, Dominic","Mehta, Dominic",Individual,Bachelors,Skilled Manual
7627,18626,"Pal, Tony","Pal, Tony",Individual,Partial College,Clerical
7636,18635,"Martinez, Toni","Martinez, Toni",Individual,Partial College,Clerical
7637,18636,"Chapman, Edgar","Chapman, Edgar",Individual,Partial College,Clerical
7639,18638,"Thompson, Alyssa","Thompson, Alyssa",Individual,Partial College,Clerical
7640,18639,"Scott, Maria","Scott, Maria",Individual,Partial College,Clerical
7641,18640,"James, Isaac","James, Isaac",Individual,Graduate Degree,Skilled Manual
7644,18643,"Thomas, Joshua","Thomas, Joshua",Individual,Graduate Degree,Professional
7646,18645,"Bryant, Jordan","Bryant, Jordan",Individual,Graduate Degree,Skilled Manual
7647,18646,"Adams, Blake","Adams, Blake",Individual,Graduate Degree,Skilled Manual
7648,18647,"Huang, Christy","Huang, Christy",Individual,High School,Manual
7649,18648,"Torres, Hailey","Torres, Hailey",Individual,High School,Clerical
7650,18649,"Patterson, Jackson","Patterson, Jackson",Individual,High School,Clerical
7651,18650,"Flores, Kyle","Flores, Kyle",Individual,High School,Clerical
7652,18651,"Mitchell, Isaiah","Mitchell, Isaiah",Individual,High School,Clerical
7653,18652,"Diaz, Meredith","Diaz, Meredith",Individual,High School,Clerical
7654,18653,"Madan, Emmanuel","Madan, Emmanuel",Individual,High School,Clerical
7655,18654,"Lopez, Thomas","Lopez, Thomas",Individual,Partial College,Clerical
7656,18655,"Diaz, Eric","Diaz, Eric",Individual,Partial College,Clerical
7657,18656,"Clark, Charles","Clark, Charles",Individual,High School,Skilled Manual
7658,18657,"Morgan, Alex","Morgan, Alex",Individual,High School,Skilled Manual
7659,18658,"Turner, Dalton","Turner, Dalton",Individual,High School,Skilled Manual
7660,18659,"Thompson, Jasmine","Thompson, Jasmine",Individual,Partial College,Clerical
7661,18660,"Anand, Cristina","Anand, Cristina",Individual,Partial College,Clerical
7662,18661,"Walker, Daniel","Walker, Daniel",Individual,High School,Skilled Manual
7663,18662,"Sharma, Kyle","Sharma, Kyle",Individual,High School,Skilled Manual
7664,18663,"Flores, Jason","Flores, Jason",Individual,High School,Skilled Manual
7665,18664,"Long, Robert","Long, Robert",Individual,High School,Skilled Manual
7666,18665,"Brooks, Olivia","Brooks, Olivia",Individual,High School,Skilled Manual
7667,18666,"Henderson, Jordyn","Henderson, Jordyn",Individual,High School,Skilled Manual
7668,18667,"Ma, Kelli","Ma, Kelli",Individual,High School,Skilled Manual
7669,18668,"Sanders, Brian","Sanders, Brian",Individual,High School,Skilled Manual
7670,18669,"Griffin, Adam","Griffin, Adam",Individual,Partial College,Clerical
7671,18670,"Bryant, Melanie","Bryant, Melanie",Individual,Partial College,Clerical
7672,18671,"Kelly, Melanie","Kelly, Melanie",Individual,Graduate Degree,Skilled Manual
7673,18672,"Lewis, Anthony","Lewis, Anthony",Individual,Graduate Degree,Skilled Manual
7674,18673,"Green, James","Green, James",Individual,Graduate Degree,Skilled Manual
7676,18675,"Martin, Abigail","Martin, Abigail",Individual,Graduate Degree,Skilled Manual
7677,18676,"Young, Jesse","Young, Jesse",Individual,Graduate Degree,Skilled Manual
7679,18678,"Watson, Sean","Watson, Sean",Individual,Graduate Degree,Skilled Manual
7680,18679,"Wood, Seth","Wood, Seth",Individual,Graduate Degree,Skilled Manual
7681,18680,"Shan, David","Shan, David",Individual,Graduate Degree,Skilled Manual
7682,18681,"Griffin, Jacqueline","Griffin, Jacqueline",Individual,Graduate Degree,Skilled Manual
7683,18682,"Bennett, Emily","Bennett, Emily",Individual,Graduate Degree,Skilled Manual
7684,18683,"Walker, Robert","Walker, Robert",Individual,Graduate Degree,Skilled Manual
7685,18684,"Watson, Makayla","Watson, Makayla",Individual,Graduate Degree,Skilled Manual
7688,18687,"Smith, Olivia","Smith, Olivia",Individual,Graduate Degree,Skilled Manual
7689,18688,"Barnes, Antonio","Barnes, Antonio",Individual,Graduate Degree,Professional
7690,18689,"Miller, Miguel","Miller, Miguel",Individual,Graduate Degree,Professional
7691,18690,"Rivera, Carlos","Rivera, Carlos",Individual,Bachelors,Professional
7751,18750,"Perry, Alexandra","Perry, Alexandra",Individual,High School,Skilled Manual
7752,18751,"Schmidt, Kari","Schmidt, Kari",Individual,High School,Skilled Manual
7753,18752,"Walker, Samantha","Walker, Samantha",Individual,High School,Skilled Manual
7754,18753,"Moore, James","Moore, James",Individual,High School,Skilled Manual
7755,18754,"Mitchell, Isabella","Mitchell, Isabella",Individual,High School,Skilled Manual
7758,18757,"Srini, Frederick","Srini, Frederick",Individual,High School,Skilled Manual
7761,18760,"Wood, Morgan","Wood, Morgan",Individual,Partial High School,Clerical
7762,18761,"Wright, Luis","Wright, Luis",Individual,Partial High School,Clerical
7763,18762,"Wilson, Arthur","Wilson, Arthur",Individual,High School,Skilled Manual
7765,18764,"Scott, Natalie","Scott, Natalie",Individual,High School,Skilled Manual
7766,18765,"Shan, Noah","Shan, Noah",Individual,High School,Skilled Manual
7771,18770,"Hernandez, Aaron","Hernandez, Aaron",Individual,Partial College,Skilled Manual
7772,18771,"Green, Robert","Green, Robert",Individual,Partial College,Skilled Manual
7773,18772,"Hill, Julia","Hill, Julia",Individual,Partial College,Skilled Manual
7774,18773,"Price, Cassidy","Price, Cassidy",Individual,Partial College,Skilled Manual
7775,18774,"Flores, Justin","Flores, Justin",Individual,Partial College,Skilled Manual
7776,18775,"Bell, Andrea","Bell, Andrea",Individual,High School,Skilled Manual
7777,18776,"Allen, Connor","Allen, Connor",Individual,Partial College,Skilled Manual
7778,18777,"Clark, Richard","Clark, Richard",Individual,Partial College,Skilled Manual
7779,18778,"Washington, Miguel","Washington, Miguel",Individual,Partial College,Skilled Manual
7780,18779,"Hill, Jose","Hill, Jose",Individual,Partial College,Skilled Manual
7781,18780,"Carter, Evan","Carter, Evan",Individual,Partial College,Skilled Manual
7782,18781,"Lewis, Hunter","Lewis, Hunter",Individual,Bachelors,Management
7783,18782,"Reed, Patrick","Reed, Patrick",Individual,Bachelors,Management
7784,18783,"Martin, Michael","Martin, Michael",Individual,Bachelors,Management
7785,18784,"Brooks, Trinity","Brooks, Trinity",Individual,Bachelors,Management
7787,18786,"Chande, Dustin","Chande, Dustin",Individual,Bachelors,Management
7788,18787,"Wood, Mya","Wood, Mya",Individual,Bachelors,Management
7790,18789,"Robinson, Seth","Robinson, Seth",Individual,Graduate Degree,Management
7791,18790,"Martin, Julia","Martin, Julia",Individual,High School,Skilled Manual
7792,18791,"Blue, Megan","Blue, Megan",Individual,High School,Skilled Manual
7793,18792,"Peterson, Gabriella","Peterson, Gabriella",Individual,High School,Skilled Manual
7795,18794,"Davis, Andrew","Davis, Andrew",Individual,Partial College,Skilled Manual
7798,18797,"Murphy, Evan","Murphy, Evan",Individual,Partial College,Skilled Manual
7799,18798,"Allen, Andrea","Allen, Andrea",Individual,Partial College,Skilled Manual
7800,18799,"Lewis, Jacob","Lewis, Jacob",Individual,Graduate Degree,Skilled Manual
7801,18800,"Phillips, Jennifer","Phillips, Jennifer",Individual,Graduate Degree,Skilled Manual
7802,18801,"Yuan, Dawn","Yuan, Dawn",Individual,Graduate Degree,Skilled Manual
7803,18802,"Shen, Mario","Shen, Mario",Individual,Graduate Degree,Skilled Manual
7804,18803,"Zheng, Cedric","Zheng, Cedric",Individual,Graduate Degree,Skilled Manual
7805,18804,"Gonzales, Aaron","Gonzales, Aaron",Individual,Graduate Degree,Skilled Manual
7806,18805,"Simpson, Tracy","Simpson, Tracy",Individual,Bachelors,Skilled Manual
7807,18806,"Torres, Kaitlyn","Torres, Kaitlyn",Individual,Bachelors,Skilled Manual
7808,18807,"Bennett, Spencer","Bennett, Spencer",Individual,Graduate Degree,Management
7809,18808,"Perez, Gabrielle","Perez, Gabrielle",Individual,Partial College,Professional
7810,18809,"King, Jason","King, Jason",Individual,Partial College,Professional
7811,18810,"Dominguez, Casey","Dominguez, Casey",Individual,Graduate Degree,Management
7814,18813,"Hernandez, Kristy","Hernandez, Kristy",Individual,Partial College,Professional
7815,18814,"Adams, Evan","Adams, Evan",Individual,Partial College,Professional
7816,18815,"Rogers, Abigail","Rogers, Abigail",Individual,Partial College,Professional
7817,18816,"Smith, Taylor","Smith, Taylor",Individual,Partial College,Professional
7818,18817,"Russell, Brittany","Russell, Brittany",Individual,Partial College,Professional
7819,18818,"Torres, Lucas","Torres, Lucas",Individual,Bachelors,Management
7820,18819,"Bennett, Miranda","Bennett, Miranda",Individual,Bachelors,Management
7821,18820,"Cook, Alexandria","Cook, Alexandria",Individual,Bachelors,Management
7823,18822,"Ferrier, Gregory","Ferrier, Gregory",Individual,Partial College,Professional
7824,18823,"Xu, Russell","Xu, Russell",Individual,Bachelors,Management
7825,18824,"Collins, Elijah","Collins, Elijah",Individual,High School,Professional
7826,18825,"Smith, Brandon","Smith, Brandon",Individual,Bachelors,Management
7828,18827,"Raman, Carmen","Raman, Carmen",Individual,Partial College,Professional
7829,18828,"Wright, Morgan","Wright, Morgan",Individual,Partial College,Professional
7830,18829,"Simmons, Jackson","Simmons, Jackson",Individual,Partial College,Professional
7831,18830,"Ortega, Kristine","Ortega, Kristine",Individual,Bachelors,Management
7832,18831,"Hernandez, Andy","Hernandez, Andy",Individual,Bachelors,Management
7833,18832,"Jackson, Dylan","Jackson, Dylan",Individual,Bachelors,Management
7834,18833,"Baker, Morgan","Baker, Morgan",Individual,High School,Professional
7851,18850,"Hughes, Ethan","Hughes, Ethan",Individual,Bachelors,Management
7861,18860,"Foster, Sydney","Foster, Sydney",Individual,High School,Professional
7862,18861,"Wood, Ashley","Wood, Ashley",Individual,High School,Professional
7863,18862,"Zhang, Luke","Zhang, Luke",Individual,High School,Professional
7864,18863,"Scott, Charles","Scott, Charles",Individual,High School,Professional
7865,18864,"Long, Elijah","Long, Elijah",Individual,High School,Professional
7866,18865,"Hayes, Ashley","Hayes, Ashley",Individual,Graduate Degree,Management
7867,18866,"Scott, Miguel","Scott, Miguel",Individual,Graduate Degree,Management
7868,18867,"Perry, Thomas","Perry, Thomas",Individual,Partial College,Professional
7869,18868,"Long, Adam","Long, Adam",Individual,Partial College,Professional
7870,18869,"Flores, Ashley","Flores, Ashley",Individual,Partial College,Professional
7871,18870,"Barnes, Ana","Barnes, Ana",Individual,Partial College,Professional
7873,18872,"Severino, Miguel","Severino, Miguel",Individual,Graduate Degree,Management
7874,18873,"Rodriguez, Austin","Rodriguez, Austin",Individual,Graduate Degree,Management
7875,18874,"Green, Julia","Green, Julia",Individual,Graduate Degree,Management
7877,18876,"Chen, Luke","Chen, Luke",Individual,Graduate Degree,Management
7878,18877,"Hall, Evan","Hall, Evan",Individual,Graduate Degree,Management
7879,18878,"Ramos, Mallory","Ramos, Mallory",Individual,Bachelors,Management
7880,18879,"Morgan, Garrett","Morgan, Garrett",Individual,Bachelors,Management
7881,18880,"Sanchez, Jarrod","Sanchez, Jarrod",Individual,Graduate Degree,Management
7882,18881,"James, Kimberly","James, Kimberly",Individual,Graduate Degree,Management
7887,18886,"McDonald, Donald","McDonald, Donald",Individual,Partial High School,Clerical
7888,18887,"Hernandez, Kari","Hernandez, Kari",Individual,Partial High School,Clerical
7889,18888,"Powell, Devin","Powell, Devin",Individual,Partial College,Skilled Manual
7890,18889,"Murphy, Katelyn","Murphy, Katelyn",Individual,Partial College,Skilled Manual
7891,18890,"Blue, Lauren","Blue, Lauren",Individual,Partial College,Skilled Manual
7892,18891,"James, Megan","James, Megan",Individual,Partial College,Skilled Manual
7893,18892,"Howard, Chase","Howard, Chase",Individual,Partial College,Skilled Manual
7894,18893,"White, Devin","White, Devin",Individual,Partial College,Skilled Manual
7895,18894,"Allen, Eric","Allen, Eric",Individual,Partial College,Skilled Manual
7905,18904,"Thomas, Emma","Thomas, Emma",Individual,Partial College,Skilled Manual
7906,18905,"Adams, Samuel","Adams, Samuel",Individual,Partial College,Skilled Manual
7911,18910,"Perez, Marco","Perez, Marco",Individual,Partial College,Skilled Manual
7912,18911,"McDonald, Elijah","McDonald, Elijah",Individual,High School,Skilled Manual
7913,18912,"Williams, Tyler","Williams, Tyler",Individual,High School,Skilled Manual
7914,18913,"Stewart, Jesse","Stewart, Jesse",Individual,High School,Skilled Manual
7915,18914,"Ruiz, Felicia","Ruiz, Felicia",Individual,High School,Skilled Manual
7916,18915,"Gonzalez, Sydney","Gonzalez, Sydney",Individual,High School,Skilled Manual
7917,18916,"Moore, Christian","Moore, Christian",Individual,High School,Skilled Manual
7918,18917,"Nelson, Jonathan","Nelson, Jonathan",Individual,High School,Skilled Manual
7919,18918,"Ross, Jacqueline","Ross, Jacqueline",Individual,Partial College,Skilled Manual
7921,18920,"Young, Jonathan","Young, Jonathan",Individual,Partial College,Skilled Manual
7922,18921,"Bailey, Rachel","Bailey, Rachel",Individual,Partial College,Skilled Manual
7924,18923,"Kapoor, Cassandra","Kapoor, Cassandra",Individual,Partial College,Professional
7925,18924,"Williams, Rachel","Williams, Rachel",Individual,Partial College,Professional
7934,18933,"Huang, Kelli","Huang, Kelli",Individual,Partial High School,Skilled Manual
7935,18934,"Moore, Jeremiah","Moore, Jeremiah",Individual,Partial College,Professional
7936,18935,"Jenkins, Jasmine","Jenkins, Jasmine",Individual,Graduate Degree,Management
7937,18936,"Collins, Morgan","Collins, Morgan",Individual,Graduate Degree,Management
7938,18937,"Reed, Ian","Reed, Ian",Individual,Partial High School,Skilled Manual
7939,18938,"Lopez, Lucas","Lopez, Lucas",Individual,Partial High School,Skilled Manual
7940,18939,"McDonald, Hunter","McDonald, Hunter",Individual,Partial High School,Skilled Manual
7941,18940,"Bell, Seth","Bell, Seth",Individual,Partial High School,Skilled Manual
7942,18941,"Torres, Philip","Torres, Philip",Individual,Partial College,Professional
7943,18942,"Ortega, Billy","Ortega, Billy",Individual,Partial College,Professional
7944,18943,"Hall, Kaitlyn","Hall, Kaitlyn (18943)",Individual,Partial College,Professional
7946,18945,"Cox, Marcus","Cox, Marcus",Individual,High School,Professional
7947,18946,"Simmons, Brandon","Simmons, Brandon",Individual,High School,Professional
7948,18947,"Bryant, Devin","Bryant, Devin",Individual,Partial College,Professional
7949,18948,"Bailey, Sydney","Bailey, Sydney",Individual,Partial College,Professional
7950,18949,"Hall, Jackson","Hall, Jackson",Individual,Graduate Degree,Management
7953,18952,"Hernandez, Chloe","Hernandez, Chloe",Individual,Bachelors,Management
7954,18953,"Patterson, Mya","Patterson, Mya",Individual,Bachelors,Management
7955,18954,"Young, Dalton","Young, Dalton",Individual,Bachelors,Management
7956,18955,"Jones, Justin","Jones, Justin",Individual,High School,Skilled Manual
7957,18956,"Howard, Sara","Howard, Sara",Individual,Bachelors,Professional
7958,18957,"Lopez, Mackenzie","Lopez, Mackenzie",Individual,Bachelors,Professional
7959,18958,"Sanchez, Natalie","Sanchez, Natalie",Individual,Bachelors,Professional
7961,18960,"Johnson, Marcus","Johnson, Marcus",Individual,Bachelors,Professional
7963,18962,"Parker, Seth","Parker, Seth",Individual,Partial College,Skilled Manual
7964,18963,"Collins, Amber","Collins, Amber",Individual,Partial College,Skilled Manual
7965,18964,"Gonzalez, Thomas","Gonzalez, Thomas",Individual,High School,Skilled Manual
7966,18965,"Turner, Richard","Turner, Richard",Individual,High School,Skilled Manual
7967,18966,"Rai, Carly","Rai, Carly",Individual,Bachelors,Management
7968,18967,"Clark, Xavier","Clark, Xavier",Individual,Graduate Degree,Management
7970,18969,"Cox, Anna","Cox, Anna",Individual,Graduate Degree,Management
7971,18970,"Roberts, Jason","Roberts, Jason",Individual,Graduate Degree,Management
7974,18973,"Yuan, Kate","Yuan, Kate",Individual,Bachelors,Management
7975,18974,"Rodriguez, James","Rodriguez, James",Individual,Bachelors,Management
7976,18975,"Bryant, Samuel","Bryant, Samuel",Individual,Partial High School,Clerical
7977,18976,"Howard, Garrett","Howard, Garrett",Individual,High School,Professional
7978,18977,"Wang, Jackson","Wang, Jackson",Individual,High School,Professional
7980,18979,"Taylor, Noah","Taylor, Noah",Individual,High School,Professional
7981,18980,"Hernandez, Sophia","Hernandez, Sophia",Individual,High School,Professional
7982,18981,"Watson, Savannah","Watson, Savannah",Individual,Bachelors,Management
7983,18982,"Baker, Kyle","Baker, Kyle",Individual,High School,Professional
7984,18983,"Price, Destiny","Price, Destiny",Individual,High School,Professional
7985,18984,"Rivera, Shelby","Rivera, Shelby",Individual,Bachelors,Management
8013,19012,"Bryant, Oscar","Bryant, Oscar",Individual,Bachelors,Management
8014,19013,"Phillips, Amanda","Phillips, Amanda",Individual,Bachelors,Management
8017,19016,"Wright, Sierra","Wright, Sierra",Individual,Partial College,Professional
8018,19017,"Brooks, Zoe","Brooks, Zoe",Individual,Partial College,Professional
8019,19018,"Gray, Nicole","Gray, Nicole",Individual,Partial College,Professional
8020,19019,"Gonzales, Jackson","Gonzales, Jackson",Individual,Partial College,Professional
8021,19020,"Flores, Jack","Flores, Jack",Individual,Partial High School,Skilled Manual
8022,19021,"Russell, Melissa","Russell, Melissa",Individual,Partial High School,Skilled Manual
8023,19022,"Wood, Samantha","Wood, Samantha",Individual,Partial High School,Skilled Manual
8024,19023,"Powell, Arianna","Powell, Arianna",Individual,Partial High School,Skilled Manual
8025,19024,"Russell, Dalton","Russell, Dalton",Individual,Partial High School,Skilled Manual
8026,19025,"Roberts, Aaron","Roberts, Aaron",Individual,Partial College,Professional
8030,19029,"Andersen, Alicia","Andersen, Alicia",Individual,High School,Professional
8031,19030,"Arun, Marco","Arun, Marco",Individual,Partial College,Professional
8035,19034,"Diaz, Tabitha","Diaz, Tabitha",Individual,High School,Professional
8036,19035,"Schmidt, Stanley","Schmidt, Stanley",Individual,High School,Professional
8039,19038,"Patel, Joe","Patel, Joe",Individual,Partial College,Professional
8041,19040,"Sun, Eugene","Sun, Eugene",Individual,Bachelors,Management
8043,19042,"Cai, Ronnie","Cai, Ronnie",Individual,Partial College,Professional
8044,19043,"Jones, Jessica","Jones, Jessica",Individual,Graduate Degree,Management
8047,19046,"Raje, Shawna","Raje, Shawna",Individual,Bachelors,Management
8054,19053,"Jordan, Gerald","Jordan, Gerald",Individual,Partial College,Professional
8058,19057,"Ramos, Joanna","Ramos, Joanna",Individual,Bachelors,Management
8065,19064,"Madan, Veronica","Madan, Veronica",Individual,High School,Professional
8066,19065,"Arun, Michele","Arun, Michele",Individual,Partial College,Professional
8068,19067,"Luo, Misty","Luo, Misty",Individual,High School,Professional
8069,19068,"Son, Alma","Son, Alma",Individual,Partial College,Professional
8082,19081,"Rubio, Leslie","Rubio, Leslie",Individual,Partial High School,Professional
8108,19107,"Liu, Franklin","Liu, Franklin",Individual,Partial College,Professional
8109,19108,"Stewart, Haley","Stewart, Haley",Individual,Graduate Degree,Skilled Manual
8110,19109,"Brooks, Jade","Brooks, Jade",Individual,Graduate Degree,Professional
8111,19110,"Kelly, Jesse","Kelly, Jesse",Individual,Graduate Degree,Professional
8112,19111,"Kelly, Mariah","Kelly, Mariah",Individual,Graduate Degree,Professional
8113,19112,"Hughes, Victoria","Hughes, Victoria",Individual,Bachelors,Skilled Manual
8115,19114,"Richardson, Natalie","Richardson, Natalie",Individual,Bachelors,Skilled Manual
8116,19115,"Sanchez, Bailey","Sanchez, Bailey",Individual,Bachelors,Skilled Manual
8118,19117,"Coleman, Kaitlyn","Coleman, Kaitlyn",Individual,Graduate Degree,Professional
8120,19119,"Simmons, Connor","Simmons, Connor",Individual,Graduate Degree,Professional
8121,19120,"Sharma, Caleb","Sharma, Caleb",Individual,Graduate Degree,Professional
8122,19121,"Blue, Kaitlyn","Blue, Kaitlyn",Individual,Graduate Degree,Professional
8123,19122,"Hughes, Abigail","Hughes, Abigail (19122)",Individual,Graduate Degree,Professional
8125,19124,"Bailey, Cody","Bailey, Cody",Individual,Graduate Degree,Professional
8126,19125,"Russell, Cameron","Russell, Cameron",Individual,Bachelors,Professional
8127,19126,"Kapoor, Kristopher","Kapoor, Kristopher",Individual,Graduate Degree,Professional
8128,19127,"Sanchez, Alexa","Sanchez, Alexa",Individual,Graduate Degree,Professional
8129,19128,"Jackson, Madison","Jackson, Madison",Individual,Graduate Degree,Professional
8130,19129,"Simmons, Carson","Simmons, Carson",Individual,Graduate Degree,Professional
8131,19130,"Baker, Madeline","Baker, Madeline",Individual,Graduate Degree,Professional
8132,19131,"Blue, Mason","Blue, Mason",Individual,Bachelors,Professional
8133,19132,"Washington, Benjamin","Washington, Benjamin",Individual,Bachelors,Skilled Manual
8134,19133,"Martinez, Logan","Martinez, Logan",Individual,Bachelors,Skilled Manual
8135,19134,"Allen, Sierra","Allen, Sierra",Individual,Bachelors,Skilled Manual
8136,19135,"Brown, Logan","Brown, Logan",Individual,Graduate Degree,Professional
8137,19136,"Cook, Richard","Cook, Richard",Individual,Graduate Degree,Professional
8138,19137,"Russell, Eric","Russell, Eric",Individual,Graduate Degree,Professional
8139,19138,"Coleman, Eric","Coleman, Eric",Individual,Graduate Degree,Professional
8140,19139,"Simmons, Oscar","Simmons, Oscar",Individual,Graduate Degree,Professional
8141,19140,"Rogers, Melanie","Rogers, Melanie",Individual,Graduate Degree,Professional
8142,19141,"Martinez, Samuel","Martinez, Samuel",Individual,Graduate Degree,Professional
8143,19142,"Washington, Dalton","Washington, Dalton",Individual,Graduate Degree,Professional
8144,19143,"Long, Lauren","Long, Lauren",Individual,Bachelors,Skilled Manual
8145,19144,"He, Edwin","He, Edwin",Individual,Bachelors,Skilled Manual
8146,19145,"Malhotra, Adriana","Malhotra, Adriana",Individual,Bachelors,Skilled Manual
8147,19146,"Morgan, Mariah","Morgan, Mariah",Individual,Graduate Degree,Professional
8149,19148,"Ramirez, Cody","Ramirez, Cody",Individual,Bachelors,Professional
8150,19149,"Parker, Sean","Parker, Sean",Individual,Bachelors,Professional
8152,19151,"Cooper, Ian","Cooper, Ian",Individual,Bachelors,Skilled Manual
8153,19152,"Walker, Jonathan","Walker, Jonathan",Individual,Bachelors,Skilled Manual
8154,19153,"Griffin, Dylan","Griffin, Dylan",Individual,Bachelors,Skilled Manual
8155,19154,"Sotelo, William","Sotelo, William",Individual,Bachelors,Skilled Manual
8156,19155,"Flores, Caroline","Flores, Caroline",Individual,Bachelors,Skilled Manual
8157,19156,"Jenkins, Julia","Jenkins, Julia",Individual,Bachelors,Skilled Manual
8158,19157,"Thompson, Eduardo","Thompson, Eduardo",Individual,Bachelors,Skilled Manual
8159,19158,"Griffin, Destiny","Griffin, Destiny",Individual,Bachelors,Skilled Manual
8160,19159,"Gonzalez, Richard","Gonzalez, Richard",Individual,Bachelors,Skilled Manual
8161,19160,"Perez, Sara","Perez, Sara",Individual,Bachelors,Professional
8162,19161,"Hughes, Jeremiah","Hughes, Jeremiah",Individual,Bachelors,Skilled Manual
8163,19162,"Raji, Peter","Raji, Peter",Individual,Bachelors,Professional
8164,19163,"Bailey, Riley","Bailey, Riley",Individual,Bachelors,Professional
8165,19164,"Morgan, Danielle","Morgan, Danielle",Individual,Bachelors,Professional
8166,19165,"Russell, Miranda","Russell, Miranda",Individual,Bachelors,Professional
8167,19166,"Jenkins, Olivia","Jenkins, Olivia",Individual,Bachelors,Professional
8168,19167,"Morgan, Caitlin","Morgan, Caitlin",Individual,Graduate Degree,Professional
8169,19168,"Kumar, Nathan","Kumar, Nathan",Individual,Bachelors,Professional
8170,19169,"Bryant, Arianna","Bryant, Arianna",Individual,Graduate Degree,Professional
8171,19170,"Campbell, Luis","Campbell, Luis",Individual,Graduate Degree,Professional
8172,19171,"Torres, Melanie","Torres, Melanie",Individual,Graduate Degree,Professional
8177,19176,"Vazquez, Ebony","Vazquez, Ebony",Individual,Partial High School,Manual
8178,19177,"Chander, Donna","Chander, Donna",Individual,Bachelors,Skilled Manual
8179,19178,"Miller, Sarah","Miller, Sarah",Individual,Partial High School,Manual
8189,19188,"Anderson, Dalton","Anderson, Dalton",Individual,High School,Manual
8192,19191,"Chande, Keith","Chande, Keith",Individual,High School,Manual
8197,19196,"She, April","She, April",Individual,Partial College,Clerical
8198,19197,"Sandoval, Briana","Sandoval, Briana",Individual,Partial College,Clerical
8199,19198,"Brooks, Melissa","Brooks, Melissa",Individual,Partial College,Clerical
8200,19199,"Williams, David","Williams, David",Individual,Partial College,Clerical
8202,19201,"Brooks, Charles","Brooks, Charles",Individual,Graduate Degree,Skilled Manual
8203,19202,"Lee, Brianna","Lee, Brianna",Individual,Graduate Degree,Skilled Manual
8204,19203,"Navarro, Darren","Navarro, Darren",Individual,High School,Manual
8205,19204,"Evans, Sydney","Evans, Sydney",Individual,High School,Manual
8207,19206,"Cooper, Destiny","Cooper, Destiny",Individual,High School,Manual
8209,19208,"Diaz, Angelica","Diaz, Angelica",Individual,High School,Clerical
8210,19209,"Nelson, Alexandra","Nelson, Alexandra",Individual,High School,Clerical
8211,19210,"Price, Alexis","Price, Alexis",Individual,High School,Clerical
8212,19211,"Lee, Anna","Lee, Anna",Individual,Partial College,Clerical
8213,19212,"Clark, Brianna","Clark, Brianna",Individual,Partial College,Clerical
8214,19213,"Simmons, Amanda","Simmons, Amanda",Individual,Partial College,Clerical
8215,19214,"Powell, Cassidy","Powell, Cassidy",Individual,High School,Skilled Manual
8216,19215,"Hall, Edward","Hall, Edward",Individual,High School,Skilled Manual
8217,19216,"Lopez, Gabriel","Lopez, Gabriel",Individual,High School,Skilled Manual
8219,19218,"Brooks, Nathaniel","Brooks, Nathaniel",Individual,Partial College,Clerical
8220,19219,"Peterson, Mary","Peterson, Mary",Individual,Partial College,Clerical
8222,19221,"Williams, Kaitlyn","Williams, Kaitlyn",Individual,High School,Skilled Manual
8223,19222,"Hall, Jordan","Hall, Jordan (19222)",Individual,High School,Skilled Manual
8226,19225,"Watson, Jeremy","Watson, Jeremy",Individual,Partial College,Clerical
8227,19226,"Carlson, Neil","Carlson, Neil",Individual,Partial College,Clerical
8228,19227,"Nelson, Logan","Nelson, Logan",Individual,Partial College,Clerical
8229,19228,"Ramirez, Morgan","Ramirez, Morgan",Individual,Partial College,Clerical
8230,19229,"Robinson, David","Robinson, David",Individual,Graduate Degree,Skilled Manual
8231,19230,"Moreno, Joy","Moreno, Joy",Individual,Graduate Degree,Skilled Manual
8232,19231,"Gill, Meghan","Gill, Meghan",Individual,Graduate Degree,Skilled Manual
8234,19233,"Andersen, Omar","Andersen, Omar",Individual,Graduate Degree,Skilled Manual
8235,19234,"Zheng, Micah","Zheng, Micah",Individual,High School,Skilled Manual
8236,19235,"Bennett, Kayla","Bennett, Kayla",Individual,Graduate Degree,Skilled Manual
8237,19236,"Phillips, Chloe","Phillips, Chloe",Individual,Graduate Degree,Skilled Manual
8238,19237,"Gomez, Kristy","Gomez, Kristy",Individual,Graduate Degree,Skilled Manual
8239,19238,"West, Isabella","West, Isabella",Individual,Graduate Degree,Skilled Manual
8240,19239,"Alexander, Jeremy","Alexander, Jeremy",Individual,Graduate Degree,Skilled Manual
8241,19240,"Jimenez, Theresa","Jimenez, Theresa",Individual,Graduate Degree,Skilled Manual
8242,19241,"Dominguez, Diane","Dominguez, Diane",Individual,Graduate Degree,Skilled Manual
8243,19242,"Baker, Devin","Baker, Devin",Individual,Graduate Degree,Skilled Manual
8244,19243,"Thomas, James","Thomas, James",Individual,Graduate Degree,Skilled Manual
8245,19244,"Ward, Sebastian","Ward, Sebastian",Individual,Graduate Degree,Skilled Manual
8246,19245,"King, Isaiah","King, Isaiah",Individual,Graduate Degree,Skilled Manual
8247,19246,"Campbell, Carlos","Campbell, Carlos",Individual,Graduate Degree,Skilled Manual
8249,19248,"Black, Sheena","Black, Sheena",Individual,Graduate Degree,Manual
8250,19249,"Andersen, Chad","Andersen, Chad",Individual,Bachelors,Manual
8251,19250,"Wu, Lacey","Wu, Lacey",Individual,Bachelors,Manual
8252,19251,"Sai, Brett","Sai, Brett",Individual,Graduate Degree,Clerical
8255,19254,"Sousa, Anibal","Sousa, Anibal",Individual,Bachelors,Clerical
8258,19257,"Jiménez, Dana","Jiménez, Dana",Individual,Partial College,Manual
8260,19259,"Lin, Barbara","Lin, Barbara",Individual,Bachelors,Clerical
8275,19274,"Yang, Karen","Yang, Karen",Individual,Partial College,Manual
8284,19283,"Sanders, Adrian","Sanders, Adrian",Individual,Graduate Degree,Clerical
8285,19284,"Romero, Briana","Romero, Briana",Individual,Graduate Degree,Clerical
8286,19285,"Howard, Jacqueline","Howard, Jacqueline",Individual,Bachelors,Clerical
8287,19286,"Butler, Kaitlyn","Butler, Kaitlyn",Individual,Bachelors,Clerical
8289,19288,"Wang, Candice","Wang, Candice",Individual,Bachelors,Clerical
8290,19289,"Patel, Johnathan","Patel, Johnathan",Individual,Bachelors,Clerical
8295,19294,"Garcia, Stanley","Garcia, Stanley",Individual,Bachelors,Clerical
8299,19298,"Andersen, Priscilla","Andersen, Priscilla",Individual,Graduate Degree,Skilled Manual
8301,19300,"Hu, Clarence","Hu, Clarence",Individual,Partial College,Manual
8305,19304,"Nelson, Sara","Nelson, Sara",Individual,High School,Manual
8312,19311,"Rubio, Dana","Rubio, Dana",Individual,Graduate Degree,Clerical
8315,19314,"Beck, Alvin","Beck, Alvin",Individual,Partial High School,Manual
8317,19316,"Srini, Raymond","Srini, Raymond",Individual,Partial College,Manual
8322,19321,"Weber, Clifford","Weber, Clifford",Individual,High School,Manual
8326,19325,"Chen, Kelli","Chen, Kelli",Individual,Bachelors,Clerical
8330,19329,"Srini, Nancy","Srini, Nancy",Individual,High School,Manual
8331,19330,"Shen, Johnny","Shen, Johnny",Individual,High School,Manual
8332,19331,"Hu, Jessie","Hu, Jessie",Individual,High School,Manual
8333,19332,"Alan, Kelvin","Alan, Kelvin",Individual,Bachelors,Skilled Manual
8334,19333,"Malhotra, Candace","Malhotra, Candace",Individual,Bachelors,Skilled Manual
8340,19339,"Gomez, Lance","Gomez, Lance",Individual,Bachelors,Professional
8341,19340,"Dominguez, Renee","Dominguez, Renee",Individual,Bachelors,Professional
8345,19344,"Ma, Mandy","Ma, Mandy",Individual,Partial College,Clerical
8346,19345,"Prasad, Kaitlin","Prasad, Kaitlin",Individual,Partial College,Clerical
8350,19349,"Anand, Warren","Anand, Warren",Individual,Partial College,Clerical
8354,19353,"Gill, Desiree","Gill, Desiree",Individual,Partial College,Clerical
8355,19354,"Madan, Abby","Madan, Abby",Individual,High School,Manual
8357,19356,"Ortega, Francis","Ortega, Francis",Individual,High School,Manual
8358,19357,"Flores, Ryan","Flores, Ryan",Individual,Partial College,Clerical
8365,19364,"Nara, Alejandro","Nara, Alejandro",Individual,Bachelors,Skilled Manual
8366,19365,"Shan, Wayne","Shan, Wayne",Individual,Bachelors,Skilled Manual
8369,19368,"Anand, Lindsay","Anand, Lindsay",Individual,Partial College,Clerical
8372,19371,"Mehta, Roy","Mehta, Roy",Individual,Partial College,Clerical
8374,19373,"Suri, Rebekah","Suri, Rebekah",Individual,High School,Manual
8376,19375,"Anand, Omar","Anand, Omar",Individual,High School,Manual
8378,19377,"Chandra, Dominic","Chandra, Dominic",Individual,Partial College,Clerical
8384,19383,"Nath, Roger","Nath, Roger",Individual,Partial High School,Manual
8385,19384,"Rai, Gilbert","Rai, Gilbert",Individual,Partial High School,Manual
8386,19385,"Lin, Alisha","Lin, Alisha",Individual,Partial High School,Manual
8388,19387,"Rana, Ruth","Rana, Ruth",Individual,Partial College,Clerical
8389,19388,"Martin, Alberto","Martin, Alberto",Individual,Partial High School,Manual
8392,19391,"Rana, Sergio","Rana, Sergio",Individual,High School,Manual
8394,19393,"Anderson, Miguel","Anderson, Miguel",Individual,High School,Skilled Manual
8396,19395,"Zhang, Austin","Zhang, Austin",Individual,High School,Skilled Manual
8397,19396,"Prasad, Tammy","Prasad, Tammy",Individual,High School,Skilled Manual
8398,19397,"Shen, Terry","Shen, Terry",Individual,Bachelors,Professional
8399,19398,"Gonzales, Dylan","Gonzales, Dylan",Individual,Bachelors,Professional
8402,19401,"Hernandez, Kyle","Hernandez, Kyle",Individual,Graduate Degree,Professional
8403,19402,"Scott, Jeremiah","Scott, Jeremiah",Individual,Graduate Degree,Professional
8404,19403,"Cook, Morgan","Cook, Morgan",Individual,Graduate Degree,Professional
8405,19404,"Moore, Nicole","Moore, Nicole",Individual,High School,Skilled Manual
8406,19405,"Smith, Abigail","Smith, Abigail",Individual,Partial College,Skilled Manual
8407,19406,"Travers, Brooke","Travers, Brooke",Individual,Partial College,Skilled Manual
8408,19407,"Perry, Sarah","Perry, Sarah",Individual,Partial College,Skilled Manual
8409,19408,"Richardson, Taylor","Richardson, Taylor",Individual,Partial College,Skilled Manual
8410,19409,"Allen, Savannah","Allen, Savannah",Individual,Partial College,Skilled Manual
8411,19410,"Adams, Chloe","Adams, Chloe",Individual,Partial College,Skilled Manual
8413,19412,"Chander, Jaime","Chander, Jaime",Individual,Graduate Degree,Professional
8414,19413,"Kelly, Xavier","Kelly, Xavier",Individual,Bachelors,Professional
8416,19415,"Collins, Devin","Collins, Devin",Individual,Bachelors,Clerical
8418,19417,"Foster, Alexis","Foster, Alexis",Individual,Bachelors,Clerical
8421,19420,"Raman, Stanley","Raman, Stanley",Individual,Graduate Degree,Clerical
8423,19422,"Gutierrez, Paula","Gutierrez, Paula",Individual,Partial College,Manual
8429,19428,"Turner, Eric","Turner, Eric",Individual,Bachelors,Clerical
8430,19429,"Kelly, Jared","Kelly, Jared",Individual,Bachelors,Clerical
8433,19432,"Dominguez, Armando","Dominguez, Armando",Individual,Partial College,Manual
8439,19438,"Hu, Shannon","Hu, Shannon",Individual,Graduate Degree,Clerical
8440,19439,"Xu, Franklin","Xu, Franklin (19439)",Individual,Graduate Degree,Clerical
8444,19443,"Raman, Dominic","Raman, Dominic",Individual,Partial College,Manual
8450,19449,"Yuan, Nuan","Yuan, Nuan",Individual,High School,Manual
8451,19450,"Lal, Keith","Lal, Keith",Individual,Bachelors,Clerical
8452,19451,"Sara, Pedro","Sara, Pedro",Individual,Partial High School,Manual
8454,19453,"Rana, Veronica","Rana, Veronica",Individual,Bachelors,Clerical
8455,19454,"Sharma, Roger","Sharma, Roger",Individual,Bachelors,Clerical
8457,19456,"Perez, Jesse","Perez, Jesse",Individual,High School,Manual
8473,19472,"Sara, Heidi","Sara, Heidi",Individual,High School,Manual
8477,19476,"Anderson, Sarah","Anderson, Sarah",Individual,Bachelors,Professional
8483,19482,"Ortega, Andy","Ortega, Andy",Individual,Partial College,Clerical
8497,19496,"Subram, Edgar","Subram, Edgar",Individual,Partial College,Clerical
8502,19501,"Edwards, Allison","Edwards, Allison",Individual,Partial College,Clerical
8510,19509,"Suri, Nancy","Suri, Nancy",Individual,Partial College,Clerical
8515,19514,"Rodriguez, Kari","Rodriguez, Kari",Individual,Partial High School,Manual
8519,19518,"Arun, Clifford","Arun, Clifford",Individual,Partial College,Clerical
8529,19528,"Hall, Bailey","Hall, Bailey",Individual,Partial College,Skilled Manual
8530,19529,"Parker, Bailey","Parker, Bailey",Individual,Graduate Degree,Professional
8531,19530,"Liang, Lisa","Liang, Lisa",Individual,Graduate Degree,Professional
8532,19531,"Robinson, John","Robinson, John",Individual,Graduate Degree,Professional
8533,19532,"Brown, Victoria","Brown, Victoria",Individual,Graduate Degree,Professional
8534,19533,"Long, Vanessa","Long, Vanessa",Individual,Graduate Degree,Professional
8535,19534,"Torres, Adrian","Torres, Adrian",Individual,Graduate Degree,Professional
8536,19535,"Mitchell, Alex","Mitchell, Alex",Individual,Graduate Degree,Professional
8538,19537,"Brooks, Michelle","Brooks, Michelle",Individual,Partial College,Skilled Manual
8539,19538,"Hall, Connor","Hall, Connor",Individual,Partial College,Skilled Manual
8540,19539,"Raji, Latoya","Raji, Latoya",Individual,Partial College,Skilled Manual
8541,19540,"Richardson, Jade","Richardson, Jade",Individual,Bachelors,Professional
8543,19542,"Allen, Robert","Allen, Robert",Individual,Graduate Degree,Professional
8544,19543,"Torres, Evan","Torres, Evan",Individual,Graduate Degree,Professional
8545,19544,"Price, Katherine","Price, Katherine",Individual,Graduate Degree,Professional
8546,19545,"Watson, Garrett","Watson, Garrett",Individual,Bachelors,Professional
8548,19547,"Patterson, Lauren","Patterson, Lauren",Individual,Bachelors,Professional
8549,19548,"Howard, Kaitlyn","Howard, Kaitlyn",Individual,Bachelors,Professional
8550,19549,"Sharma, Kevin","Sharma, Kevin",Individual,Bachelors,Professional
8551,19550,"Perez, Lucas","Perez, Lucas",Individual,Bachelors,Professional
8552,19551,"Alexander, Samuel","Alexander, Samuel",Individual,Graduate Degree,Professional
8553,19552,"Zhu, Margaret","Zhu, Margaret",Individual,Graduate Degree,Professional
8634,19633,"Gray, Destiny","Gray, Destiny",Individual,High School,Skilled Manual
8635,19634,"Nath, Gregory","Nath, Gregory",Individual,High School,Skilled Manual
8636,19635,"Shan, Dawn","Shan, Dawn",Individual,High School,Skilled Manual
8637,19636,"Lee, Jessica","Lee, Jessica",Individual,High School,Skilled Manual
8638,19637,"Long, Eduardo","Long, Eduardo",Individual,High School,Skilled Manual
8639,19638,"Peterson, Kimberly","Peterson, Kimberly",Individual,High School,Skilled Manual
8640,19639,"Gill, Victor","Gill, Victor",Individual,High School,Skilled Manual
8642,19641,"Evans, Richard","Evans, Richard",Individual,Partial High School,Clerical
8644,19643,"Watson, Jacqueline","Watson, Jacqueline",Individual,High School,Skilled Manual
8645,19644,"Gill, Gloria","Gill, Gloria",Individual,Partial High School,Clerical
8650,19649,"Martin, Elizabeth","Martin, Elizabeth",Individual,High School,Skilled Manual
8655,19654,"Alexander, Richard","Alexander, Richard",Individual,High School,Skilled Manual
8656,19655,"Murphy, Cindy","Murphy, Cindy",Individual,Partial College,Skilled Manual
8657,19656,"Travers, Sydney","Travers, Sydney",Individual,Partial College,Skilled Manual
8658,19657,"Griffin, Emily","Griffin, Emily",Individual,Bachelors,Management
8659,19658,"Russell, Dylan","Russell, Dylan",Individual,Bachelors,Management
8660,19659,"Robinson, Wyatt","Robinson, Wyatt",Individual,Partial College,Skilled Manual
8661,19660,"Hill, Devin","Hill, Devin",Individual,Bachelors,Management
8664,19663,"Allen, Alex","Allen, Alex",Individual,Partial College,Skilled Manual
8665,19664,"Alexander, Ethan","Alexander, Ethan",Individual,Bachelors,Management
8666,19665,"Gonzales, Eduardo","Gonzales, Eduardo",Individual,Graduate Degree,Management
8669,19668,"Patel, Erick","Patel, Erick",Individual,Partial College,Skilled Manual
8670,19669,"Hill, Hailey","Hill, Hailey",Individual,Partial College,Skilled Manual
8671,19670,"Gutierrez, Erik","Gutierrez, Erik",Individual,Partial College,Skilled Manual
8672,19671,"Davis, Michael","Davis, Michael",Individual,Partial College,Skilled Manual
8679,19678,"Rodriguez, Martin","Rodriguez, Martin",Individual,Graduate Degree,Skilled Manual
8680,19679,"Rana, Erick","Rana, Erick",Individual,Graduate Degree,Skilled Manual
8681,19680,"King, Jan","King, Jan",Individual,Graduate Degree,Skilled Manual
8683,19682,"Kumar, Eric","Kumar, Eric",Individual,Bachelors,Skilled Manual
8684,19683,"Parker, Marcus","Parker, Marcus",Individual,Graduate Degree,Skilled Manual
8685,19684,"Lee, Alexandra","Lee, Alexandra",Individual,Partial College,Professional
8686,19685,"Perez, Brandy","Perez, Brandy",Individual,Bachelors,Management
8687,19686,"Hernandez, Charles","Hernandez, Charles",Individual,Graduate Degree,Management
8688,19687,"Coleman, Connor","Coleman, Connor",Individual,Bachelors,Management
8689,19688,"Baker, Timothy","Baker, Timothy",Individual,Partial College,Professional
8690,19689,"Gonzales, Elizabeth","Gonzales, Elizabeth",Individual,Partial College,Professional
8691,19690,"White, Robert","White, Robert",Individual,Graduate Degree,Management
8692,19691,"Cox, Gabriella","Cox, Gabriella",Individual,Partial College,Professional
8693,19692,"Edwards, Aaron","Edwards, Aaron",Individual,Bachelors,Management
8695,19694,"Perez, Stephanie","Perez, Stephanie",Individual,Partial College,Professional
8696,19695,"Gonzalez, Angel","Gonzalez, Angel",Individual,Partial College,Professional
8697,19696,"Patterson, Adam","Patterson, Adam",Individual,Partial College,Professional
8698,19697,"Wood, Isabella","Wood, Isabella",Individual,High School,Professional
8699,19698,"Barnes, Stephanie","Barnes, Stephanie",Individual,Bachelors,Management
8701,19700,"Hall, Gabriel","Hall, Gabriel",Individual,Partial College,Professional
8709,19708,"Luo, April","Luo, April",Individual,Graduate Degree,Management
8712,19711,"Cooper, Devin","Cooper, Devin",Individual,Partial College,Professional
8713,19712,"Phillips, Eric","Phillips, Eric",Individual,Partial College,Professional
8714,19713,"Stewart, Morgan","Stewart, Morgan",Individual,Partial College,Professional
8715,19714,"Price, Angela","Price, Angela",Individual,High School,Professional
8716,19715,"Parker, Elijah","Parker, Elijah",Individual,High School,Professional
8717,19716,"Martin, Logan","Martin, Logan",Individual,Partial High School,Skilled Manual
8718,19717,"Hill, Edward","Hill, Edward",Individual,Partial High School,Skilled Manual
8719,19718,"Butler, Taylor","Butler, Taylor",Individual,High School,Professional
8720,19719,"Baker, Hunter","Baker, Hunter",Individual,Graduate Degree,Management
8735,19734,"Weisman, Natalie","Weisman, Natalie",Individual,Graduate Degree,Management
8736,19735,"Reed, Mackenzie","Reed, Mackenzie",Individual,Graduate Degree,Management
8737,19736,"Kelly, Rachel","Kelly, Rachel",Individual,Graduate Degree,Management
8738,19737,"Ramirez, Erin","Ramirez, Erin",Individual,Graduate Degree,Management
8739,19738,"Martinez, Henry","Martinez, Henry",Individual,Graduate Degree,Management
8740,19739,"Perry, Lucas","Perry, Lucas",Individual,Graduate Degree,Management
8741,19740,"Liang, Connie","Liang, Connie",Individual,Graduate Degree,Management
8742,19741,"Rivera, María","Rivera, María",Individual,Graduate Degree,Management
8743,19742,"Russell, Alexia","Russell, Alexia",Individual,Bachelors,Management
8744,19743,"Rana, Holly","Rana, Holly",Individual,Graduate Degree,Management
8745,19744,"Cai, Tamara","Cai, Tamara",Individual,Graduate Degree,Management
8746,19745,"Simmons, Kayla","Simmons, Kayla",Individual,Graduate Degree,Management
8748,19747,"Rai, Louis","Rai, Louis",Individual,Bachelors,Management
8750,19749,"Jackson, Natalie","Jackson, Natalie",Individual,Partial College,Skilled Manual
8755,19754,"Rana, Francisco","Rana, Francisco",Individual,Partial College,Skilled Manual
8756,19755,"Foster, Lauren","Foster, Lauren",Individual,Partial College,Skilled Manual
8757,19756,"Yuan, Nicolas","Yuan, Nicolas",Individual,Partial College,Skilled Manual
8759,19758,"Wright, Alex","Wright, Alex",Individual,Partial College,Skilled Manual
8760,19759,"Barnes, Sydney","Barnes, Sydney",Individual,Partial College,Skilled Manual
8761,19760,"Russell, Sydney","Russell, Sydney",Individual,Partial College,Skilled Manual
8768,19767,"Serrano, Ross","Serrano, Ross",Individual,Partial High School,Clerical
8769,19768,"Jackson, Christopher","Jackson, Christopher",Individual,Partial High School,Clerical
8770,19769,"Peterson, Andrea","Peterson, Andrea",Individual,Partial College,Skilled Manual
8775,19774,"Davis, Brianna","Davis, Brianna",Individual,High School,Skilled Manual
8776,19775,"Cai, Alisha","Cai, Alisha",Individual,High School,Skilled Manual
8777,19776,"Murphy, Judith","Murphy, Judith",Individual,High School,Skilled Manual
8778,19777,"Thomas, Jonathan","Thomas, Jonathan",Individual,Partial College,Skilled Manual
8804,19803,"Mehta, Jermaine","Mehta, Jermaine",Individual,Partial High School,Skilled Manual
8809,19808,"Kelly, Brooke","Kelly, Brooke",Individual,Graduate Degree,Management
8810,19809,"Sharma, Eric","Sharma, Eric",Individual,Graduate Degree,Management
8813,19812,"Morgan, Sydney","Morgan, Sydney",Individual,Partial College,Professional
8814,19813,"Perez, Rebecca","Perez, Rebecca",Individual,Bachelors,Management
8815,19814,"Washington, Blake","Washington, Blake",Individual,Bachelors,Management
8816,19815,"Thompson, Christian","Thompson, Christian",Individual,Bachelors,Management
8817,19816,"Brown, Lucas","Brown, Lucas",Individual,Partial College,Professional
8819,19818,"Anderson, Brianna","Anderson, Brianna",Individual,High School,Professional
8820,19819,"Brown, Andrew","Brown, Andrew",Individual,High School,Professional
8821,19820,"Coleman, Alexandra","Coleman, Alexandra",Individual,High School,Professional
8822,19821,"Vazquez, Tabitha","Vazquez, Tabitha",Individual,Partial College,Professional
8825,19824,"Perry, Jordan","Perry, Jordan",Individual,Partial College,Professional
8826,19825,"Ferrier, Gilbert","Ferrier, Gilbert",Individual,Bachelors,Management
8832,19831,"Green, Charles","Green, Charles",Individual,Partial College,Skilled Manual
8833,19832,"Hernandez, Sheila","Hernandez, Sheila",Individual,High School,Skilled Manual
8834,19833,"Kelly, Michelle","Kelly, Michelle",Individual,Bachelors,Management
8835,19834,"Sharma, Johnny","Sharma, Johnny",Individual,Bachelors,Management
8836,19835,"Allen, Jordan","Allen, Jordan (19835)",Individual,Graduate Degree,Management
8838,19837,"Jimenez, Philip","Jimenez, Philip",Individual,Bachelors,Management
8839,19838,"Ramirez, Jared","Ramirez, Jared",Individual,Bachelors,Management
8841,19840,"James, Jessica","James, Jessica",Individual,Graduate Degree,Management
8842,19841,"Jenkins, Alexandria","Jenkins, Alexandria",Individual,Bachelors,Management
8843,19842,"Phillips, Katherine","Phillips, Katherine",Individual,Bachelors,Management
8844,19843,"Kumar, Connor","Kumar, Connor",Individual,Bachelors,Management
8846,19845,"Hernandez, Fernando","Hernandez, Fernando",Individual,Bachelors,Management
8847,19846,"Patterson, Seth","Patterson, Seth",Individual,Bachelors,Management
8849,19848,"Malhotra, Bryant","Malhotra, Bryant",Individual,Bachelors,Management
8850,19849,"Wu, Jorge","Wu, Jorge",Individual,High School,Professional
8851,19850,"Hill, Jeremiah","Hill, Jeremiah",Individual,High School,Professional
8852,19851,"Pal, Louis","Pal, Louis",Individual,Bachelors,Management
8853,19852,"Carter, Eric","Carter, Eric",Individual,Bachelors,Management
8854,19853,"Ramos, Ricky","Ramos, Ricky",Individual,Bachelors,Management
8855,19854,"Hall, Katherine","Hall, Katherine (19854)",Individual,Bachelors,Management
8857,19856,"Madan, Tammy","Madan, Tammy",Individual,Bachelors,Management
8858,19857,"Rogers, Megan","Rogers, Megan",Individual,Bachelors,Management
8859,19858,"Collins, Jenna","Collins, Jenna",Individual,Bachelors,Management
8860,19859,"Zhao, Lisa","Zhao, Lisa",Individual,Bachelors,Management
8861,19860,"Young, Sara","Young, Sara",Individual,Partial College,Professional
8862,19861,"Perry, Caroline","Perry, Caroline",Individual,Partial College,Professional
8864,19863,"Powell, Paige","Powell, Paige",Individual,Partial College,Professional
8865,19864,"Brooks, Isaiah","Brooks, Isaiah",Individual,Partial College,Professional
8866,19865,"Butler, Hailey","Butler, Hailey",Individual,Partial College,Professional
8867,19866,"Patel, Martin","Patel, Martin",Individual,Partial College,Professional
8868,19867,"Sanchez, Juan","Sanchez, Juan",Individual,Partial College,Professional
8869,19868,"Jenkins, Kyle","Jenkins, Kyle",Individual,Bachelors,Management
8870,19869,"Brooks, Carol","Brooks, Carol",Individual,Partial College,Professional
8872,19871,"Rivera, Bryce","Rivera, Bryce",Individual,Partial College,Professional
8876,19875,"James, Patrick","James, Patrick",Individual,Partial College,Professional
8877,19876,"Edwards, Nathan","Edwards, Nathan",Individual,Partial College,Professional
8878,19877,"Zheng, Steve","Zheng, Steve",Individual,Partial College,Professional
8879,19878,"Jackson, Morgan","Jackson, Morgan",Individual,Partial College,Professional
8880,19879,"Green, Ian","Green, Ian",Individual,Partial College,Professional
8881,19880,"Bennett, Emma","Bennett, Emma",Individual,Partial College,Professional
8882,19881,"Long, Aidan","Long, Aidan",Individual,Bachelors,Management
8883,19882,"Phillips, Richard","Phillips, Richard",Individual,Bachelors,Management
8884,19883,"Young, Kevin","Young, Kevin",Individual,Bachelors,Management
8886,19885,"Turner, Isaac","Turner, Isaac",Individual,High School,Professional
8887,19886,"Butler, Marcus","Butler, Marcus",Individual,High School,Professional
8888,19887,"Walker, Olivia","Walker, Olivia",Individual,Partial College,Professional
8889,19888,"Washington, Carson","Washington, Carson",Individual,Partial College,Professional
8890,19889,"Sanders, Catherine","Sanders, Catherine",Individual,Partial High School,Skilled Manual
8891,19890,"Alvarez, Lee","Alvarez, Lee",Individual,Partial High School,Skilled Manual
8892,19891,"Morgan, Jennifer","Morgan, Jennifer",Individual,High School,Professional
8893,19892,"Campbell, Richard","Campbell, Richard",Individual,High School,Professional
8894,19893,"Baker, Evan","Baker, Evan",Individual,High School,Professional
8895,19894,"Sharma, Elijah","Sharma, Elijah",Individual,High School,Professional
8896,19895,"Jimenez, Ricky","Jimenez, Ricky",Individual,High School,Professional
8897,19896,"Thomas, Kaitlyn","Thomas, Kaitlyn",Individual,High School,Professional
8898,19897,"Nelson, Gabriella","Nelson, Gabriella",Individual,Partial College,Professional
8899,19898,"Serrano, Desiree","Serrano, Desiree",Individual,Bachelors,Management
8901,19900,"Richardson, Zoe","Richardson, Zoe",Individual,High School,Professional
8902,19901,"Sara, Ronald","Sara, Ronald",Individual,Partial College,Professional
8905,19904,"Gray, Jasmine","Gray, Jasmine",Individual,High School,Professional
8910,19909,"Chandra, Geoffrey","Chandra, Geoffrey",Individual,Partial College,Professional
8911,19910,"Rubio, Orlando","Rubio, Orlando",Individual,Partial College,Professional
8916,19915,"McDonald, Claudia","McDonald, Claudia (19915)",Individual,Graduate Degree,Management
8922,19921,"Cai, Cara","Cai, Cara",Individual,Bachelors,Management
8925,19924,"Perez, Douglas","Perez, Douglas",Individual,Partial High School,Professional
8926,19925,"Jenkins, Madison","Jenkins, Madison",Individual,Partial College,Professional
8931,19930,"Tang, Tony","Tang, Tony",Individual,Partial College,Professional
8932,19931,"Xu, Darryl","Xu, Darryl",Individual,Bachelors,Management
8935,19934,"Blanco, Neil","Blanco, Neil",Individual,High School,Professional
8936,19935,"Navarro, Clinton","Navarro, Clinton",Individual,Partial College,Professional
8937,19936,"Luo, Corey","Luo, Corey",Individual,Partial College,Management
8938,19937,"Gomez, Jimmy","Gomez, Jimmy",Individual,Partial College,Management
8945,19944,"Suarez, Jonathon","Suarez, Jonathon",Individual,Partial High School,Skilled Manual
8981,19980,"Carter, Alexandra","Carter, Alexandra",Individual,Partial College,Professional
8982,19981,"Russell, Kelly","Russell, Kelly",Individual,Graduate Degree,Professional
8983,19982,"Cox, Charles","Cox, Charles",Individual,Graduate Degree,Professional
8984,19983,"Martinez, Michael","Martinez, Michael",Individual,Bachelors,Skilled Manual
8985,19984,"Morris, Sara","Morris, Sara",Individual,Bachelors,Skilled Manual
8986,19985,"Ma, Tamara","Ma, Tamara",Individual,Bachelors,Skilled Manual
8987,19986,"Huang, Jamie","Huang, Jamie",Individual,Bachelors,Skilled Manual
8991,19990,"Rai, Peter","Rai, Peter",Individual,Graduate Degree,Professional
8992,19991,"Thomas, Jacob","Thomas, Jacob",Individual,Graduate Degree,Professional
8993,19992,"Hill, Stephanie","Hill, Stephanie",Individual,Graduate Degree,Professional
8994,19993,"Russell, Nathan","Russell, Nathan",Individual,Graduate Degree,Professional
8995,19994,"King, Madeline","King, Madeline",Individual,Bachelors,Skilled Manual
8996,19995,"Gonzales, Jordyn","Gonzales, Jordyn",Individual,Bachelors,Skilled Manual
8997,19996,"She, Grant","She, Grant",Individual,Bachelors,Skilled Manual
8999,19998,"Liu, Laura","Liu, Laura",Individual,High School,Skilled Manual
9000,19999,"Brooks, Danielle","Brooks, Danielle",Individual,Bachelors,Professional
9002,20001,"Hill, Jordan","Hill, Jordan",Individual,Graduate Degree,Professional
9003,20002,"White, Elizabeth","White, Elizabeth",Individual,Graduate Degree,Professional
9004,20003,"Gonzalez, Dalton","Gonzalez, Dalton",Individual,Graduate Degree,Professional
9005,20004,"Perez, Kaitlin","Perez, Kaitlin",Individual,Graduate Degree,Professional
9006,20005,"Zhang, Kevin","Zhang, Kevin",Individual,Bachelors,Skilled Manual
9007,20006,"Morris, Grace","Morris, Grace",Individual,Bachelors,Skilled Manual
9009,20008,"Foster, Jack","Foster, Jack",Individual,Graduate Degree,Professional
9010,20009,"Walker, Noah","Walker, Noah",Individual,Graduate Degree,Professional
9011,20010,"Carter, Jackson","Carter, Jackson",Individual,Graduate Degree,Professional
9012,20011,"Sanders, Eduardo","Sanders, Eduardo",Individual,Graduate Degree,Professional
9013,20012,"Robinson, Jessica","Robinson, Jessica",Individual,Graduate Degree,Professional
9014,20013,"Hughes, Jocelyn","Hughes, Jocelyn",Individual,Graduate Degree,Professional
9015,20014,"Blanco, Anne","Blanco, Anne",Individual,Graduate Degree,Professional
9016,20015,"King, Jenna","King, Jenna",Individual,Graduate Degree,Professional
9017,20016,"Kelly, Katherine","Kelly, Katherine",Individual,Bachelors,Professional
9018,20017,"Sanders, Anna","Sanders, Anna",Individual,Bachelors,Professional
9019,20018,"Gray, Lauren","Gray, Lauren",Individual,Bachelors,Skilled Manual
9020,20019,"Diaz, Brittany","Diaz, Brittany",Individual,Bachelors,Skilled Manual
9021,20020,"Foster, Jacqueline","Foster, Jacqueline",Individual,Bachelors,Skilled Manual
9023,20022,"Perry, Arthur","Perry, Arthur",Individual,Bachelors,Skilled Manual
9025,20024,"Miller, Fernando","Miller, Fernando",Individual,Bachelors,Professional
9026,20025,"Bell, Bryce","Bell, Bryce",Individual,Bachelors,Professional
9027,20026,"Richardson, Jasmine","Richardson, Jasmine",Individual,Bachelors,Professional
9028,20027,"Murphy, Danielle","Murphy, Danielle",Individual,Bachelors,Skilled Manual
9029,20028,"Flores, Angela","Flores, Angela",Individual,Bachelors,Skilled Manual
9030,20029,"Evans, Jan","Evans, Jan",Individual,Bachelors,Skilled Manual
9031,20030,"Harris, Alexander","Harris, Alexander",Individual,Bachelors,Skilled Manual
9032,20031,"James, Devin","James, Devin",Individual,Bachelors,Skilled Manual
9033,20032,"Walker, Marcus","Walker, Marcus",Individual,Bachelors,Skilled Manual
9034,20033,"Turner, Carlos","Turner, Carlos",Individual,Bachelors,Professional
9037,20036,"Tang, Kate","Tang, Kate",Individual,Bachelors,Professional
9038,20037,"Sanchez, Alyssa","Sanchez, Alyssa",Individual,Bachelors,Professional
9039,20038,"Price, Taylor","Price, Taylor",Individual,Bachelors,Professional
9040,20039,"Evans, Stephanie","Evans, Stephanie",Individual,Bachelors,Professional
9041,20040,"Rivera, Victoria","Rivera, Victoria",Individual,Graduate Degree,Professional
9044,20043,"Zheng, Brent","Zheng, Brent",Individual,Partial High School,Manual
9052,20051,"Dominguez, Linda","Dominguez, Linda",Individual,Partial College,Clerical
9057,20056,"She, Johnny","She, Johnny",Individual,Partial High School,Manual
9063,20062,"Carson, Russell","Carson, Russell",Individual,High School,Manual
9065,20064,"Prasad, Whitney","Prasad, Whitney",Individual,Partial College,Clerical
9066,20065,"Lal, Grant","Lal, Grant",Individual,Partial College,Clerical
9067,20066,"White, Marcus","White, Marcus",Individual,Partial College,Clerical
9068,20067,"Thompson, Destiny","Thompson, Destiny",Individual,Partial College,Clerical
9069,20068,"Peterson, Alexandria","Peterson, Alexandria",Individual,Partial College,Clerical
9070,20069,"Smith, Jessica","Smith, Jessica",Individual,Graduate Degree,Skilled Manual
9075,20074,"Madan, Preston","Madan, Preston",Individual,High School,Manual
9077,20076,"Vazquez, Beth","Vazquez, Beth",Individual,High School,Manual
9078,20077,"Coleman, Aidan","Coleman, Aidan",Individual,High School,Manual
9079,20078,"Lee, Jose","Lee, Jose",Individual,High School,Manual
9080,20079,"Taylor, Alexandra","Taylor, Alexandra",Individual,High School,Manual
9081,20080,"Stewart, Maria","Stewart, Maria",Individual,High School,Manual
9082,20081,"Xie, Jerry","Xie, Jerry",Individual,High School,Manual
9084,20083,"Kumar, Terry","Kumar, Terry",Individual,High School,Manual
9089,20088,"Lewis, Jose","Lewis, Jose",Individual,Partial High School,Clerical
9090,20089,"Powell, Luis","Powell, Luis",Individual,High School,Manual
9091,20090,"Edwards, Blake","Edwards, Blake",Individual,High School,Clerical
9092,20091,"Parker, Andrea","Parker, Andrea",Individual,High School,Clerical
9095,20094,"Chande, Lindsey","Chande, Lindsey",Individual,High School,Clerical
9096,20095,"Flores, Ana","Flores, Ana",Individual,High School,Clerical
9099,20098,"Lewis, Alexis","Lewis, Alexis",Individual,High School,Skilled Manual
9100,20099,"Xie, Devon","Xie, Devon",Individual,High School,Skilled Manual
9101,20100,"Watson, Jesse","Watson, Jesse",Individual,High School,Skilled Manual
9102,20101,"Hayes, Devin","Hayes, Devin",Individual,High School,Skilled Manual
9103,20102,"Jenkins, Arianna","Jenkins, Arianna",Individual,High School,Skilled Manual
9106,20105,"Taylor, Alexis","Taylor, Alexis",Individual,High School,Skilled Manual
9108,20107,"Morris, Danielle","Morris, Danielle",Individual,Partial College,Clerical
9109,20108,"Gao, Glenn","Gao, Glenn",Individual,Partial College,Clerical
9110,20109,"Stewart, Katelyn","Stewart, Katelyn",Individual,Partial College,Clerical
9111,20110,"Perry, Austin","Perry, Austin",Individual,Partial College,Clerical
9112,20111,"Zhu, Brittney","Zhu, Brittney",Individual,Partial College,Clerical
9113,20112,"James, Shelby","James, Shelby",Individual,Graduate Degree,Skilled Manual
9114,20113,"Murphy, Christina","Murphy, Christina",Individual,Graduate Degree,Skilled Manual
9115,20114,"Thompson, Joseph","Thompson, Joseph",Individual,Graduate Degree,Skilled Manual
9116,20115,"Jones, Megan","Jones, Megan",Individual,Partial College,Clerical
9122,20121,"Butler, Dylan","Butler, Dylan",Individual,Graduate Degree,Skilled Manual
9123,20122,"Bailey, Jeremy","Bailey, Jeremy",Individual,Graduate Degree,Skilled Manual
9124,20123,"Gonzalez, Aaron","Gonzalez, Aaron",Individual,Graduate Degree,Skilled Manual
9125,20124,"Coleman, Natalie","Coleman, Natalie",Individual,Graduate Degree,Skilled Manual
9126,20125,"Clark, Natalie","Clark, Natalie",Individual,Graduate Degree,Skilled Manual
9127,20126,"Carter, Seth","Carter, Seth",Individual,Graduate Degree,Skilled Manual
9128,20127,"Sanders, Carlos","Sanders, Carlos",Individual,Graduate Degree,Skilled Manual
9129,20128,"Miller, Ian","Miller, Ian",Individual,Graduate Degree,Skilled Manual
9130,20129,"Stewart, Nicole","Stewart, Nicole",Individual,Graduate Degree,Skilled Manual
9133,20132,"Shen, Jenny","Shen, Jenny",Individual,Graduate Degree,Manual
9136,20135,"Price, Grace","Price, Grace",Individual,Bachelors,Manual
9138,20137,"Fernandez, Jarrod","Fernandez, Jarrod",Individual,Bachelors,Manual
9139,20138,"Moreno, Kendra","Moreno, Kendra",Individual,Graduate Degree,Clerical
9140,20139,"Wright, Connor","Wright, Connor",Individual,Bachelors,Manual
9141,20140,"Navarro, Joe","Navarro, Joe",Individual,Bachelors,Manual
9144,20143,"Suarez, Jimmy","Suarez, Jimmy",Individual,Partial College,Manual
9145,20144,"Lin, Roger","Lin, Roger",Individual,Partial College,Manual
9163,20162,"Nath, Kelsey","Nath, Kelsey",Individual,Partial College,Manual
9164,20163,"Zhang, Krystal","Zhang, Krystal",Individual,Partial College,Manual
9167,20166,"Gutierrez, Monique","Gutierrez, Monique",Individual,Graduate Degree,Clerical
9169,20168,"Serrano, Jessie","Serrano, Jessie",Individual,High School,Manual
9170,20169,"Gray, Garrett","Gray, Garrett",Individual,Partial College,Manual
9172,20171,"King, Bailey","King, Bailey",Individual,Partial College,Manual
9175,20174,"Gonzalez, Douglas","Gonzalez, Douglas",Individual,Partial High School,Manual
9177,20176,"Alexander, Antonio","Alexander, Antonio",Individual,Partial High School,Manual
9181,20180,"Sanders, Amanda","Sanders, Amanda",Individual,Partial College,Skilled Manual
9182,20181,"Brooks, Catherine","Brooks, Catherine",Individual,Partial College,Skilled Manual
9184,20183,"Allen, Sophia","Allen, Sophia",Individual,Partial College,Skilled Manual
9185,20184,"Richardson, Jessica","Richardson, Jessica",Individual,High School,Skilled Manual
9186,20185,"Cooper, Xavier","Cooper, Xavier",Individual,High School,Skilled Manual
9188,20187,"King, Robert","King, Robert",Individual,Partial College,Skilled Manual
9191,20190,"Reed, Angela","Reed, Angela",Individual,Partial College,Skilled Manual
9192,20191,"Rai, Chad","Rai, Chad",Individual,Graduate Degree,Professional
9193,20192,"Campbell, Amber","Campbell, Amber",Individual,Graduate Degree,Professional
9194,20193,"Gray, Alyssa","Gray, Alyssa",Individual,Graduate Degree,Professional
9195,20194,"Campbell, Connor","Campbell, Connor",Individual,Partial College,Skilled Manual
9196,20195,"Wilson, Blake","Wilson, Blake",Individual,Partial College,Skilled Manual
9197,20196,"Perry, Cameron","Perry, Cameron",Individual,Partial College,Skilled Manual
9198,20197,"Johnson, Olivia","Johnson, Olivia",Individual,Partial College,Skilled Manual
9199,20198,"Evans, Sierra","Evans, Sierra",Individual,Bachelors,Professional
9200,20199,"Cook, Hailey","Cook, Hailey",Individual,Graduate Degree,Professional
9201,20200,"Gonzales, Noah","Gonzales, Noah",Individual,Graduate Degree,Professional
9202,20201,"Harris, Chloe","Harris, Chloe",Individual,Graduate Degree,Professional
9204,20203,"Blanco, Roy","Blanco, Roy",Individual,Graduate Degree,Professional
9205,20204,"Carlson, Renee","Carlson, Renee",Individual,Graduate Degree,Professional
9206,20205,"Cox, Bryce","Cox, Bryce",Individual,Bachelors,Professional
9208,20207,"Bailey, Angel","Bailey, Angel",Individual,Bachelors,Professional
9211,20210,"Powell, Stephanie","Powell, Stephanie",Individual,Graduate Degree,Professional
9271,20270,"Phillips, Kevin","Phillips, Kevin",Individual,High School,Skilled Manual
9272,20271,"Fernandez, Barry","Fernandez, Barry",Individual,High School,Skilled Manual
9273,20272,"James, Seth","James, Seth",Individual,High School,Skilled Manual
9275,20274,"Wang, Brent","Wang, Brent",Individual,High School,Skilled Manual
9276,20275,"Kelly, Angela","Kelly, Angela",Individual,High School,Skilled Manual
9277,20276,"Sanchez, Haley","Sanchez, Haley",Individual,High School,Skilled Manual
9279,20278,"Oliver, Alisha","Oliver, Alisha",Individual,High School,Skilled Manual
9280,20279,"Henderson, Trevor","Henderson, Trevor",Individual,High School,Skilled Manual
9282,20281,"Xie, Karl","Xie, Karl",Individual,High School,Skilled Manual
9286,20285,"Alexander, Aaron","Alexander, Aaron",Individual,High School,Skilled Manual
9287,20286,"Wu, Stacey","Wu, Stacey",Individual,Partial College,Skilled Manual
9288,20287,"Simmons, Destiny","Simmons, Destiny",Individual,Partial College,Skilled Manual
9289,20288,"Edwards, Jeremiah","Edwards, Jeremiah",Individual,Partial College,Skilled Manual
9290,20289,"Richardson, Jada","Richardson, Jada",Individual,Partial College,Skilled Manual
9291,20290,"Simmons, Austin","Simmons, Austin",Individual,Partial College,Skilled Manual
9292,20291,"Walker, Alexis","Walker, Alexis",Individual,High School,Skilled Manual
9293,20292,"Ross, Katherine","Ross, Katherine",Individual,Partial College,Skilled Manual
9294,20293,"Jackson, Rachel","Jackson, Rachel",Individual,Partial College,Skilled Manual
9295,20294,"Davis, Julia","Davis, Julia",Individual,Partial College,Skilled Manual
9296,20295,"Brown, Christopher","Brown, Christopher",Individual,Partial College,Skilled Manual
9297,20296,"Diaz, Morgan","Diaz, Morgan",Individual,Partial College,Skilled Manual
9298,20297,"Wu, Valerie","Wu, Valerie",Individual,Graduate Degree,Management
9299,20298,"Arun, Edgar","Arun, Edgar",Individual,Graduate Degree,Management
9302,20301,"Bradley, Gloria","Bradley, Gloria",Individual,Partial College,Skilled Manual
9303,20302,"Andersen, Tasha","Andersen, Tasha",Individual,Graduate Degree,Management
9304,20303,"Morgan, Bryce","Morgan, Bryce",Individual,Graduate Degree,Management
9305,20304,"Edwards, Jesse","Edwards, Jesse",Individual,High School,Skilled Manual
9306,20305,"Ross, Caleb","Ross, Caleb",Individual,Partial College,Skilled Manual
9307,20306,"Baker, Mary","Baker, Mary",Individual,Partial College,Skilled Manual
9308,20307,"Blue, Natalie","Blue, Natalie",Individual,Partial College,Skilled Manual
9309,20308,"Uittenbogaard, Pieter","Uittenbogaard, Pieter",Individual,Partial College,Skilled Manual
9311,20310,"Ramirez, Timothy","Ramirez, Timothy",Individual,Partial College,Skilled Manual
9312,20311,"Bell, Cole","Bell, Cole",Individual,Partial College,Skilled Manual
9314,20313,"Bennett, Oscar","Bennett, Oscar",Individual,Partial College,Skilled Manual
9316,20315,"Ramirez, Devin","Ramirez, Devin",Individual,Partial College,Skilled Manual
9320,20319,"Alexander, Dylan","Alexander, Dylan",Individual,Graduate Degree,Skilled Manual
9321,20320,"Nath, Mindy","Nath, Mindy",Individual,Graduate Degree,Skilled Manual
9322,20321,"Chen, Colleen","Chen, Colleen",Individual,Graduate Degree,Skilled Manual
9323,20322,"Wood, Rachel","Wood, Rachel",Individual,Partial College,Professional
9324,20323,"Coleman, Justin","Coleman, Justin",Individual,Partial College,Professional
9325,20324,"Rodriguez, Ashley","Rodriguez, Ashley",Individual,Partial College,Professional
9326,20325,"Williams, Charles","Williams, Charles",Individual,Bachelors,Management
9327,20326,"Blue, Paige","Blue, Paige",Individual,Bachelors,Management
9328,20327,"Perez, Sophia","Perez, Sophia",Individual,Bachelors,Management
9329,20328,"Carter, Sierra","Carter, Sierra",Individual,Bachelors,Management
9330,20329,"Yang, Jose","Yang, Jose",Individual,Bachelors,Management
9332,20331,"Cox, Jeremy","Cox, Jeremy",Individual,Partial College,Professional
9333,20332,"Navarro, Danny","Navarro, Danny",Individual,Partial College,Professional
9334,20333,"Gonzales, Abigail","Gonzales, Abigail (20333)",Individual,Partial College,Professional
9335,20334,"Mitchell, Jeremiah","Mitchell, Jeremiah",Individual,Bachelors,Management
9336,20335,"Gonzales, Adam","Gonzales, Adam",Individual,Bachelors,Management
9337,20336,"Young, Ian","Young, Ian",Individual,Bachelors,Management
9338,20337,"Hall, Xavier","Hall, Xavier",Individual,High School,Professional
9339,20338,"James, Anna","James, Anna",Individual,Bachelors,Management
9340,20339,"Hughes, Kaitlyn","Hughes, Kaitlyn",Individual,Bachelors,Management
9341,20340,"Kelly, Makayla","Kelly, Makayla",Individual,Bachelors,Management
9343,20342,"Lu, Aimee","Lu, Aimee",Individual,Partial College,Professional
9344,20343,"Hill, Sierra","Hill, Sierra",Individual,Partial College,Professional
9345,20344,"Anand, Ashlee","Anand, Ashlee",Individual,Bachelors,Management
9346,20345,"Martinez, Regina","Martinez, Regina",Individual,Bachelors,Management
9347,20346,"Washington, Angelica","Washington, Angelica",Individual,Bachelors,Management
9348,20347,"Roberts, Savannah","Roberts, Savannah",Individual,Bachelors,Management
9349,20348,"Evans, Chloe","Evans, Chloe",Individual,Bachelors,Management
9350,20349,"Harris, Nicole","Harris, Nicole",Individual,High School,Professional
9352,20351,"Gonzalez, Maria","Gonzalez, Maria",Individual,High School,Professional
9353,20352,"Foster, Melissa","Foster, Melissa",Individual,High School,Professional
9354,20353,"Phillips, Allison","Phillips, Allison",Individual,Partial High School,Skilled Manual
9356,20355,"Gray, Melanie","Gray, Melanie",Individual,Partial High School,Skilled Manual
9357,20356,"Lu, Louis","Lu, Louis",Individual,Partial College,Professional
9358,20357,"Price, Julian","Price, Julian",Individual,Graduate Degree,Management
9359,20358,"Murphy, Brian","Murphy, Brian",Individual,Graduate Degree,Management
9360,20359,"Blue, Rachel","Blue, Rachel (20359)",Individual,Graduate Degree,Management
9361,20360,"Russell, Brianna","Russell, Brianna",Individual,Graduate Degree,Management
9362,20361,"Moreno, Jonathon","Moreno, Jonathon",Individual,Graduate Degree,Management
9363,20362,"Gonzalez, Seth","Gonzalez, Seth",Individual,Graduate Degree,Management
9364,20363,"Brown, Alexander","Brown, Alexander",Individual,Bachelors,Management
9365,20364,"Jackson, Anna","Jackson, Anna",Individual,Graduate Degree,Management
9366,20365,"Scott, Isaac","Scott, Isaac",Individual,High School,Professional
9367,20366,"Powell, Marcus","Powell, Marcus",Individual,High School,Professional
9368,20367,"Anderson, Jessica","Anderson, Jessica",Individual,High School,Professional
9369,20368,"Jackson, Thomas","Jackson, Thomas",Individual,Partial High School,Skilled Manual
9370,20369,"Barnes, Trevor","Barnes, Trevor",Individual,Partial High School,Skilled Manual
9371,20370,"Young, Blake","Young, Blake",Individual,Partial High School,Skilled Manual
9372,20371,"Bryant, Grace","Bryant, Grace",Individual,Partial High School,Skilled Manual
9373,20372,"Edwards, Kaitlyn","Edwards, Kaitlyn",Individual,Partial High School,Skilled Manual
9375,20374,"Adams, Fernando","Adams, Fernando",Individual,Partial High School,Skilled Manual
9377,20376,"Lewis, Destiny","Lewis, Destiny",Individual,Graduate Degree,Management
9378,20377,"Reed, Brian","Reed, Brian",Individual,Graduate Degree,Management
9379,20378,"Jai, Nathan","Jai, Nathan",Individual,Graduate Degree,Management
9380,20379,"Chen, Brittney","Chen, Brittney",Individual,Graduate Degree,Management
9382,20381,"Bennett, Blake","Bennett, Blake",Individual,Graduate Degree,Management
9383,20382,"Hernandez, Jack","Hernandez, Jack",Individual,Graduate Degree,Management
9384,20383,"Hernandez, Richard","Hernandez, Richard",Individual,Graduate Degree,Management
9385,20384,"Gonzalez, Luis","Gonzalez, Luis",Individual,Graduate Degree,Management
9386,20385,"Patterson, Jason","Patterson, Jason",Individual,Graduate Degree,Management
9387,20386,"Russell, Anna","Russell, Anna",Individual,Graduate Degree,Management
9388,20387,"Adams, Jordan","Adams, Jordan (20387)",Individual,Graduate Degree,Management
9389,20388,"Gill, Natasha","Gill, Natasha",Individual,Graduate Degree,Management
9390,20389,"Romero, Lee","Romero, Lee",Individual,Graduate Degree,Management
9391,20390,"Ramos, Ross","Ramos, Ross",Individual,Graduate Degree,Management
9392,20391,"Serrano, Meghan","Serrano, Meghan",Individual,Graduate Degree,Management
9393,20392,"Ramirez, Destiny","Ramirez, Destiny",Individual,Bachelors,Management
9394,20393,"White, Kaitlyn","White, Kaitlyn",Individual,Bachelors,Management
9395,20394,"Butler, Emma","Butler, Emma",Individual,Bachelors,Management
9400,20399,"Rodriguez, Benjamin","Rodriguez, Benjamin",Individual,Bachelors,Management
9401,20400,"Henderson, Sydney","Henderson, Sydney",Individual,Bachelors,Management
9402,20401,"Jenkins, Hannah","Jenkins, Hannah",Individual,Bachelors,Management
9406,20405,"Campbell, Isaiah","Campbell, Isaiah",Individual,Partial College,Skilled Manual
9409,20408,"Morgan, Isaac","Morgan, Isaac",Individual,Partial High School,Clerical
9410,20409,"Young, Sophia","Young, Sophia",Individual,Partial College,Skilled Manual
9411,20410,"Jackson, Richard","Jackson, Richard",Individual,Partial College,Skilled Manual
9412,20411,"James, Cole","James, Cole",Individual,Partial College,Skilled Manual
9413,20412,"Jackson, David","Jackson, David",Individual,Partial College,Skilled Manual
9414,20413,"Powell, Taylor","Powell, Taylor",Individual,Partial College,Skilled Manual
9415,20414,"Bailey, Amanda","Bailey, Amanda",Individual,Partial College,Skilled Manual
9422,20421,"Alexander, Victoria","Alexander, Victoria",Individual,Partial High School,Clerical
9423,20422,"Brooks, Maria","Brooks, Maria",Individual,Partial College,Skilled Manual
9432,20431,"Raje, Corey","Raje, Corey",Individual,Partial College,Skilled Manual
9433,20432,"Sanders, Juan","Sanders, Juan",Individual,High School,Skilled Manual
9434,20433,"Taylor, Chloe","Taylor, Chloe",Individual,High School,Skilled Manual
9435,20434,"Sharma, Nathan","Sharma, Nathan",Individual,Partial College,Skilled Manual
9436,20435,"Green, Natalie","Green, Natalie",Individual,Partial College,Skilled Manual
9437,20436,"Barnes, Anna","Barnes, Anna",Individual,Partial College,Skilled Manual
9438,20437,"Howard, Gabriella","Howard, Gabriella",Individual,Partial College,Skilled Manual
9439,20438,"Scott, Robert","Scott, Robert",Individual,Partial College,Skilled Manual
9440,20439,"Rogers, Chloe","Rogers, Chloe",Individual,Partial College,Skilled Manual
9441,20440,"Hughes, Alexandra","Hughes, Alexandra",Individual,Partial College,Skilled Manual
9443,20442,"Chen, Jorge","Chen, Jorge",Individual,Partial College,Professional
9444,20443,"Cox, Adrian","Cox, Adrian",Individual,Partial College,Professional
9450,20449,"Walker, Rachel","Walker, Rachel",Individual,Partial College,Professional
9458,20457,"Morris, Alexandra","Morris, Alexandra",Individual,Partial College,Professional
9459,20458,"Subram, Erick","Subram, Erick",Individual,Partial College,Professional
9460,20459,"Barnes, Maria","Barnes, Maria",Individual,High School,Professional
9462,20461,"Nelson, Mackenzie","Nelson, Mackenzie",Individual,Bachelors,Management
9463,20462,"Mitchell, Haley","Mitchell, Haley",Individual,Graduate Degree,Management
9464,20463,"Bryant, Jasmine","Bryant, Jasmine",Individual,High School,Professional
9465,20464,"Lu, Amy","Lu, Amy",Individual,Partial College,Professional
9466,20465,"Henderson, Isabel","Henderson, Isabel",Individual,Bachelors,Management
9467,20466,"Jai, Benjamin","Jai, Benjamin",Individual,Partial College,Professional
9468,20467,"Bennett, Gabrielle","Bennett, Gabrielle",Individual,High School,Professional
9470,20469,"Suri, Manuel","Suri, Manuel",Individual,Partial College,Professional
9472,20471,"Gonzalez, Carlos","Gonzalez, Carlos",Individual,Graduate Degree,Management
9473,20472,"Coleman, Edward","Coleman, Edward",Individual,Partial College,Professional
9474,20473,"Rivera, Mason","Rivera, Mason",Individual,Partial College,Professional
9475,20474,"Turner, Edward","Turner, Edward",Individual,Bachelors,Management
9476,20475,"Martinez, Blake","Martinez, Blake",Individual,Bachelors,Management
9477,20476,"Long, Destiny","Long, Destiny",Individual,Graduate Degree,Management
9478,20477,"Washington, Brandon","Washington, Brandon",Individual,Graduate Degree,Management
9481,20480,"Cox, Carlos","Cox, Carlos",Individual,High School,Skilled Manual
9482,20481,"Edwards, Jordan","Edwards, Jordan",Individual,High School,Skilled Manual
9483,20482,"Diaz, Gina","Diaz, Gina",Individual,Bachelors,Professional
9485,20484,"Morgan, Gabriella","Morgan, Gabriella",Individual,Bachelors,Management
9486,20485,"Reed, Richard","Reed, Richard",Individual,Bachelors,Management
9487,20486,"Butler, Jack","Butler, Jack",Individual,Graduate Degree,Management
9488,20487,"White, Alexander","White, Alexander",Individual,Graduate Degree,Management
9489,20488,"Foster, Cassidy","Foster, Cassidy",Individual,Graduate Degree,Management
9490,20489,"Davis, Jacob","Davis, Jacob",Individual,Bachelors,Management
9491,20490,"Roberts, Kaylee","Roberts, Kaylee",Individual,Graduate Degree,Management
9492,20491,"Perry, Dakota","Perry, Dakota",Individual,Bachelors,Management
9494,20493,"Jackson, Matthew","Jackson, Matthew",Individual,Bachelors,Management
9495,20494,"Peterson, Jesse","Peterson, Jesse",Individual,Bachelors,Management
9496,20495,"Wang, Wesley","Wang, Wesley",Individual,Bachelors,Management
9497,20496,"Roberts, Jada","Roberts, Jada",Individual,Bachelors,Management
9498,20497,"Javier Castrejón, Francisco","Javier Castrejón, Francisco",Individual,Partial High School,Clerical
9502,20501,"Nelson, Morgan","Nelson, Morgan",Individual,Bachelors,Management
9503,20502,"Harris, John","Harris, John",Individual,Bachelors,Management
9504,20503,"Jai, Tony","Jai, Tony",Individual,High School,Professional
9505,20504,"Tangirala, Rakesh","Tangirala, Rakesh",Individual,High School,Professional
9508,20507,"Anderson, Joshua","Anderson, Joshua",Individual,Bachelors,Management
9510,20509,"Murphy, Alexandria","Murphy, Alexandria",Individual,Bachelors,Management
9511,20510,"Cox, Caitlin","Cox, Caitlin",Individual,Bachelors,Management
9512,20511,"Taylor, Matthew","Taylor, Matthew",Individual,Bachelors,Management
9513,20512,"Parker, Sydney","Parker, Sydney",Individual,Partial College,Professional
9514,20513,"Smith, Joseph","Smith, Joseph",Individual,Partial College,Professional
9515,20514,"Griffin, Hannah","Griffin, Hannah",Individual,Partial College,Professional
9516,20515,"Edwards, Jenna","Edwards, Jenna",Individual,Partial College,Professional
9517,20516,"Russell, Gabriel","Russell, Gabriel",Individual,Partial College,Professional
9519,20518,"Sanz, Desiree","Sanz, Desiree",Individual,Partial College,Professional
9521,20520,"Srini, Cassandra","Srini, Cassandra",Individual,High School,Professional
9522,20521,"Carlson, Gina","Carlson, Gina",Individual,High School,Professional
9523,20522,"Parker, Kevin","Parker, Kevin",Individual,Bachelors,Management
9524,20523,"Howard, Emma","Howard, Emma",Individual,Bachelors,Management
9525,20524,"Jenkins, Angelica","Jenkins, Angelica",Individual,Partial College,Professional
9526,20525,"Kumar, James","Kumar, James",Individual,Bachelors,Management
9527,20526,"Alexander, Brittany","Alexander, Brittany",Individual,Partial College,Professional
9528,20527,"Harris, Sydney","Harris, Sydney",Individual,Partial College,Professional
9530,20529,"Jackson, Destiny","Jackson, Destiny",Individual,Partial College,Professional
9531,20530,"Jenkins, Mariah","Jenkins, Mariah",Individual,High School,Professional
9532,20531,"Young, James","Young, James",Individual,Partial College,Professional
9533,20532,"Watson, Joan","Watson, Joan",Individual,Partial College,Professional
9534,20533,"Perry, Luis","Perry, Luis",Individual,Partial College,Professional
9535,20534,"Lopez, Dalton","Lopez, Dalton",Individual,Partial College,Professional
9536,20535,"Torres, Riley","Torres, Riley",Individual,Partial College,Professional
9537,20536,"Gray, Taylor","Gray, Taylor",Individual,Bachelors,Management
9538,20537,"Evans, Thomas","Evans, Thomas",Individual,Bachelors,Management
9539,20538,"Bennett, Hailey","Bennett, Hailey",Individual,Partial College,Professional
9540,20539,"Baker, Luis","Baker, Luis",Individual,Partial College,Professional
9541,20540,"Flores, Jasmine","Flores, Jasmine",Individual,Partial College,Professional
9542,20541,"Hernandez, Allison","Hernandez, Allison",Individual,Partial College,Professional
9543,20542,"Green, Hailey","Green, Hailey",Individual,Partial College,Professional
9544,20543,"Miller, Seth","Miller, Seth",Individual,Partial College,Professional
9545,20544,"Hall, Dalton","Hall, Dalton",Individual,Partial High School,Skilled Manual
9546,20545,"Butler, Vanessa","Butler, Vanessa",Individual,Partial High School,Skilled Manual
9549,20548,"Rodriguez, Phillip","Rodriguez, Phillip",Individual,High School,Professional
9550,20549,"Morris, Jennifer","Morris, Jennifer",Individual,Partial College,Professional
9555,20554,"Tang, Donna","Tang, Donna",Individual,High School,Professional
9556,20555,"Raje, Kelvin","Raje, Kelvin",Individual,High School,Professional
9557,20556,"Sun, Glenn","Sun, Glenn",Individual,High School,Professional
9561,20560,"Raji, Mindy","Raji, Mindy",Individual,Partial College,Professional
9564,20563,"Blanco, Kendra","Blanco, Kendra",Individual,Bachelors,Management
9573,20572,"Diaz, Caroline","Diaz, Caroline",Individual,Partial College,Professional
9575,20574,"Patel, Brett","Patel, Brett",Individual,Partial College,Professional
9584,20583,"Wang, Kristen","Wang, Kristen",Individual,High School,Professional
9585,20584,"Schmidt, Molly","Schmidt, Molly",Individual,Partial College,Professional
9591,20590,"Zhang, Todd","Zhang, Todd",Individual,Partial College,Management
9592,20591,"Tang, Kara","Tang, Kara",Individual,High School,Management
9599,20598,"Powell, Jackson","Powell, Jackson",Individual,Partial High School,Professional
9636,20635,"Young, Nathan","Young, Nathan",Individual,Bachelors,Management
9637,20636,"Patterson, Olivia","Patterson, Olivia",Individual,Bachelors,Management
9645,20644,"Brooks, Patrick","Brooks, Patrick",Individual,Graduate Degree,Management
9647,20646,"Chen, Ryan","Chen, Ryan",Individual,Graduate Degree,Skilled Manual
9648,20647,"Bailey, Jared","Bailey, Jared",Individual,Graduate Degree,Professional
9649,20648,"Mitchell, Jordan","Mitchell, Jordan",Individual,Graduate Degree,Professional
9650,20649,"Ramirez, Natalie","Ramirez, Natalie",Individual,Graduate Degree,Professional
9651,20650,"Gray, Bryan","Gray, Bryan",Individual,Bachelors,Skilled Manual
9653,20652,"Scott, Amanda","Scott, Amanda",Individual,Bachelors,Skilled Manual
9654,20653,"White, Jessica","White, Jessica",Individual,Bachelors,Skilled Manual
9655,20654,"Murphy, Taylor","Murphy, Taylor",Individual,Bachelors,Skilled Manual
9656,20655,"Butler, Edward","Butler, Edward",Individual,Bachelors,Skilled Manual
9658,20657,"Russell, Blake","Russell, Blake",Individual,Bachelors,Skilled Manual
9659,20658,"Campbell, Kaylee","Campbell, Kaylee",Individual,Graduate Degree,Professional
9660,20659,"Baker, Xavier","Baker, Xavier",Individual,Graduate Degree,Professional
9661,20660,"Cox, Christina","Cox, Christina",Individual,Graduate Degree,Professional
9662,20661,"Diaz, Taylor","Diaz, Taylor",Individual,Graduate Degree,Professional
9663,20662,"Perry, Taylor","Perry, Taylor",Individual,Bachelors,Skilled Manual
9664,20663,"Stewart, Kaitlyn","Stewart, Kaitlyn",Individual,Bachelors,Skilled Manual
9665,20664,"Watson, Isaiah","Watson, Isaiah",Individual,Bachelors,Skilled Manual
9667,20666,"Rai, Lacey","Rai, Lacey",Individual,Bachelors,Skilled Manual
9668,20667,"Pal, Jodi","Pal, Jodi",Individual,Bachelors,Skilled Manual
9669,20668,"Rothenberg, Eric","Rothenberg, Eric",Individual,Bachelors,Skilled Manual
9672,20671,"Sanchez, Ronald","Sanchez, Ronald",Individual,Graduate Degree,Professional
9673,20672,"Ross, Fernando","Ross, Fernando",Individual,Graduate Degree,Professional
9674,20673,"Washington, Dylan","Washington, Dylan",Individual,Graduate Degree,Professional
9675,20674,"Butler, Samuel","Butler, Samuel",Individual,Bachelors,Skilled Manual
9676,20675,"Martin, Natalie","Martin, Natalie",Individual,Bachelors,Skilled Manual
9677,20676,"Parker, Carlos","Parker, Carlos",Individual,Bachelors,Skilled Manual
9678,20677,"Bailey, Trinity","Bailey, Trinity",Individual,Bachelors,Skilled Manual
9679,20678,"Lin, Martha","Lin, Martha",Individual,Bachelors,Skilled Manual
9682,20681,"Moreno, Walter","Moreno, Walter",Individual,Graduate Degree,Professional
9683,20682,"Davis, John","Davis, John",Individual,Graduate Degree,Professional
9684,20683,"Mitchell, Amanda","Mitchell, Amanda",Individual,Graduate Degree,Professional
9685,20684,"Lee, Olivia","Lee, Olivia",Individual,Graduate Degree,Professional
9686,20685,"Powell, Mariah","Powell, Mariah",Individual,Bachelors,Professional
9687,20686,"Nelson, Lucas","Nelson, Lucas",Individual,Bachelors,Professional
9688,20687,"Campbell, Rebecca","Campbell, Rebecca",Individual,Bachelors,Professional
9689,20688,"Ramirez, Steven","Ramirez, Steven",Individual,Bachelors,Skilled Manual
9690,20689,"Green, Connor","Green, Connor",Individual,Bachelors,Skilled Manual
9691,20690,"Torres, Nathaniel","Torres, Nathaniel",Individual,Bachelors,Skilled Manual
9693,20692,"Lewis, John","Lewis, John",Individual,Graduate Degree,Professional
9694,20693,"Perry, Zachary","Perry, Zachary",Individual,Graduate Degree,Professional
9696,20695,"Brown, Joshua","Brown, Joshua",Individual,Bachelors,Skilled Manual
9697,20696,"Gonzales, Ethan","Gonzales, Ethan",Individual,Bachelors,Skilled Manual
9698,20697,"Schmidt, Stefanie","Schmidt, Stefanie",Individual,Bachelors,Skilled Manual
9699,20698,"Chandra, Darren","Chandra, Darren",Individual,Bachelors,Skilled Manual
9700,20699,"Wang, Hunter","Wang, Hunter",Individual,Bachelors,Skilled Manual
9701,20700,"Scott, Marcus","Scott, Marcus",Individual,Bachelors,Skilled Manual
9702,20701,"Anderson, Liz","Anderson, Liz",Individual,Bachelors,Skilled Manual
9703,20702,"Ross, Oscar","Ross, Oscar",Individual,Bachelors,Skilled Manual
9704,20703,"White, Seth","White, Seth",Individual,Bachelors,Professional
9705,20704,"Rodriguez, Shane","Rodriguez, Shane",Individual,Bachelors,Professional
9706,20705,"Roberts, Kevin","Roberts, Kevin",Individual,Bachelors,Professional
9707,20706,"Gonzalez, Haley","Gonzalez, Haley",Individual,Bachelors,Professional
9708,20707,"Stewart, Danielle","Stewart, Danielle",Individual,Bachelors,Professional
9710,20709,"Evans, Samuel","Evans, Samuel",Individual,Bachelors,Professional
9716,20715,"Kapoor, Henry","Kapoor, Henry",Individual,Partial High School,Manual
9717,20716,"Arun, Kristina","Arun, Kristina",Individual,Bachelors,Skilled Manual
9720,20719,"Alvarez, Lawrence","Alvarez, Lawrence",Individual,High School,Manual
9721,20720,"Subram, Regina","Subram, Regina",Individual,High School,Manual
9723,20722,"Serrano, Kellie","Serrano, Kellie",Individual,Partial College,Clerical
9724,20723,"Zhu, Cedric","Zhu, Cedric",Individual,Partial High School,Manual
9727,20726,"Romero, Beth","Romero, Beth",Individual,High School,Manual
9728,20727,"Ye, Arturo","Ye, Arturo",Individual,Partial College,Clerical
9730,20729,"Zhou, Aimee","Zhou, Aimee",Individual,Partial College,Clerical
9732,20731,"Kovár, Andre","Kovár, Andre",Individual,Graduate Degree,Skilled Manual
9733,20732,"Walker, Joshua","Walker, Joshua",Individual,Partial College,Clerical
9734,20733,"Luo, Sheena","Luo, Sheena",Individual,Partial College,Clerical
9736,20735,"Cooper, Caitlin","Cooper, Caitlin",Individual,Graduate Degree,Skilled Manual
9738,20737,"Griffin, Victoria","Griffin, Victoria",Individual,Partial College,Clerical
9739,20738,"Kelly, Alex","Kelly, Alex",Individual,Graduate Degree,Skilled Manual
9740,20739,"Carter, Kaitlyn","Carter, Kaitlyn",Individual,High School,Manual
9742,20741,"Foster, Jocelyn","Foster, Jocelyn",Individual,High School,Manual
9743,20742,"Stewart, Isabella","Stewart, Isabella",Individual,High School,Manual
9744,20743,"Howard, Arianna","Howard, Arianna",Individual,High School,Manual
9745,20744,"Barnes, Amanda","Barnes, Amanda",Individual,High School,Manual
9748,20747,"Vazquez, Melody","Vazquez, Melody",Individual,Partial High School,Clerical
9749,20748,"Watson, Stephanie","Watson, Stephanie",Individual,Partial High School,Clerical
9750,20749,"Morgan, Joan","Morgan, Joan",Individual,High School,Clerical
9751,20750,"King, Katherine","King, Katherine",Individual,Partial College,Clerical
9752,20751,"Arthur, Jermaine","Arthur, Jermaine",Individual,High School,Clerical
9753,20752,"Simmons, Christian","Simmons, Christian",Individual,High School,Clerical
9754,20753,"Kelly, Taylor","Kelly, Taylor",Individual,High School,Clerical
9755,20754,"Davis, Ian","Davis, Ian",Individual,High School,Skilled Manual
9756,20755,"Lopez, Alex","Lopez, Alex",Individual,Partial College,Clerical
9758,20757,"Powell, Alexia","Powell, Alexia",Individual,High School,Skilled Manual
9759,20758,"Sanders, Jesse","Sanders, Jesse",Individual,High School,Skilled Manual
9760,20759,"Serrano, Teresa","Serrano, Teresa",Individual,Partial College,Clerical
9762,20761,"Washington, Jonathan","Washington, Jonathan",Individual,Partial College,Clerical
9763,20762,"King, Jennifer","King, Jennifer",Individual,High School,Skilled Manual
9764,20763,"Carter, Lucas","Carter, Lucas",Individual,High School,Skilled Manual
9766,20765,"Lopez, Wyatt","Lopez, Wyatt",Individual,Partial College,Clerical
9767,20766,"Morgan, Charles","Morgan, Charles",Individual,Partial College,Clerical
9768,20767,"Thomas, Rachel","Thomas, Rachel",Individual,Partial College,Clerical
9769,20768,"Nara, Marshall","Nara, Marshall",Individual,Partial College,Clerical
9770,20769,"Sanders, Michelle","Sanders, Michelle",Individual,Partial College,Clerical
9771,20770,"Mitchell, Carlos","Mitchell, Carlos",Individual,Graduate Degree,Skilled Manual
9773,20772,"Garcia, Samantha","Garcia, Samantha",Individual,Graduate Degree,Skilled Manual
9775,20774,"Miller, Anthony","Miller, Anthony",Individual,Graduate Degree,Skilled Manual
9776,20775,"Alonso, Bruce","Alonso, Bruce",Individual,Partial College,Clerical
9777,20776,"Long, Haley","Long, Haley",Individual,Partial College,Clerical
9778,20777,"Sharma, Carly","Sharma, Carly",Individual,Graduate Degree,Skilled Manual
9779,20778,"Ramirez, Seth","Ramirez, Seth",Individual,Graduate Degree,Skilled Manual
9780,20779,"Russell, Maria","Russell, Maria",Individual,Graduate Degree,Skilled Manual
9781,20780,"White, Michael","White, Michael",Individual,Graduate Degree,Skilled Manual
9783,20782,"Ye, Alan","Ye, Alan",Individual,Graduate Degree,Skilled Manual
9785,20784,"Walker, Eduardo","Walker, Eduardo",Individual,Graduate Degree,Skilled Manual
9788,20787,"Pal, Bridget","Pal, Bridget",Individual,Graduate Degree,Skilled Manual
9789,20788,"Gonzalez, Sara","Gonzalez, Sara",Individual,Graduate Degree,Skilled Manual
9790,20789,"Williams, Miguel","Williams, Miguel",Individual,Graduate Degree,Skilled Manual
9791,20790,"Harrison, Kayla","Harrison, Kayla",Individual,Graduate Degree,Skilled Manual
9792,20791,"Patterson, Ryan","Patterson, Ryan",Individual,Graduate Degree,Skilled Manual
9799,20798,"Munoz, Mathew","Munoz, Mathew",Individual,Bachelors,Manual
9800,20799,"Raje, Peter","Raje, Peter",Individual,Graduate Degree,Clerical
9806,20805,"Williams, Brandon","Williams, Brandon",Individual,Partial College,Manual
9809,20808,"Jai, Julie","Jai, Julie",Individual,Partial College,Manual
9829,20828,"Shan, Jaclyn","Shan, Jaclyn",Individual,Graduate Degree,Clerical
9830,20829,"Diaz, Andy","Diaz, Andy",Individual,Graduate Degree,Clerical
9831,20830,"Martinez, Whitney","Martinez, Whitney",Individual,Graduate Degree,Clerical
9832,20831,"Xu, Drew","Xu, Drew",Individual,Graduate Degree,Clerical
9834,20833,"Sai, Douglas","Sai, Douglas",Individual,Partial College,Manual
9836,20835,"Gutierrez, Ruben","Gutierrez, Ruben",Individual,Partial College,Manual
9837,20836,"Chandra, Stanley","Chandra, Stanley",Individual,Partial College,Manual
9842,20841,"Alonso, Jésus","Alonso, Jésus",Individual,Graduate Degree,Clerical
9843,20842,"Moreno, Tyrone","Moreno, Tyrone",Individual,Bachelors,Clerical
9844,20843,"Shan, Jose","Shan, Jose",Individual,Bachelors,Clerical
9846,20845,"Malhotra, Barry","Malhotra, Barry",Individual,Bachelors,Clerical
9848,20847,"Young, Kyle","Young, Kyle",Individual,Bachelors,Clerical
9855,20854,"Raji, Kara","Raji, Kara",Individual,High School,Manual
9861,20860,"Lopez, Preston","Lopez, Preston",Individual,Graduate Degree,Clerical
9862,20861,"Nara, Nicolas","Nara, Nicolas",Individual,Graduate Degree,Clerical
9866,20865,"Ross, Luis","Ross, Luis",Individual,Partial College,Manual
9871,20870,"Moreno, Jaime","Moreno, Jaime (20870)",Individual,High School,Manual
9872,20871,"Arthur, Adriana","Arthur, Adriana",Individual,High School,Manual
9874,20873,"Subram, Joel","Subram, Joel",Individual,Partial College,Manual
9875,20874,"Lal, Edwin","Lal, Edwin",Individual,Partial College,Manual
9877,20876,"Alexander, Jackson","Alexander, Jackson",Individual,Bachelors,Clerical
9894,20893,"Hall, Robert","Hall, Robert",Individual,Bachelors,Clerical
9897,20896,"Sai, Arthur","Sai, Arthur",Individual,Bachelors,Skilled Manual
9899,20898,"Ferrier, Grant","Ferrier, Grant",Individual,Bachelors,Skilled Manual
9904,20903,"Diaz, Robyn","Diaz, Robyn",Individual,Bachelors,Skilled Manual
9909,20908,"Foster, Wyatt","Foster, Wyatt",Individual,Partial High School,Manual
9913,20912,"Hu, Christy","Hu, Christy",Individual,Bachelors,Professional
9914,20913,"Liu, Wesley","Liu, Wesley",Individual,Partial College,Clerical
9915,20914,"Zeng, Gilbert","Zeng, Gilbert",Individual,Partial College,Clerical
9917,20916,"Carlson, Kathleen","Carlson, Kathleen",Individual,Partial College,Clerical
9924,20923,"Powell, Isabella","Powell, Isabella",Individual,Bachelors,Skilled Manual
9925,20924,"Sanz, Alberto","Sanz, Alberto",Individual,High School,Manual
9928,20927,"Martinez, Tammy","Martinez, Tammy",Individual,High School,Manual
9929,20928,"Kapoor, Raymond","Kapoor, Raymond",Individual,Partial College,Clerical
9931,20930,"Chande, Drew","Chande, Drew",Individual,Bachelors,Skilled Manual
9938,20937,"Williams, Natalie","Williams, Natalie",Individual,Partial College,Clerical
9940,20939,"Johnson, Joshua","Johnson, Joshua",Individual,High School,Manual
9946,20945,"Tang, Roger","Tang, Roger",Individual,Partial College,Clerical
9947,20946,"Chandra, Abby","Chandra, Abby",Individual,Partial College,Clerical
9959,20958,"Alonso, Gerald","Alonso, Gerald",Individual,Partial College,Clerical
9968,20967,"Rowe, Casey","Rowe, Casey",Individual,Partial College,Manual
9971,20970,"Richardson, Isaiah","Richardson, Isaiah",Individual,Partial College,Manual
9979,20978,"Srini, Bruce","Srini, Bruce",Individual,Partial College,Manual
9980,20979,"Jimenez, Diane","Jimenez, Diane",Individual,Partial College,Manual
9981,20980,"Miller, Matthew","Miller, Matthew",Individual,Bachelors,Clerical
9982,20981,"Romero, Craig","Romero, Craig",Individual,Partial College,Manual
10007,21006,"Young, Sydney","Young, Sydney",Individual,Partial College,Manual
10008,21007,"Ma, Nuan","Ma, Nuan",Individual,Partial College,Manual
10009,21008,"Carlson, Melody","Carlson, Melody",Individual,Partial College,Manual
10010,21009,"Sandberg, Clinton","Sandberg, Clinton",Individual,Partial College,Manual
10011,21010,"Navarro, Ruben","Navarro, Ruben",Individual,Partial College,Manual
10016,21015,"Hernandez, Diane","Hernandez, Diane",Individual,Graduate Degree,Clerical
10017,21016,"Kapoor, Michele","Kapoor, Michele",Individual,Graduate Degree,Clerical
10030,21029,"Martin, Kristi","Martin, Kristi",Individual,High School,Manual
10033,21032,"Shan, Brendan","Shan, Brendan",Individual,Partial College,Manual
10036,21035,"Sanchez, Roy","Sanchez, Roy",Individual,Bachelors,Clerical
10038,21037,"Arun, Bruce","Arun, Bruce",Individual,Graduate Degree,Clerical
10043,21042,"Liang, Jon","Liang, Jon",Individual,Partial College,Manual
10044,21043,"McDonald, Johnathan","McDonald, Johnathan",Individual,High School,Manual
10048,21047,"Andersen, Sheena","Andersen, Sheena",Individual,Partial College,Manual
10052,21051,"Alonso, Sabrina","Alonso, Sabrina",Individual,Bachelors,Clerical
10053,21052,"Xu, Sheena","Xu, Sheena",Individual,Bachelors,Clerical
10056,21055,"Carlson, Kristi","Carlson, Kristi",Individual,Graduate Degree,Clerical
10058,21057,"Butler, Elizabeth","Butler, Elizabeth",Individual,Bachelors,Skilled Manual
10066,21065,"Thompson, Robert","Thompson, Robert",Individual,Bachelors,Clerical
10074,21073,"Kelly, Catherine","Kelly, Catherine",Individual,High School,Manual
10076,21075,"Rana, Manuel","Rana, Manuel",Individual,Bachelors,Skilled Manual
10077,21076,"Nath, Terrence","Nath, Terrence",Individual,Partial High School,Manual
10083,21082,"Edwards, Jason","Edwards, Jason",Individual,Partial College,Manual
10086,21085,"Vazquez, Leslie","Vazquez, Leslie",Individual,Partial College,Manual
10087,21086,"Bell, Katelyn","Bell, Katelyn",Individual,Partial College,Manual
10088,21087,"Scott, Rebecca","Scott, Rebecca",Individual,Bachelors,Professional
10092,21091,"Jenkins, Ashley","Jenkins, Ashley",Individual,Partial College,Clerical
10097,21096,"Lin, Jon","Lin, Jon",Individual,Partial College,Clerical
10098,21097,"Ruiz, Gary","Ruiz, Gary",Individual,High School,Manual
10101,21100,"Zhang, Sandra","Zhang, Sandra",Individual,Partial College,Clerical
10103,21102,"Zheng, Willie","Zheng, Willie",Individual,Bachelors,Skilled Manual
10108,21107,"Rodriguez, Kaitlin","Rodriguez, Kaitlin",Individual,Bachelors,Skilled Manual
10109,21108,"Martin, Kristine","Martin, Kristine",Individual,Bachelors,Skilled Manual
10110,21109,"Pal, Katie","Pal, Katie",Individual,Partial College,Clerical
10115,21114,"Murphy, Savannah","Murphy, Savannah",Individual,Partial College,Clerical
10116,21115,"Raman, Bobby","Raman, Bobby",Individual,Partial College,Clerical
10121,21120,"Chen, Roger","Chen, Roger",Individual,Partial College,Clerical
10129,21128,"Andersen, Kenneth","Andersen, Kenneth",Individual,Partial College,Clerical
10130,21129,"Wang, Rafael","Wang, Rafael",Individual,Partial College,Clerical
10132,21131,"Nath, Gilbert","Nath, Gilbert",Individual,Partial High School,Manual
10140,21139,"Adams, Alex","Adams, Alex",Individual,Partial College,Skilled Manual
10141,21140,"Diaz, Byron","Diaz, Byron",Individual,High School,Skilled Manual
10142,21141,"Li, Omar","Li, Omar",Individual,High School,Skilled Manual
10143,21142,"Brooks, Mason","Brooks, Mason",Individual,High School,Skilled Manual
10144,21143,"Campbell, Allison","Campbell, Allison",Individual,Partial College,Skilled Manual
10145,21144,"Richardson, Lucas","Richardson, Lucas",Individual,Partial College,Skilled Manual
10146,21145,"Lal, Mindy","Lal, Mindy",Individual,Bachelors,Professional
10147,21146,"Taylor, Robert","Taylor, Robert",Individual,Partial College,Skilled Manual
10148,21147,"Rogers, Angel","Rogers, Angel",Individual,Partial College,Skilled Manual
10150,21149,"Diaz, Miguel","Diaz, Miguel",Individual,Partial College,Skilled Manual
10151,21150,"Ramirez, Alyssa","Ramirez, Alyssa",Individual,Graduate Degree,Professional
10152,21151,"Campbell, Aaron","Campbell, Aaron",Individual,Graduate Degree,Professional
10153,21152,"Hill, Amanda","Hill, Amanda",Individual,Graduate Degree,Professional
10154,21153,"Thompson, James","Thompson, James",Individual,Graduate Degree,Professional
10155,21154,"Clark, Michael","Clark, Michael",Individual,Graduate Degree,Professional
10156,21155,"Flores, Jeremiah","Flores, Jeremiah",Individual,Partial College,Skilled Manual
10157,21156,"Lopez, Maria","Lopez, Maria",Individual,Partial College,Skilled Manual
10158,21157,"Perry, Robert","Perry, Robert",Individual,Bachelors,Professional
10159,21158,"Patterson, Trevor","Patterson, Trevor",Individual,Bachelors,Professional
10164,21163,"Williams, William","Williams, William",Individual,Graduate Degree,Professional
10165,21164,"Raman, Troy","Raman, Troy",Individual,Graduate Degree,Professional
10234,21233,"Smith, Christopher","Smith, Christopher",Individual,High School,Skilled Manual
10235,21234,"Rivera, Brianna","Rivera, Brianna",Individual,High School,Skilled Manual
10236,21235,"Hernandez, Stephanie","Hernandez, Stephanie",Individual,High School,Skilled Manual
10237,21236,"Peterson, Adrian","Peterson, Adrian",Individual,High School,Skilled Manual
10238,21237,"Washington, Luke","Washington, Luke",Individual,High School,Skilled Manual
10241,21240,"Jenkins, Aaron","Jenkins, Aaron",Individual,Partial High School,Clerical
10242,21241,"Griffin, Carson","Griffin, Carson",Individual,Partial High School,Clerical
10243,21242,"Patterson, Morgan","Patterson, Morgan",Individual,Partial High School,Clerical
10244,21243,"Bailey, Juan","Bailey, Juan",Individual,High School,Skilled Manual
10245,21244,"Torres, Allison","Torres, Allison",Individual,High School,Skilled Manual
10246,21245,"Rodriguez, Samantha","Rodriguez, Samantha",Individual,High School,Skilled Manual
10247,21246,"Nelson, Samuel","Nelson, Samuel",Individual,High School,Skilled Manual
10248,21247,"Sanders, Alex","Sanders, Alex",Individual,High School,Skilled Manual
10251,21250,"Coleman, Fernando","Coleman, Fernando",Individual,High School,Skilled Manual
10254,21253,"Williams, Victoria","Williams, Victoria",Individual,High School,Skilled Manual
10261,21260,"Howard, Ariana","Howard, Ariana",Individual,High School,Skilled Manual
10262,21261,"Kelly, Jessica","Kelly, Jessica",Individual,Partial College,Skilled Manual
10263,21262,"Edwards, Sara","Edwards, Sara",Individual,Partial College,Skilled Manual
10265,21264,"Butler, Caleb","Butler, Caleb",Individual,Partial College,Skilled Manual
10266,21265,"Stone, Richard","Stone, Richard",Individual,Partial College,Skilled Manual
10268,21267,"Parker, Charles","Parker, Charles",Individual,Bachelors,Management
10269,21268,"Lewis, Elizabeth","Lewis, Elizabeth",Individual,Bachelors,Management
10270,21269,"Clark, Blake","Clark, Blake",Individual,Bachelors,Management
10271,21270,"Jackson, Daniel","Jackson, Daniel",Individual,Graduate Degree,Management
10272,21271,"Wang, Thomas","Wang, Thomas",Individual,Bachelors,Management
10274,21273,"Thomas, Jennifer","Thomas, Jennifer",Individual,Bachelors,Management
10275,21274,"Scott, Seth","Scott, Seth",Individual,Partial College,Skilled Manual
10276,21275,"Cox, Abigail","Cox, Abigail",Individual,Partial College,Skilled Manual
10279,21278,"King, Julia","King, Julia",Individual,Partial High School,Clerical
10281,21280,"Walker, Justin","Walker, Justin",Individual,Partial College,Skilled Manual
10282,21281,"Hill, Andrea","Hill, Andrea",Individual,Partial College,Skilled Manual
10283,21282,"Smith, Julia","Smith, Julia",Individual,Partial College,Skilled Manual
10286,21285,"Rivera, Mackenzie","Rivera, Mackenzie",Individual,Partial College,Professional
10287,21286,"Roy, Luke","Roy, Luke",Individual,Partial College,Professional
10288,21287,"Jimenez, Kendra","Jimenez, Kendra",Individual,Bachelors,Management
10289,21288,"Hall, Hunter","Hall, Hunter",Individual,Bachelors,Management
10290,21289,"Wang, Warren","Wang, Warren",Individual,Partial College,Professional
10291,21290,"Torres, Angel","Torres, Angel",Individual,Partial College,Professional
10292,21291,"Morris, Rachel","Morris, Rachel",Individual,Partial College,Professional
10293,21292,"Martinez, Austin","Martinez, Austin",Individual,Partial College,Professional
10294,21293,"Garcia, Ashley","Garcia, Ashley",Individual,Partial College,Professional
10295,21294,"Foster, David","Foster, David",Individual,Bachelors,Management
10297,21296,"Hall, Luis","Hall, Luis",Individual,Partial College,Professional
10298,21297,"Murphy, Melanie","Murphy, Melanie",Individual,High School,Professional
10299,21298,"Collins, Noah","Collins, Noah",Individual,High School,Professional
10300,21299,"Gonzales, Hannah","Gonzales, Hannah",Individual,High School,Professional
10301,21300,"Morgan, Kaylee","Morgan, Kaylee",Individual,Bachelors,Management
10302,21301,"Gonzalez, Sierra","Gonzalez, Sierra",Individual,Partial High School,Skilled Manual
10303,21302,"Foster, Logan","Foster, Logan",Individual,Partial High School,Skilled Manual
10304,21303,"Jenkins, Sydney","Jenkins, Sydney",Individual,High School,Professional
10305,21304,"Cooper, Jada","Cooper, Jada",Individual,High School,Professional
10308,21307,"Jones, Olivia","Jones, Olivia",Individual,High School,Professional
10310,21309,"Anderson, Julia","Anderson, Julia",Individual,Partial College,Professional
10311,21310,"Hayes, Mariah","Hayes, Mariah",Individual,High School,Professional
10313,21312,"Scott, Connor","Scott, Connor",Individual,Graduate Degree,Management
10314,21313,"Diaz, Beth","Diaz, Beth",Individual,Graduate Degree,Management
10315,21314,"Patterson, Devin","Patterson, Devin",Individual,Graduate Degree,Management
10316,21315,"Sanz, Audrey","Sanz, Audrey",Individual,Graduate Degree,Management
10317,21316,"Thompson, John","Thompson, John",Individual,Graduate Degree,Management
10318,21317,"Rivera, Lauren","Rivera, Lauren",Individual,Graduate Degree,Management
10320,21319,"Lee, Zachary","Lee, Zachary",Individual,High School,Professional
10321,21320,"Coleman, Hannah","Coleman, Hannah",Individual,High School,Professional
10322,21321,"Jai, Jon","Jai, Jon",Individual,High School,Professional
10323,21322,"Ramirez, Carlos","Ramirez, Carlos",Individual,High School,Professional
10324,21323,"Jackson, Robert","Jackson, Robert",Individual,Partial College,Professional
10325,21324,"Baker, Chloe","Baker, Chloe",Individual,Partial College,Professional
10326,21325,"Hayes, Angela","Hayes, Angela",Individual,High School,Professional
10327,21326,"Green, Andrea","Green, Andrea",Individual,Partial College,Professional
10328,21327,"Washington, Connor","Washington, Connor",Individual,Bachelors,Management
10329,21328,"Nelson, Xavier","Nelson, Xavier",Individual,Partial High School,Skilled Manual
10330,21329,"Brown, Wyatt","Brown, Wyatt",Individual,Partial High School,Skilled Manual
10331,21330,"Clark, Isabella","Clark, Isabella",Individual,Partial High School,Skilled Manual
10334,21333,"Allen, Mackenzie","Allen, Mackenzie",Individual,Graduate Degree,Management
10335,21334,"Nelson, Mason","Nelson, Mason",Individual,Graduate Degree,Management
10336,21335,"Coleman, Ana","Coleman, Ana",Individual,Graduate Degree,Management
10338,21337,"Smith, Jennifer","Smith, Jennifer",Individual,Partial College,Professional
10339,21338,"Price, Victoria","Price, Victoria",Individual,Partial College,Professional
10341,21340,"Wang, Adam","Wang, Adam",Individual,Graduate Degree,Management
10342,21341,"Liu, Louis","Liu, Louis",Individual,Graduate Degree,Management
10343,21342,"Xie, Tonya","Xie, Tonya",Individual,Graduate Degree,Management
10344,21343,"Zeng, Colin","Zeng, Colin",Individual,Graduate Degree,Management
10345,21344,"Perry, Trevor","Perry, Trevor",Individual,Graduate Degree,Management
10347,21346,"Rodriguez, Christian","Rodriguez, Christian",Individual,Graduate Degree,Management
10351,21350,"Sharma, Mindy","Sharma, Mindy",Individual,Graduate Degree,Management
10352,21351,"Coleman, James","Coleman, James",Individual,Graduate Degree,Management
10354,21353,"Wu, Karen","Wu, Karen",Individual,Bachelors,Management
10356,21355,"Diaz, Mya","Diaz, Mya",Individual,Graduate Degree,Management
10357,21356,"Evans, Gabriella","Evans, Gabriella",Individual,Graduate Degree,Management
10358,21357,"Nelson, Jada","Nelson, Jada",Individual,Graduate Degree,Management
10359,21358,"Reed, Cody","Reed, Cody",Individual,Graduate Degree,Management
10369,21368,"Collins, Mason","Collins, Mason",Individual,Partial College,Skilled Manual
10370,21369,"Rodriguez, Sarah","Rodriguez, Sarah",Individual,Partial College,Skilled Manual
10386,21385,"Peterson, Nicole","Peterson, Nicole",Individual,Partial College,Skilled Manual
10387,21386,"Wood, Abigail","Wood, Abigail",Individual,Partial College,Skilled Manual
10389,21388,"Lee, Nicole","Lee, Nicole",Individual,Bachelors,Management
10396,21395,"Hughes, Alexia","Hughes, Alexia",Individual,Partial College,Skilled Manual
10397,21396,"Martinez, Megan","Martinez, Megan",Individual,Partial College,Skilled Manual
10398,21397,"Howard, Mason","Howard, Mason",Individual,High School,Skilled Manual
10399,21398,"Diaz, Ethan","Diaz, Ethan",Individual,Partial College,Skilled Manual
10400,21399,"Hughes, Ian","Hughes, Ian",Individual,Partial College,Skilled Manual
10402,21401,"Powell, Eric","Powell, Eric",Individual,Partial College,Professional
10411,21410,"Zhang, Eric","Zhang, Eric",Individual,Partial College,Professional
10412,21411,"Kelly, Maria","Kelly, Maria",Individual,Partial College,Professional
10414,21413,"Robinson, Dalton","Robinson, Dalton",Individual,Partial College,Professional
10415,21414,"Butler, Aaron","Butler, Aaron",Individual,Partial College,Professional
10416,21415,"Sanchez, Sydney","Sanchez, Sydney",Individual,Partial College,Professional
10417,21416,"Butler, Ryan","Butler, Ryan",Individual,Partial College,Professional
10418,21417,"Torres, Gabrielle","Torres, Gabrielle",Individual,Partial College,Professional
10420,21419,"Ma, Gilbert","Ma, Gilbert",Individual,Bachelors,Management
10421,21420,"Carter, Isabella","Carter, Isabella",Individual,Partial High School,Skilled Manual
10422,21421,"Ross, Ashley","Ross, Ashley",Individual,High School,Professional
10423,21422,"Wood, Karen","Wood, Karen",Individual,Bachelors,Management
10425,21424,"Alexander, Emily","Alexander, Emily",Individual,High School,Professional
10426,21425,"Hall, Carlos","Hall, Carlos",Individual,High School,Professional
10427,21426,"Raje, Jon","Raje, Jon",Individual,High School,Professional
10428,21427,"Foster, Kelly","Foster, Kelly",Individual,Partial College,Professional
10429,21428,"Brooks, Jada","Brooks, Jada",Individual,Partial College,Professional
10430,21429,"Sandberg, Isabella","Sandberg, Isabella",Individual,Partial College,Professional
10431,21430,"Morgan, Savannah","Morgan, Savannah",Individual,Graduate Degree,Management
10433,21432,"Ward, Melanie","Ward, Melanie",Individual,Bachelors,Management
10434,21433,"Martinez, Gerald","Martinez, Gerald",Individual,Bachelors,Management
10435,21434,"Smith, Isabella","Smith, Isabella",Individual,Graduate Degree,Management
10436,21435,"Alexander, Connor","Alexander, Connor",Individual,Bachelors,Management
10437,21436,"Serrano, Brandi","Serrano, Brandi",Individual,Bachelors,Professional
10438,21437,"Sara, Whitney","Sara, Whitney",Individual,Bachelors,Professional
10439,21438,"Price, Edward","Price, Edward",Individual,Bachelors,Professional
10440,21439,"Clark, Thomas","Clark, Thomas",Individual,Bachelors,Professional
10441,21440,"Morgan, Ian","Morgan, Ian",Individual,Bachelors,Professional
10443,21442,"Cook, Savannah","Cook, Savannah",Individual,Bachelors,Management
10444,21443,"Morgan, Zoe","Morgan, Zoe",Individual,Bachelors,Management
10445,21444,"Lopez, Blake","Lopez, Blake",Individual,Bachelors,Management
10446,21445,"Evans, Madeline","Evans, Madeline",Individual,Graduate Degree,Management
10449,21448,"Nelson, Jenna","Nelson, Jenna",Individual,Bachelors,Management
10450,21449,"Raheem, Devon","Raheem, Devon",Individual,Bachelors,Management
10452,21451,"Ross, Jocelyn","Ross, Jocelyn",Individual,High School,Professional
10453,21452,"Bailey, Seth","Bailey, Seth",Individual,High School,Professional
10455,21454,"Goldstein, Alvin","Goldstein, Alvin",Individual,Bachelors,Management
10456,21455,"Shan, Samuel","Shan, Samuel",Individual,High School,Professional
10457,21456,"Gonzales, Dalton","Gonzales, Dalton",Individual,High School,Professional
10458,21457,"Serrano, Jamie","Serrano, Jamie",Individual,High School,Professional
10459,21458,"Price, Carson","Price, Carson",Individual,High School,Professional
10460,21459,"Alexander, Luis","Alexander, Luis",Individual,Bachelors,Management
10461,21460,"Carter, Jack","Carter, Jack",Individual,Bachelors,Management
10463,21462,"Nelson, Katelyn","Nelson, Katelyn",Individual,Bachelors,Management
10464,21463,"Roberts, Logan","Roberts, Logan",Individual,Bachelors,Management
10466,21465,"Shan, Austin","Shan, Austin",Individual,Bachelors,Management
10467,21466,"Jones, Austin","Jones, Austin",Individual,Bachelors,Management
10468,21467,"Harris, David","Harris, David",Individual,Bachelors,Management
10469,21468,"Yang, Ethan","Yang, Ethan",Individual,Bachelors,Management
10470,21469,"Bell, Caitlin","Bell, Caitlin",Individual,Partial College,Professional
10471,21470,"Jenkins, Stephanie","Jenkins, Stephanie",Individual,Partial College,Professional
10473,21472,"Ward, Patrick","Ward, Patrick",Individual,Partial College,Professional
10474,21473,"Rubio, Stacy","Rubio, Stacy",Individual,High School,Professional
10475,21474,"Gray, Lucas","Gray, Lucas",Individual,Partial College,Professional
10476,21475,"Alexander, Cassidy","Alexander, Cassidy",Individual,Bachelors,Management
10477,21476,"Jenkins, Hunter","Jenkins, Hunter",Individual,Bachelors,Management
10478,21477,"Watson, Katelyn","Watson, Katelyn",Individual,Bachelors,Management
10479,21478,"Reed, Abigail","Reed, Abigail",Individual,Bachelors,Management
10480,21479,"Foster, Noah","Foster, Noah",Individual,Bachelors,Management
10482,21481,"Diaz, Jose","Diaz, Jose",Individual,Partial College,Professional
10492,21491,"Lewis, Joseph","Lewis, Joseph",Individual,Partial College,Professional
10493,21492,"Jai, Robert","Jai, Robert",Individual,Partial College,Professional
10494,21493,"Coleman, Carson","Coleman, Carson",Individual,Bachelors,Management
10496,21495,"Hughes, James","Hughes, James",Individual,High School,Professional
10497,21496,"Rai, Nichole","Rai, Nichole",Individual,Partial College,Professional
10498,21497,"Cox, Patrick","Cox, Patrick",Individual,Partial College,Professional
10499,21498,"Wilson, Cameron","Wilson, Cameron",Individual,Partial College,Professional
10500,21499,"Ramirez, Bailey","Ramirez, Bailey",Individual,Partial College,Professional
10501,21500,"Long, Devin","Long, Devin",Individual,Partial High School,Skilled Manual
10503,21502,"Clark, Morgan","Clark, Morgan",Individual,High School,Professional
10504,21503,"Long, Melanie","Long, Melanie",Individual,High School,Professional
10505,21504,"Torres, Chloe","Torres, Chloe",Individual,High School,Professional
10507,21506,"Gutierrez, Randall","Gutierrez, Randall",Individual,Partial College,Professional
10511,21510,"Perry, Carol","Perry, Carol",Individual,Partial College,Professional
10515,21514,"Zhu, Krystal","Zhu, Krystal",Individual,Bachelors,Management
10520,21519,"Becker, Franklin","Becker, Franklin",Individual,Bachelors,Management
10524,21523,"Green, Timothy","Green, Timothy",Individual,Bachelors,Management
10527,21526,"Munoz, Jonathon","Munoz, Jonathon",Individual,Partial College,Professional
10529,21528,"Moreno, Jay","Moreno, Jay",Individual,Partial College,Professional
10533,21532,"Turner, Sierra","Turner, Sierra",Individual,Bachelors,Management
10537,21536,"Rubio, Billy","Rubio, Billy",Individual,High School,Professional
10538,21537,"Navarro, Gloria","Navarro, Gloria",Individual,High School,Professional
10547,21546,"Garcia, Cory","Garcia, Cory",Individual,Partial High School,Skilled Manual
10550,21549,"Ruiz, Jerome","Ruiz, Jerome",Individual,High School,Management
10551,21550,"Deng, Kara","Deng, Kara",Individual,High School,Management
10575,21574,"Lewis, Fernando","Lewis, Fernando",Individual,Partial College,Professional
10576,21575,"Foster, Justin","Foster, Justin",Individual,Partial College,Professional
10577,21576,"Gonzales, Benjamin","Gonzales, Benjamin",Individual,Partial College,Professional
10579,21578,"Green, Jordan","Green, Jordan (21578)",Individual,Graduate Degree,Management
10580,21579,"Jackson, Wyatt","Jackson, Wyatt",Individual,Graduate Degree,Management
10584,21583,"Lal, Jaclyn","Lal, Jaclyn",Individual,Bachelors,Skilled Manual
10585,21584,"Bryant, Gavin","Bryant, Gavin",Individual,Bachelors,Skilled Manual
10586,21585,"Gray, Trinity","Gray, Trinity",Individual,Bachelors,Skilled Manual
10587,21586,"Foster, Stephanie","Foster, Stephanie",Individual,Graduate Degree,Skilled Manual
10588,21587,"Roberts, Jenna","Roberts, Jenna",Individual,Graduate Degree,Skilled Manual
10589,21588,"Martin, Theodore","Martin, Theodore",Individual,Graduate Degree,Skilled Manual
10591,21590,"Gonzales, Taylor","Gonzales, Taylor",Individual,Bachelors,Skilled Manual
10592,21591,"Goel, Clayton","Goel, Clayton",Individual,Bachelors,Skilled Manual
10593,21592,"Reed, Christina","Reed, Christina",Individual,Bachelors,Skilled Manual
10594,21593,"Roberts, Marcus","Roberts, Marcus",Individual,Bachelors,Skilled Manual
10595,21594,"Moore, Brianna","Moore, Brianna",Individual,Bachelors,Skilled Manual
10597,21596,"Wright, Luke","Wright, Luke",Individual,Graduate Degree,Professional
10598,21597,"Jones, Jose","Jones, Jose",Individual,Graduate Degree,Professional
10599,21598,"Perez, Chloe","Perez, Chloe",Individual,Graduate Degree,Professional
10600,21599,"Lopez, Sara","Lopez, Sara",Individual,Graduate Degree,Professional
10601,21600,"Bell, Alexa","Bell, Alexa",Individual,Bachelors,Skilled Manual
10602,21601,"Bell, Jacqueline","Bell, Jacqueline",Individual,Bachelors,Skilled Manual
10603,21602,"Malhotra, Manuel","Malhotra, Manuel",Individual,Bachelors,Skilled Manual
10604,21603,"Barnes, Seth","Barnes, Seth",Individual,Bachelors,Skilled Manual
10605,21604,"Howard, Melanie","Howard, Melanie",Individual,Bachelors,Professional
10606,21605,"Ye, Brittney","Ye, Brittney",Individual,Graduate Degree,Professional
10607,21606,"Roberts, Connor","Roberts, Connor",Individual,Graduate Degree,Professional
10608,21607,"Torres, Bryce","Torres, Bryce",Individual,Graduate Degree,Professional
10609,21608,"Griffin, David","Griffin, David",Individual,Graduate Degree,Professional
10610,21609,"Blanco, Tabitha","Blanco, Tabitha",Individual,Graduate Degree,Professional
10611,21610,"Edwards, Caleb","Edwards, Caleb",Individual,Graduate Degree,Professional
10612,21611,"Wilson, Ethan","Wilson, Ethan",Individual,Graduate Degree,Professional
10613,21612,"Foster, Spencer","Foster, Spencer",Individual,Bachelors,Professional
10616,21615,"Torres, Grace","Torres, Grace",Individual,Bachelors,Skilled Manual
10617,21616,"Wood, Carson","Wood, Carson",Individual,Graduate Degree,Professional
10618,21617,"Miller, Jennifer","Miller, Jennifer",Individual,Graduate Degree,Professional
10620,21619,"Patterson, Angela","Patterson, Angela",Individual,Graduate Degree,Professional
10624,21623,"Diaz, Connor","Diaz, Connor",Individual,Graduate Degree,Professional
10625,21624,"Price, Faith","Price, Faith",Individual,Graduate Degree,Professional
10626,21625,"Hall, Jennifer","Hall, Jennifer",Individual,Graduate Degree,Professional
10627,21626,"Garcia, Brianna","Garcia, Brianna",Individual,Graduate Degree,Professional
10628,21627,"Roberts, Bailey","Roberts, Bailey",Individual,Graduate Degree,Professional
10629,21628,"Xu, Kelli","Xu, Kelli (21628)",Individual,Bachelors,Professional
10631,21630,"Jenkins, Faith","Jenkins, Faith",Individual,Bachelors,Skilled Manual
10633,21632,"Liang, Jaclyn","Liang, Jaclyn",Individual,Bachelors,Skilled Manual
10634,21633,"Zhang, Cameron","Zhang, Cameron",Individual,Bachelors,Skilled Manual
10635,21634,"Cook, Arianna","Cook, Arianna",Individual,Bachelors,Skilled Manual
10636,21635,"Lewis, Christian","Lewis, Christian",Individual,Bachelors,Skilled Manual
10637,21636,"Rivera, Katherine","Rivera, Katherine",Individual,Bachelors,Skilled Manual
10638,21637,"Lewis, Richard","Lewis, Richard",Individual,Bachelors,Professional
10639,21638,"Harris, Olivia","Harris, Olivia",Individual,Bachelors,Professional
10640,21639,"Wilson, Anthony","Wilson, Anthony",Individual,Bachelors,Skilled Manual
10641,21640,"Cooper, Charles","Cooper, Charles",Individual,Bachelors,Skilled Manual
10642,21641,"Perez, Kaylee","Perez, Kaylee",Individual,Bachelors,Skilled Manual
10644,21643,"Diaz, Wyatt","Diaz, Wyatt",Individual,Bachelors,Skilled Manual
10645,21644,"Howard, Sydney","Howard, Sydney",Individual,Bachelors,Skilled Manual
10646,21645,"Alexander, Spencer","Alexander, Spencer",Individual,Bachelors,Skilled Manual
10647,21646,"Bryant, Luis","Bryant, Luis",Individual,Bachelors,Professional
10648,21647,"Brown, Blake","Brown, Blake",Individual,Bachelors,Professional
10649,21648,"Sun, Ronnie","Sun, Ronnie",Individual,Bachelors,Professional
10650,21649,"Nara, Keith","Nara, Keith",Individual,Bachelors,Professional
10651,21650,"Zeng, Cedric","Zeng, Cedric",Individual,Bachelors,Professional
10652,21651,"Cooper, Sean","Cooper, Sean",Individual,Bachelors,Professional
10654,21653,"Anderson, Jose","Anderson, Jose",Individual,Bachelors,Professional
10655,21654,"Barnes, Aidan","Barnes, Aidan",Individual,Bachelors,Professional
10658,21657,"Green, Sara","Green, Sara",Individual,Bachelors,Professional
10661,21660,"Watson, Allison","Watson, Allison",Individual,Graduate Degree,Professional
10662,21661,"Champion, Terry","Champion, Terry",Individual,High School,Manual
10664,21663,"Goel, Kenneth","Goel, Kenneth",Individual,Partial High School,Manual
10667,21666,"Jimenez, Leslie","Jimenez, Leslie",Individual,Bachelors,Skilled Manual
10668,21667,"Zhang, Crystal","Zhang, Crystal",Individual,Bachelors,Skilled Manual
10673,21672,"Gomez, Craig","Gomez, Craig",Individual,High School,Manual
10675,21674,"Morris, Jada","Morris, Jada",Individual,Partial High School,Manual
10681,21680,"Torres, Ricky","Torres, Ricky",Individual,High School,Manual
10682,21681,"Ortega, Casey","Ortega, Casey",Individual,Partial College,Clerical
10686,21685,"Green, Bailey","Green, Bailey",Individual,Partial College,Clerical
10687,21686,"Ortega, Albert","Ortega, Albert",Individual,Partial College,Clerical
10688,21687,"Brown, Sarah","Brown, Sarah",Individual,Graduate Degree,Skilled Manual
10689,21688,"Morris, Jesse","Morris, Jesse",Individual,Graduate Degree,Skilled Manual
10690,21689,"Simmons, Olivia","Simmons, Olivia",Individual,Graduate Degree,Skilled Manual
10693,21692,"Ward, Savannah","Ward, Savannah",Individual,Graduate Degree,Skilled Manual
10694,21693,"Ashe, Alyssa","Ashe, Alyssa",Individual,Graduate Degree,Skilled Manual
10695,21694,"Sai, Bobby","Sai, Bobby",Individual,Graduate Degree,Skilled Manual
10696,21695,"Rodriguez, Ethan","Rodriguez, Ethan",Individual,Graduate Degree,Skilled Manual
10697,21696,"Watson, Gabrielle","Watson, Gabrielle",Individual,High School,Manual
10698,21697,"Powell, Dalton","Powell, Dalton",Individual,High School,Manual
10699,21698,"She, Tracy","She, Tracy",Individual,High School,Manual
10700,21699,"Sharma, Logan","Sharma, Logan",Individual,Partial College,Clerical
10701,21700,"Ramirez, Juan","Ramirez, Juan",Individual,Partial College,Clerical
10702,21701,"Sanders, Abigail","Sanders, Abigail",Individual,High School,Clerical
10705,21704,"Martinez, Charles","Martinez, Charles",Individual,Partial College,Clerical
10706,21705,"Sharma, Warren","Sharma, Warren",Individual,High School,Skilled Manual
10707,21706,"Murphy, Haley","Murphy, Haley",Individual,High School,Skilled Manual
10708,21707,"Simmons, Cassidy","Simmons, Cassidy",Individual,High School,Skilled Manual
10709,21708,"Brooks, Andrea","Brooks, Andrea",Individual,Partial College,Clerical
10710,21709,"Torres, Katherine","Torres, Katherine",Individual,Partial College,Clerical
10712,21711,"Gray, Hailey","Gray, Hailey",Individual,Partial College,Clerical
10715,21714,"Patel, Carmen","Patel, Carmen",Individual,Graduate Degree,Skilled Manual
10716,21715,"Ross, Jonathan","Ross, Jonathan",Individual,Graduate Degree,Skilled Manual
10717,21716,"Sara, Gerald","Sara, Gerald",Individual,Graduate Degree,Skilled Manual
10718,21717,"King, Angel","King, Angel",Individual,Partial College,Clerical
10719,21718,"Roberts, Devin","Roberts, Devin",Individual,Graduate Degree,Skilled Manual
10720,21719,"Torres, Morgan","Torres, Morgan",Individual,Graduate Degree,Skilled Manual
10721,21720,"Jai, Raul","Jai, Raul",Individual,Graduate Degree,Skilled Manual
10722,21721,"Campbell, Sara","Campbell, Sara",Individual,Graduate Degree,Skilled Manual
10723,21722,"Wood, Spencer","Wood, Spencer",Individual,Graduate Degree,Skilled Manual
10724,21723,"Huang, Tiffany","Huang, Tiffany",Individual,Graduate Degree,Skilled Manual
10725,21724,"Yang, Mandy","Yang, Mandy",Individual,Graduate Degree,Skilled Manual
10729,21728,"Harris, Madison","Harris, Madison",Individual,Graduate Degree,Skilled Manual
10730,21729,"Morgan, Alexandria","Morgan, Alexandria",Individual,Graduate Degree,Skilled Manual
10731,21730,"Campbell, Noah","Campbell, Noah",Individual,Graduate Degree,Skilled Manual
10732,21731,"Diaz, Alexandra","Diaz, Alexandra",Individual,Graduate Degree,Skilled Manual
10734,21733,"Simmons, Ian","Simmons, Ian",Individual,Graduate Degree,Skilled Manual
10735,21734,"Garcia, Grace","Garcia, Grace",Individual,Graduate Degree,Skilled Manual
10744,21743,"Rubio, Theresa","Rubio, Theresa",Individual,Bachelors,Management
10745,21744,"Perry, Emma","Perry, Emma",Individual,Bachelors,Management
10747,21746,"Hernandez, Xavier","Hernandez, Xavier",Individual,High School,Skilled Manual
10748,21747,"Munoz, Derrick","Munoz, Derrick",Individual,Bachelors,Professional
10749,21748,"Harris, Wyatt","Harris, Wyatt",Individual,Bachelors,Professional
10750,21749,"Williams, Ashley","Williams, Ashley",Individual,Bachelors,Management
10751,21750,"Reed, Carlos","Reed, Carlos",Individual,Graduate Degree,Management
10752,21751,"Jackson, Logan","Jackson, Logan",Individual,Graduate Degree,Management
10754,21753,"Robinson, Morgan","Robinson, Morgan",Individual,Bachelors,Management
10755,21754,"Lopez, Kaitlyn","Lopez, Kaitlyn",Individual,Bachelors,Management
10756,21755,"White, Lucas","White, Lucas",Individual,Bachelors,Management
10757,21756,"Carter, Allison","Carter, Allison",Individual,Bachelors,Management
10758,21757,"Wang, Elijah","Wang, Elijah",Individual,Bachelors,Management
10759,21758,"Malhotra, Patricia","Malhotra, Patricia",Individual,High School,Professional
10763,21762,"Hernandez, Andrea","Hernandez, Andrea",Individual,Bachelors,Management
10764,21763,"Brown, Madison","Brown, Madison",Individual,High School,Professional
10766,21765,"Kelly, Nathaniel","Kelly, Nathaniel",Individual,High School,Professional
10767,21766,"Baker, Jesse","Baker, Jesse",Individual,Bachelors,Management
10768,21767,"Ramirez, Mariah","Ramirez, Mariah",Individual,Bachelors,Management
10770,21769,"Rubio, Michele","Rubio, Michele",Individual,Bachelors,Management
10771,21770,"Thomas, Brandon","Thomas, Brandon",Individual,Bachelors,Management
10772,21771,"Shen, Sheena","Shen, Sheena",Individual,Bachelors,Management
10773,21772,"Patterson, Sarah","Patterson, Sarah",Individual,Bachelors,Management
10774,21773,"Rogers, Alyssa","Rogers, Alyssa",Individual,Bachelors,Management
10775,21774,"James, Brian","James, Brian",Individual,Partial College,Professional
10776,21775,"Ramirez, Sean","Ramirez, Sean",Individual,Partial College,Professional
10777,21776,"Thompson, Daniel","Thompson, Daniel",Individual,Partial College,Professional
10779,21778,"Shen, Louis","Shen, Louis",Individual,Partial College,Professional
10780,21779,"Black, Maurice","Black, Maurice",Individual,Partial College,Professional
10781,21780,"Gonzalez, Pedro","Gonzalez, Pedro",Individual,Partial College,Professional
10782,21781,"Rivera, Jared","Rivera, Jared",Individual,Bachelors,Management
10783,21782,"Martin, Blake","Martin, Blake",Individual,High School,Professional
10784,21783,"Goel, Kate","Goel, Kate",Individual,High School,Professional
10785,21784,"Hernandez, Mackenzie","Hernandez, Mackenzie",Individual,Partial College,Professional
10786,21785,"Rodriguez, Tabitha","Rodriguez, Tabitha",Individual,Partial College,Professional
10787,21786,"Bennett, Alexis","Bennett, Alexis",Individual,Bachelors,Management
10788,21787,"Allen, Rebecca","Allen, Rebecca",Individual,Bachelors,Management
10789,21788,"Barnes, Spencer","Barnes, Spencer",Individual,Bachelors,Management
10790,21789,"Griffin, Lauren","Griffin, Lauren",Individual,Bachelors,Management
10791,21790,"Diaz, James","Diaz, James",Individual,Bachelors,Management
10792,21791,"Price, Richard","Price, Richard",Individual,Bachelors,Management
10794,21793,"Scott, Kaylee","Scott, Kaylee",Individual,Partial College,Professional
10795,21794,"James, Alyssa","James, Alyssa",Individual,Partial College,Professional
10796,21795,"Bennett, Tristan","Bennett, Tristan",Individual,Partial College,Professional
10798,21797,"Gao, Kelvin","Gao, Kelvin",Individual,Partial College,Professional
10799,21798,"Sanders, Jade","Sanders, Jade",Individual,Partial College,Professional
10800,21799,"Cook, Angel","Cook, Angel",Individual,Partial College,Professional
10801,21800,"Raman, Heidi","Raman, Heidi",Individual,Partial College,Professional
10802,21801,"Cooper, Kaylee","Cooper, Kaylee",Individual,Partial College,Professional
10803,21802,"Roberts, Lucas","Roberts, Lucas",Individual,Bachelors,Management
10805,21804,"Cook, Brooke","Cook, Brooke",Individual,High School,Professional
10806,21805,"Russell, Lucas","Russell, Lucas",Individual,Partial College,Professional
10807,21806,"Xie, Kelvin","Xie, Kelvin",Individual,Partial College,Professional
10808,21807,"Campbell, Amanda","Campbell, Amanda",Individual,Partial College,Professional
10809,21808,"Green, Amanda","Green, Amanda",Individual,Partial College,Professional
10810,21809,"Thompson, Sydney","Thompson, Sydney",Individual,Partial College,Professional
10811,21810,"Miller, Justin","Miller, Justin",Individual,Partial College,Professional
10812,21811,"Williams, Olivia","Williams, Olivia",Individual,Partial High School,Skilled Manual
10813,21812,"Bailey, Adrian","Bailey, Adrian",Individual,High School,Professional
10815,21814,"Edwards, Noah","Edwards, Noah",Individual,High School,Professional
10817,21816,"Roberts, Jackson","Roberts, Jackson",Individual,Bachelors,Management
10822,21821,"Tang, Clayton","Tang, Clayton",Individual,High School,Professional
10824,21823,"She, Lacey","She, Lacey",Individual,High School,Professional
10826,21825,"Zhou, Randy","Zhou, Randy",Individual,Partial College,Professional
10827,21826,"Russell, Abigail","Russell, Abigail",Individual,Partial High School,Professional
10828,21827,"Gutierrez, Mallory","Gutierrez, Mallory",Individual,Partial College,Professional
10829,21828,"Gonzales, Megan","Gonzales, Megan",Individual,Partial College,Professional
10834,21833,"Gonzalez, Terrance","Gonzalez, Terrance",Individual,Partial College,Professional
10835,21834,"Mehta, Jillian","Mehta, Jillian",Individual,Partial College,Professional
10836,21835,"Sun, Susan","Sun, Susan",Individual,Bachelors,Management
10837,21836,"Raman, Kristi","Raman, Kristi",Individual,Bachelors,Management
10838,21837,"Alexander, Megan","Alexander, Megan",Individual,Partial College,Professional
10839,21838,"Ruiz, Gerald","Ruiz, Gerald",Individual,Partial College,Professional
10843,21842,"Navarro, Neil","Navarro, Neil",Individual,Bachelors,Management
10844,21843,"He, Erica","He, Erica",Individual,Bachelors,Management
10845,21844,"Long, James","Long, James",Individual,Partial College,Professional
10847,21846,"Patterson, Kevin","Patterson, Kevin",Individual,Partial College,Professional
10852,21851,"Railson, Stuart","Railson, Stuart",Individual,High School,Professional
10853,21852,"Johnson, Eduardo","Johnson, Eduardo",Individual,High School,Professional
10854,21853,"Gutierrez, Stacy","Gutierrez, Stacy",Individual,Partial College,Professional
10864,21863,"Anand, Shawna","Anand, Shawna",Individual,Partial High School,Skilled Manual
10869,21868,"Ma, Aimee","Ma, Aimee",Individual,High School,Management
10870,21869,"Prasad, Tina","Prasad, Tina",Individual,Partial High School,Professional
10901,21900,"Jones, Robert","Jones, Robert",Individual,Partial College,Professional
10902,21901,"Taylor, Elizabeth","Taylor, Elizabeth",Individual,Partial College,Professional
10903,21902,"James, Natalie","James, Natalie",Individual,Graduate Degree,Management
10904,21903,"Jenkins, Fernando","Jenkins, Fernando",Individual,Partial College,Professional
10906,21905,"Hernandez, Pedro","Hernandez, Pedro",Individual,Graduate Degree,Management
10907,21906,"Simmons, Miranda","Simmons, Miranda",Individual,Graduate Degree,Management
10908,21907,"Hall, Jordan","Hall, Jordan (21907)",Individual,Graduate Degree,Management
10909,21908,"Hayes, Isabel","Hayes, Isabel",Individual,Graduate Degree,Management
10910,21909,"Ward, Allison","Ward, Allison",Individual,Bachelors,Management
10911,21910,"Perez, Rebekah","Perez, Rebekah",Individual,Partial College,Clerical
10915,21914,"Brown, Emily","Brown, Emily",Individual,Partial High School,Manual
10916,21915,"Wood, Tristan","Wood, Tristan",Individual,Partial College,Skilled Manual
10918,21917,"Johnson, Dalton","Johnson, Dalton",Individual,High School,Skilled Manual
10919,21918,"Serrano, Carol","Serrano, Carol",Individual,High School,Skilled Manual
10920,21919,"Howard, Melissa","Howard, Melissa",Individual,Partial College,Skilled Manual
10921,21920,"Bennett, Destiny","Bennett, Destiny",Individual,Partial College,Skilled Manual
10923,21922,"Ward, Bailey","Ward, Bailey",Individual,Partial College,Skilled Manual
10924,21923,"Williams, Justin","Williams, Justin",Individual,Partial College,Skilled Manual
10925,21924,"Cook, Eduardo","Cook, Eduardo",Individual,High School,Skilled Manual
10927,21926,"Henderson, Melanie","Henderson, Melanie",Individual,Graduate Degree,Professional
10928,21927,"Browning, Meredith","Browning, Meredith",Individual,Graduate Degree,Professional
10929,21928,"Luo, Karl","Luo, Karl",Individual,Graduate Degree,Professional
10930,21929,"Perry, Karen","Perry, Karen",Individual,Graduate Degree,Professional
10931,21930,"Perry, Marissa","Perry, Marissa",Individual,Graduate Degree,Professional
10932,21931,"Wood, Marcus","Wood, Marcus",Individual,Partial College,Skilled Manual
10933,21932,"Kumar, Leonard","Kumar, Leonard",Individual,Partial College,Skilled Manual
10942,21941,"Moore, Gail","Moore, Gail",Individual,Bachelors,Professional
10943,21942,"Roberts, Julia","Roberts, Julia",Individual,Graduate Degree,Professional
11008,22007,"Hernandez, Kaylee","Hernandez, Kaylee",Individual,High School,Skilled Manual
11010,22009,"Alvarez, Ross","Alvarez, Ross",Individual,High School,Skilled Manual
11011,22010,"Lopez, Henry","Lopez, Henry",Individual,High School,Skilled Manual
11012,22011,"Patterson, Richard","Patterson, Richard",Individual,High School,Skilled Manual
11013,22012,"Malhotra, Regina","Malhotra, Regina",Individual,High School,Skilled Manual
11014,22013,"Jenkins, Marcus","Jenkins, Marcus",Individual,High School,Skilled Manual
11017,22016,"Andersen, Terrence","Andersen, Terrence",Individual,Partial High School,Clerical
11022,22021,"White, Ethan","White, Ethan",Individual,Partial High School,Clerical
11023,22022,"Davis, Christopher","Davis, Christopher",Individual,Partial High School,Clerical
11024,22023,"Chen, Rafael","Chen, Rafael",Individual,Partial High School,Clerical
11025,22024,"Chen, Samuel","Chen, Samuel",Individual,High School,Skilled Manual
11026,22025,"Peterson, Riley","Peterson, Riley",Individual,High School,Skilled Manual
11035,22034,"Clark, Seth","Clark, Seth",Individual,Partial College,Skilled Manual
11036,22035,"Wilson, Ryan","Wilson, Ryan",Individual,Partial College,Skilled Manual
11037,22036,"Hall, Gabriella","Hall, Gabriella",Individual,High School,Skilled Manual
11038,22037,"Gonzales, Angela","Gonzales, Angela",Individual,High School,Skilled Manual
11039,22038,"Jackson, Isabella","Jackson, Isabella",Individual,Partial College,Skilled Manual
11040,22039,"Simmons, Marissa","Simmons, Marissa",Individual,Partial College,Skilled Manual
11041,22040,"Brown, Devin","Brown, Devin",Individual,Partial College,Skilled Manual
11043,22042,"Bryant, Abigail","Bryant, Abigail",Individual,Partial College,Skilled Manual
11044,22043,"Cox, Trinity","Cox, Trinity",Individual,Partial College,Skilled Manual
11045,22044,"Young, Connor","Young, Connor",Individual,Bachelors,Management
11046,22045,"Chen, Cameron","Chen, Cameron",Individual,Bachelors,Management
11047,22046,"Sanders, Jasmine","Sanders, Jasmine",Individual,Bachelors,Management
11048,22047,"Gonzales, David","Gonzales, David",Individual,Bachelors,Management
11049,22048,"Washington, Grace","Washington, Grace",Individual,Bachelors,Management
11050,22049,"Patel, Allen","Patel, Allen",Individual,Graduate Degree,Management
11052,22051,"Rogers, Lauren","Rogers, Lauren",Individual,Partial College,Skilled Manual
11053,22052,"Butler, Zachary","Butler, Zachary",Individual,Graduate Degree,Management
11054,22053,"Goel, Jaime","Goel, Jaime",Individual,Bachelors,Management
11055,22054,"Raji, Russell","Raji, Russell",Individual,Bachelors,Management
11056,22055,"Clark, Hannah","Clark, Hannah",Individual,Bachelors,Management
11057,22056,"Howard, Alex","Howard, Alex",Individual,High School,Skilled Manual
11058,22057,"Ross, Kyle","Ross, Kyle",Individual,High School,Skilled Manual
11061,22060,"Hill, Evan","Hill, Evan",Individual,Partial College,Skilled Manual
11062,22061,"Goel, Jenny","Goel, Jenny",Individual,Partial College,Skilled Manual
11063,22062,"Flores, Cameron","Flores, Cameron",Individual,Partial College,Skilled Manual
11067,22066,"Munoz, Paula","Munoz, Paula",Individual,Graduate Degree,Skilled Manual
11068,22067,"Jackson, Julia","Jackson, Julia",Individual,Graduate Degree,Skilled Manual
11069,22068,"James, Sean","James, Sean",Individual,Partial College,Professional
11071,22070,"Brown, Eduardo","Brown, Eduardo",Individual,Bachelors,Management
11072,22071,"Carter, Gabriel","Carter, Gabriel",Individual,Bachelors,Management
11073,22072,"Russell, Devin","Russell, Devin",Individual,Bachelors,Management
11076,22075,"Patel, Pedro","Patel, Pedro",Individual,Bachelors,Management
11077,22076,"Vazquez, Nelson","Vazquez, Nelson",Individual,Bachelors,Management
11078,22077,"Rubio, Marvin","Rubio, Marvin",Individual,Bachelors,Management
11079,22078,"Martin, William","Martin, William",Individual,Partial College,Professional
11083,22082,"Barnes, Lucas","Barnes, Lucas",Individual,Bachelors,Management
11084,22083,"Flores, David","Flores, David",Individual,Bachelors,Management
11085,22084,"Gomez, Francis","Gomez, Francis",Individual,Partial College,Professional
11086,22085,"Mehta, Toni","Mehta, Toni",Individual,Partial College,Professional
11087,22086,"Sanchez, Chelsea","Sanchez, Chelsea",Individual,Partial College,Professional
11088,22087,"Coleman, Joan","Coleman, Joan",Individual,High School,Professional
11089,22088,"Diaz, Hannah","Diaz, Hannah",Individual,Bachelors,Management
11090,22089,"Gray, Mason","Gray, Mason",Individual,Bachelors,Management
11104,22103,"Hernandez, Alexandra","Hernandez, Alexandra",Individual,Partial College,Professional
11105,22104,"Adams, Richard","Adams, Richard",Individual,Partial College,Professional
11106,22105,"Cooper, Taylor","Cooper, Taylor",Individual,High School,Professional
11107,22106,"Long, Olivia","Long, Olivia",Individual,Partial College,Professional
11117,22116,"Lopez, Robert","Lopez, Robert",Individual,Graduate Degree,Management
11120,22119,"Flores, Hailey","Flores, Hailey",Individual,Graduate Degree,Management
11125,22124,"Alonso, Desiree","Alonso, Desiree",Individual,Graduate Degree,Management
11126,22125,"Garcia, Zachary","Garcia, Zachary",Individual,Graduate Degree,Management
11127,22126,"Ward, Rachel","Ward, Rachel",Individual,Graduate Degree,Management
11128,22127,"Thompson, Marcus","Thompson, Marcus",Individual,Graduate Degree,Management
11130,22129,"Hall, Chloe","Hall, Chloe",Individual,Graduate Degree,Management
11131,22130,"Bryant, Xavier","Bryant, Xavier",Individual,Graduate Degree,Management
11132,22131,"Cook, Jessica","Cook, Jessica",Individual,Graduate Degree,Management
11133,22132,"Mehta, Rachael","Mehta, Rachael",Individual,Graduate Degree,Management
11134,22133,"Adams, Xavier","Adams, Xavier",Individual,Graduate Degree,Management
11135,22134,"Raji, Leonard","Raji, Leonard",Individual,Graduate Degree,Management
11136,22135,"Hernandez, Julia","Hernandez, Julia",Individual,Graduate Degree,Management
11137,22136,"Evans, Devin","Evans, Devin",Individual,Graduate Degree,Management
11138,22137,"Griffin, Elizabeth","Griffin, Elizabeth",Individual,Graduate Degree,Management
11154,22153,"Kelly, Alyssa","Kelly, Alyssa",Individual,Partial College,Skilled Manual
11158,22157,"Richardson, Maria","Richardson, Maria",Individual,Partial High School,Clerical
11159,22158,"Phillips, Amber","Phillips, Amber",Individual,Partial High School,Clerical
11160,22159,"Davis, David","Davis, David",Individual,Partial College,Skilled Manual
11161,22160,"Richardson, Alex","Richardson, Alex",Individual,Partial College,Skilled Manual
11162,22161,"Clark, Rachel","Clark, Rachel",Individual,Partial College,Skilled Manual
11163,22162,"Yuan, Brad","Yuan, Brad",Individual,Partial College,Skilled Manual
11164,22163,"Scott, Morgan","Scott, Morgan",Individual,Partial College,Skilled Manual
11165,22164,"Morris, Destiny","Morris, Destiny",Individual,Partial College,Skilled Manual
11166,22165,"Perez, Aaron","Perez, Aaron",Individual,Partial College,Skilled Manual
11167,22166,"Gray, Katherine","Gray, Katherine",Individual,Partial College,Skilled Manual
11184,22183,"Jones, Benjamin","Jones, Benjamin",Individual,Partial College,Skilled Manual
11185,22184,"Carter, Jeremy","Carter, Jeremy",Individual,Partial College,Skilled Manual
11186,22185,"Henderson, Connor","Henderson, Connor",Individual,Partial College,Skilled Manual
11187,22186,"Foster, Jonathan","Foster, Jonathan",Individual,Partial College,Skilled Manual
11188,22187,"Russell, Hannah","Russell, Hannah",Individual,High School,Skilled Manual
11189,22188,"Barnes, Sarah","Barnes, Sarah",Individual,Partial College,Skilled Manual
11190,22189,"Hernandez, Linda","Hernandez, Linda",Individual,Partial College,Professional
11191,22190,"Richardson, Carlos","Richardson, Carlos",Individual,Partial College,Professional
11192,22191,"Adams, Jack","Adams, Jack",Individual,Partial College,Professional
11193,22192,"Zimmerman, Henry","Zimmerman, Henry",Individual,Partial College,Professional
11212,22211,"Gray, Richard","Gray, Richard",Individual,Partial College,Professional
11216,22215,"Lal, Samuel","Lal, Samuel",Individual,Graduate Degree,Management
11217,22216,"Howard, Marcus","Howard, Marcus",Individual,Bachelors,Management
11219,22218,"Bryant, Christian","Bryant, Christian",Individual,High School,Professional
11221,22220,"Sharma, Brandon","Sharma, Brandon",Individual,High School,Professional
11222,22221,"Kumar, Benjamin","Kumar, Benjamin",Individual,High School,Professional
11223,22222,"Hill, Angel","Hill, Angel",Individual,Partial College,Professional
11224,22223,"Parker, Gabrielle","Parker, Gabrielle",Individual,Partial College,Professional
11225,22224,"Alexander, Katherine","Alexander, Katherine",Individual,Partial College,Professional
11226,22225,"Murphy, Jessica","Murphy, Jessica",Individual,Partial College,Professional
11227,22226,"Sanders, Morgan","Sanders, Morgan",Individual,High School,Professional
11228,22227,"Cai, Barbara","Cai, Barbara",Individual,High School,Professional
11229,22228,"Gonzalez, Katelyn","Gonzalez, Katelyn",Individual,High School,Professional
11230,22229,"Perry, Wyatt","Perry, Wyatt",Individual,High School,Professional
11232,22231,"Brooks, Grace","Brooks, Grace",Individual,Partial College,Professional
11236,22235,"Peterson, Sebastian","Peterson, Sebastian",Individual,Graduate Degree,Professional
11237,22236,"Gonzalez, Jose","Gonzalez, Jose",Individual,Bachelors,Skilled Manual
11238,22237,"Morris, Angel","Morris, Angel",Individual,Bachelors,Skilled Manual
11239,22238,"Murphy, Alex","Murphy, Alex",Individual,Bachelors,Skilled Manual
11240,22239,"Cook, Jesse","Cook, Jesse",Individual,Bachelors,Skilled Manual
11241,22240,"Powell, Miguel","Powell, Miguel",Individual,Bachelors,Skilled Manual
11242,22241,"Washington, Alexandria","Washington, Alexandria",Individual,Bachelors,Skilled Manual
11243,22242,"Walker, Cameron","Walker, Cameron",Individual,Bachelors,Skilled Manual
11244,22243,"Lewis, Emma","Lewis, Emma",Individual,Graduate Degree,Professional
11245,22244,"Howard, Shelby","Howard, Shelby",Individual,Bachelors,Skilled Manual
11246,22245,"Lopez, Evan","Lopez, Evan",Individual,Bachelors,Skilled Manual
11247,22246,"Cox, Jacqueline","Cox, Jacqueline",Individual,Bachelors,Skilled Manual
11249,22248,"Ramos, Gary","Ramos, Gary",Individual,Bachelors,Skilled Manual
11250,22249,"Chen, Kevin","Chen, Kevin",Individual,Graduate Degree,Professional
11251,22250,"Wilson, Michael","Wilson, Michael",Individual,Graduate Degree,Professional
11254,22253,"Reed, Stephanie","Reed, Stephanie",Individual,Graduate Degree,Professional
11255,22254,"Scott, Fernando","Scott, Fernando",Individual,Graduate Degree,Professional
11256,22255,"Rogers, Nicole","Rogers, Nicole",Individual,Graduate Degree,Professional
11257,22256,"Lu, Edwin","Lu, Edwin",Individual,Graduate Degree,Professional
11258,22257,"Romero, Carrie","Romero, Carrie",Individual,Graduate Degree,Professional
11259,22258,"Reed, Jessica","Reed, Jessica",Individual,Graduate Degree,Professional
11260,22259,"Mitchell, Dalton","Mitchell, Dalton",Individual,Bachelors,Professional
11261,22260,"Allen, Courtney","Allen, Courtney",Individual,Bachelors,Skilled Manual
11262,22261,"Allen, Isaac","Allen, Isaac",Individual,Bachelors,Skilled Manual
11263,22262,"Collins, Marcus","Collins, Marcus",Individual,Bachelors,Skilled Manual
11264,22263,"Blue, Patrick","Blue, Patrick",Individual,Bachelors,Skilled Manual
11267,22266,"Sanders, Rachel","Sanders, Rachel",Individual,Graduate Degree,Professional
11270,22269,"Yang, Caleb","Yang, Caleb",Individual,Graduate Degree,Professional
11271,22270,"Gonzales, Antonio","Gonzales, Antonio",Individual,Graduate Degree,Professional
11272,22271,"Mitchell, Connor","Mitchell, Connor",Individual,Graduate Degree,Professional
11273,22272,"Kelly, Isabella","Kelly, Isabella",Individual,Graduate Degree,Professional
11274,22273,"Rodriguez, Patricia","Rodriguez, Patricia",Individual,Bachelors,Professional
11275,22274,"Chen, Adam","Chen, Adam",Individual,Bachelors,Professional
11276,22275,"Bailey, Ian","Bailey, Ian",Individual,Bachelors,Professional
11277,22276,"Gray, Gabriella","Gray, Gabriella",Individual,Bachelors,Professional
11278,22277,"Torres, Arianna","Torres, Arianna",Individual,Bachelors,Professional
11280,22279,"Kelly, Riley","Kelly, Riley",Individual,Bachelors,Skilled Manual
11281,22280,"Scott, Luis","Scott, Luis",Individual,Bachelors,Skilled Manual
11282,22281,"Diaz, Alexia","Diaz, Alexia",Individual,Graduate Degree,Professional
11283,22282,"Hughes, Jonathan","Hughes, Jonathan",Individual,Bachelors,Professional
11284,22283,"Davis, Eduardo","Davis, Eduardo",Individual,Bachelors,Skilled Manual
11285,22284,"Sanz, Kristy","Sanz, Kristy",Individual,Bachelors,Skilled Manual
11287,22286,"Hughes, Gabriel","Hughes, Gabriel",Individual,Bachelors,Skilled Manual
11288,22287,"Griffin, Megan","Griffin, Megan",Individual,Bachelors,Skilled Manual
11289,22288,"Patterson, Isabel","Patterson, Isabel",Individual,Bachelors,Skilled Manual
11290,22289,"Long, Thomas","Long, Thomas",Individual,Bachelors,Skilled Manual
11291,22290,"Jenkins, Jocelyn","Jenkins, Jocelyn",Individual,Bachelors,Professional
11292,22291,"Morris, Carlos","Morris, Carlos",Individual,Bachelors,Professional
11293,22292,"Gomez, Stacy","Gomez, Stacy",Individual,Bachelors,Professional
11294,22293,"Johnson, Jasmine","Johnson, Jasmine",Individual,Bachelors,Professional
11295,22294,"Brown, Rachel","Brown, Rachel",Individual,Bachelors,Professional
11296,22295,"Morgan, Jade","Morgan, Jade",Individual,Bachelors,Professional
11297,22296,"Johnson, Benjamin","Johnson, Benjamin",Individual,Bachelors,Professional
11298,22297,"Garcia, Jasmine","Garcia, Jasmine",Individual,Bachelors,Professional
11299,22298,"Williams, Marcus","Williams, Marcus",Individual,Bachelors,Professional
11301,22300,"Price, Kaitlyn","Price, Kaitlyn",Individual,Graduate Degree,Professional
11302,22301,"Rodriguez, Abigail","Rodriguez, Abigail",Individual,Graduate Degree,Professional
11308,22307,"Ross, Sarah","Ross, Sarah",Individual,Bachelors,Skilled Manual
11311,22310,"Sanders, Christina","Sanders, Christina",Individual,Partial High School,Manual
11318,22317,"Nath, Karla","Nath, Karla",Individual,Partial High School,Manual
11319,22318,"Xu, Ramon","Xu, Ramon",Individual,High School,Manual
11327,22326,"Howard, Riley","Howard, Riley",Individual,Partial College,Clerical
11328,22327,"Cai, Jake","Cai, Jake",Individual,Partial College,Clerical
11329,22328,"Anderson, Grace","Anderson, Grace",Individual,Graduate Degree,Skilled Manual
11330,22329,"Peterson, Grace","Peterson, Grace",Individual,Graduate Degree,Skilled Manual
11331,22330,"Walker, Jose","Walker, Jose",Individual,Graduate Degree,Skilled Manual
11332,22331,"Yuan, Michele","Yuan, Michele",Individual,Partial College,Clerical
11334,22333,"Watson, Gabriella","Watson, Gabriella",Individual,Graduate Degree,Skilled Manual
11335,22334,"Serrano, Juan","Serrano, Juan",Individual,Graduate Degree,Skilled Manual
11336,22335,"Taylor, Anthony","Taylor, Anthony",Individual,Graduate Degree,Skilled Manual
11337,22336,"Moreno, Frank","Moreno, Frank",Individual,Graduate Degree,Skilled Manual
11338,22337,"Jenkins, Haley","Jenkins, Haley",Individual,High School,Manual
11339,22338,"Russell, Thomas","Russell, Thomas",Individual,High School,Manual
11340,22339,"Nelson, Richard","Nelson, Richard",Individual,High School,Manual
11341,22340,"Young, Isaac","Young, Isaac",Individual,High School,Manual
11342,22341,"Washington, Tristan","Washington, Tristan",Individual,High School,Manual
11343,22342,"Lal, Jon","Lal, Jon",Individual,Partial High School,Clerical
11344,22343,"Powell, Brittany","Powell, Brittany",Individual,High School,Clerical
11345,22344,"Yang, Krystal","Yang, Krystal",Individual,High School,Clerical
11346,22345,"James, Amanda","James, Amanda",Individual,High School,Skilled Manual
11347,22346,"Howard, Catherine","Howard, Catherine",Individual,Partial College,Clerical
11348,22347,"Long, Abigail","Long, Abigail (22347)",Individual,High School,Skilled Manual
11349,22348,"Torres, Zoe","Torres, Zoe",Individual,High School,Skilled Manual
11351,22350,"Powell, Riley","Powell, Riley",Individual,High School,Skilled Manual
11352,22351,"Davis, Sarah","Davis, Sarah",Individual,High School,Skilled Manual
11353,22352,"Moore, Elizabeth","Moore, Elizabeth",Individual,High School,Skilled Manual
11356,22355,"Jones, Logan","Jones, Logan",Individual,High School,Skilled Manual
11357,22356,"Ward, Charles","Ward, Charles",Individual,High School,Skilled Manual
11358,22357,"Lal, Justin","Lal, Justin",Individual,High School,Skilled Manual
11359,22358,"Butler, Sydney","Butler, Sydney",Individual,Partial College,Clerical
11361,22360,"Collins, Caleb","Collins, Caleb",Individual,Partial College,Clerical
11362,22361,"White, Nathan","White, Nathan",Individual,Partial College,Clerical
11363,22362,"Russell, Austin","Russell, Austin",Individual,Graduate Degree,Skilled Manual
11365,22364,"Jenkins, Katherine","Jenkins, Katherine",Individual,Graduate Degree,Skilled Manual
11366,22365,"Richardson, Sebastian","Richardson, Sebastian",Individual,Graduate Degree,Skilled Manual
11368,22367,"Griffin, Jasmine","Griffin, Jasmine",Individual,Graduate Degree,Skilled Manual
11369,22368,"Ross, Edward","Ross, Edward",Individual,Partial College,Clerical
11370,22369,"Deng, Louis","Deng, Louis",Individual,Graduate Degree,Skilled Manual
11371,22370,"Patterson, Carol","Patterson, Carol",Individual,Graduate Degree,Skilled Manual
11373,22372,"Perry, Melanie","Perry, Melanie",Individual,Graduate Degree,Skilled Manual
11375,22374,"Patterson, Luke","Patterson, Luke",Individual,Graduate Degree,Skilled Manual
11376,22375,"Williams, Jasmine","Williams, Jasmine",Individual,Graduate Degree,Skilled Manual
11377,22376,"Martin, Marcus","Martin, Marcus",Individual,Graduate Degree,Skilled Manual
11381,22380,"Nath, Brendan","Nath, Brendan",Individual,Graduate Degree,Manual
11382,22381,"Patterson, Hunter","Patterson, Hunter",Individual,Graduate Degree,Manual
11385,22384,"Sanchez, Paige","Sanchez, Paige",Individual,Bachelors,Manual
11387,22386,"Gill, Jerome","Gill, Jerome",Individual,Graduate Degree,Clerical
11388,22387,"Romero, Audrey","Romero, Audrey",Individual,Graduate Degree,Clerical
11390,22389,"Luo, Edwin","Luo, Edwin",Individual,Bachelors,Clerical
11391,22390,"Zheng, Kelvin","Zheng, Kelvin",Individual,Bachelors,Clerical
11392,22391,"Watson, Angela","Watson, Angela",Individual,Partial College,Manual
11394,22393,"Perez, Chelsea","Perez, Chelsea",Individual,Partial College,Manual
11399,22398,"Moreno, Sheila","Moreno, Sheila",Individual,Partial College,Manual
11415,22414,"Wu, Eugene","Wu, Eugene",Individual,Partial College,Manual
11416,22415,"Phillips, Natalie","Phillips, Natalie",Individual,Bachelors,Clerical
11433,22432,"Xie, Bridget","Xie, Bridget",Individual,High School,Manual
11437,22436,"Raji, Roger","Raji, Roger",Individual,Bachelors,Clerical
11442,22441,"Torres, Andrea","Torres, Andrea",Individual,Bachelors,Clerical
11445,22444,"Xie, Colin","Xie, Colin",Individual,Graduate Degree,Clerical
11448,22447,"Shan, Tara","Shan, Tara",Individual,Graduate Degree,Clerical
11451,22450,"Alvarez, Audrey","Alvarez, Audrey",Individual,Graduate Degree,Skilled Manual
11454,22453,"Long, Dakota","Long, Dakota",Individual,Bachelors,Clerical
11456,22455,"Kapoor, Roy","Kapoor, Roy",Individual,Partial College,Manual
11460,22459,"Xu, Johnny","Xu, Johnny",Individual,Partial College,Manual
11463,22462,"Chandra, Lydia","Chandra, Lydia",Individual,Partial College,Manual
11470,22469,"Moreno, Sabrina","Moreno, Sabrina",Individual,Partial College,Manual
11474,22473,"Patel, Clifford","Patel, Clifford",Individual,Bachelors,Clerical
11475,22474,"Zhu, Leah","Zhu, Leah",Individual,Partial High School,Manual
11477,22476,"Martinez, Shane","Martinez, Shane",Individual,High School,Manual
11478,22477,"Diaz, Kevin","Diaz, Kevin",Individual,High School,Manual
11479,22478,"Browning, Carolyn","Browning, Carolyn",Individual,Bachelors,Clerical
11480,22479,"Malhotra, Tammy","Malhotra, Tammy",Individual,Bachelors,Skilled Manual
11482,22481,"Ortega, Erik","Ortega, Erik",Individual,Bachelors,Skilled Manual
11483,22482,"Jenkins, Cassidy","Jenkins, Cassidy",Individual,Partial High School,Manual
11487,22486,"Ruiz, Jimmy","Ruiz, Jimmy",Individual,High School,Manual
11489,22488,"Patel, Frederick","Patel, Frederick",Individual,Bachelors,Skilled Manual
11492,22491,"Nara, Jerry","Nara, Jerry",Individual,High School,Manual
11493,22492,"She, Jorge","She, Jorge",Individual,High School,Manual
11494,22493,"Sanz, Dwayne","Sanz, Dwayne",Individual,High School,Manual
11495,22494,"Andersen, Jon","Andersen, Jon",Individual,High School,Manual
11498,22497,"Gomez, Casey","Gomez, Casey",Individual,Partial High School,Manual
11507,22506,"Prasad, Brenda","Prasad, Brenda",Individual,Partial College,Clerical
11508,22507,"Wang, Louis","Wang, Louis",Individual,Partial College,Clerical
11509,22508,"Huang, Jon","Huang, Jon",Individual,Bachelors,Skilled Manual
11510,22509,"Nara, Lacey","Nara, Lacey",Individual,Bachelors,Skilled Manual
11515,22514,"Johnsen, Marvin","Johnsen, Marvin",Individual,High School,Manual
11517,22516,"Ortega, Adrienne","Ortega, Adrienne",Individual,Partial College,Clerical
11518,22517,"Adams, Luis","Adams, Luis",Individual,Partial College,Clerical
11520,22519,"Hughes, Logan","Hughes, Logan",Individual,Bachelors,Skilled Manual
11522,22521,"Rivera, Christina","Rivera, Christina",Individual,Partial College,Clerical
11523,22522,"Hayes, Benjamin","Hayes, Benjamin",Individual,Partial College,Clerical
11524,22523,"Xu, Jon","Xu, Jon (22523)",Individual,Bachelors,Skilled Manual
11526,22525,"Gutierrez, Julio","Gutierrez, Julio",Individual,Partial College,Clerical
11534,22533,"Liu, Jake","Liu, Jake",Individual,Partial High School,Manual
11538,22537,"Jenkins, Xavier","Jenkins, Xavier",Individual,Partial High School,Manual
11542,22541,"Martinez, Stefanie","Martinez, Stefanie",Individual,Partial College,Clerical
11544,22543,"Campbell, Jeremy","Campbell, Jeremy",Individual,Graduate Degree,Skilled Manual
11547,22546,"Jones, Nicholas","Jones, Nicholas",Individual,High School,Skilled Manual
11548,22547,"Flores, Elijah","Flores, Elijah",Individual,Graduate Degree,Skilled Manual
11549,22548,"Brooks, Angela","Brooks, Angela",Individual,Graduate Degree,Skilled Manual
11550,22549,"Russell, Isabel","Russell, Isabel",Individual,Graduate Degree,Skilled Manual
11552,22551,"Rubio, Andy","Rubio, Andy",Individual,Graduate Degree,Clerical
11564,22563,"Weber, Darren","Weber, Darren",Individual,Partial College,Manual
11566,22565,"Subram, Brenda","Subram, Brenda",Individual,Bachelors,Clerical
11569,22568,"Wu, Autumn","Wu, Autumn",Individual,Graduate Degree,Clerical
11586,22585,"He, Kelvin","He, Kelvin",Individual,Graduate Degree,Clerical
11588,22587,"Alonso, Gina","Alonso, Gina",Individual,Partial College,Manual
11591,22590,"Hughes, Oscar","Hughes, Oscar",Individual,Partial College,Manual
11592,22591,"Becker, Jon","Becker, Jon",Individual,Graduate Degree,Clerical
11598,22597,"Chandra, Rachael","Chandra, Rachael",Individual,Bachelors,Clerical
11599,22598,"Sanchez, Donald","Sanchez, Donald",Individual,Bachelors,Clerical
11607,22606,"Hernandez, Alfredo","Hernandez, Alfredo",Individual,Partial College,Manual
11608,22607,"Gonzalez, Whitney","Gonzalez, Whitney",Individual,Partial College,Manual
11610,22609,"Cai, Clarence","Cai, Clarence",Individual,Bachelors,Clerical
11611,22610,"Chen, Brent","Chen, Brent",Individual,Bachelors,Clerical
11616,22615,"Xu, Misty","Xu, Misty",Individual,Bachelors,Clerical
11618,22617,"Nath, Andres","Nath, Andres",Individual,Graduate Degree,Clerical
11620,22619,"Hernandez, Robin","Hernandez, Robin",Individual,Graduate Degree,Skilled Manual
11621,22620,"Suri, Stefanie","Suri, Stefanie",Individual,Graduate Degree,Skilled Manual
11622,22621,"Davis, Xavier","Davis, Xavier",Individual,Graduate Degree,Skilled Manual
11624,22623,"Suarez, Jamie","Suarez, Jamie",Individual,Partial College,Manual
11628,22627,"Sharma, Shawna","Sharma, Shawna",Individual,Partial College,Manual
11629,22628,"Lu, Marshall","Lu, Marshall",Individual,Partial College,Manual
11634,22633,"Zhao, Claudia","Zhao, Claudia",Individual,Graduate Degree,Clerical
11639,22638,"Gutierrez, Kristi","Gutierrez, Kristi",Individual,Partial High School,Manual
11645,22644,"Ortega, Marc","Ortega, Marc",Individual,Bachelors,Clerical
11651,22650,"Suri, Kristina","Suri, Kristina",Individual,Bachelors,Clerical
11653,22652,"Shan, Gilbert","Shan, Gilbert",Individual,High School,Manual
11656,22655,"Young, Lucas","Young, Lucas",Individual,High School,Manual
11660,22659,"Luo, Shawna","Luo, Shawna",Individual,High School,Manual
11661,22660,"Lopez, Monica","Lopez, Monica",Individual,High School,Manual
11666,22665,"Diaz, Orlando","Diaz, Orlando",Individual,Bachelors,Professional
11667,22666,"Srini, Mayra","Srini, Mayra",Individual,Bachelors,Professional
11675,22674,"Prasad, Troy","Prasad, Troy",Individual,Partial College,Clerical
11678,22677,"Carlson, Reginald","Carlson, Reginald",Individual,Partial College,Clerical
11679,22678,"Lee, Sydney","Lee, Sydney",Individual,Bachelors,Skilled Manual
11680,22679,"Dominguez, Derrick","Dominguez, Derrick",Individual,Bachelors,Skilled Manual
11681,22680,"Suarez, Lee","Suarez, Lee",Individual,Bachelors,Skilled Manual
11685,22684,"Cooper, Lauren","Cooper, Lauren",Individual,Bachelors,Skilled Manual
11686,22685,"Ma, Barbara","Ma, Barbara",Individual,Partial College,Clerical
11689,22688,"Perez, Seth","Perez, Seth",Individual,Partial College,Clerical
11695,22694,"Kapoor, Molly","Kapoor, Molly",Individual,Partial College,Clerical
11700,22699,"Chande, Clarence","Chande, Clarence",Individual,Partial High School,Manual
11701,22700,"Serrano, Gina","Serrano, Gina",Individual,Partial High School,Manual
11702,22701,"Navarro, Anne","Navarro, Anne",Individual,High School,Manual
11706,22705,"Kapoor, Adriana","Kapoor, Adriana",Individual,Partial High School,Manual
11707,22706,"Ruth, Andy","Ruth, Andy",Individual,Partial College,Clerical
11708,22707,"Russell, Haley","Russell, Haley",Individual,Partial College,Clerical
11711,22710,"Zhao, Trisha","Zhao, Trisha",Individual,Partial High School,Manual
11712,22711,"Hernandez, Isaiah","Hernandez, Isaiah",Individual,Partial College,Clerical
11717,22716,"Nelson, Caleb","Nelson, Caleb",Individual,Bachelors,Management
11718,22717,"Watson, Nicole","Watson, Nicole",Individual,Partial College,Professional
11719,22718,"Simmons, Zachary","Simmons, Zachary",Individual,Bachelors,Management
11720,22719,"Brooks, Jesse","Brooks, Jesse",Individual,Bachelors,Management
11721,22720,"Alexander, Jonathan","Alexander, Jonathan",Individual,Graduate Degree,Management
11722,22721,"Lin, Colleen","Lin, Colleen",Individual,High School,Skilled Manual
11723,22722,"Fernandez, Tina","Fernandez, Tina",Individual,Bachelors,Professional
11724,22723,"Anderson, Alexander","Anderson, Alexander",Individual,Graduate Degree,Management
11725,22724,"Evans, Noah","Evans, Noah",Individual,Bachelors,Management
11726,22725,"Gonzales, Richard","Gonzales, Richard",Individual,Graduate Degree,Management
11727,22726,"Morris, Anna","Morris, Anna",Individual,Graduate Degree,Management
11728,22727,"She, Jodi","She, Jodi",Individual,Graduate Degree,Management
11730,22729,"Nelson, Seth","Nelson, Seth",Individual,Bachelors,Management
11732,22731,"Henderson, Brandon","Henderson, Brandon",Individual,Bachelors,Management
11734,22733,"Powell, Alexandria","Powell, Alexandria",Individual,Bachelors,Management
11735,22734,"Adams, Maria","Adams, Maria",Individual,Partial High School,Clerical
11736,22735,"Jones, Katherine","Jones, Katherine",Individual,High School,Professional
11737,22736,"Morgan, Katherine","Morgan, Katherine",Individual,High School,Professional
11738,22737,"Sai, Heidi","Sai, Heidi",Individual,Bachelors,Management
11739,22738,"Diaz, Haley","Diaz, Haley",Individual,Bachelors,Management
11741,22740,"Rogers, Kimberly","Rogers, Kimberly",Individual,High School,Professional
11742,22741,"He, Darryl","He, Darryl",Individual,High School,Professional
11743,22742,"Nelson, Nathan","Nelson, Nathan",Individual,High School,Professional
11744,22743,"Murphy, Kaylee","Murphy, Kaylee",Individual,High School,Professional
11745,22744,"Wright, Edward","Wright, Edward",Individual,High School,Professional
11746,22745,"Patterson, Alexandria","Patterson, Alexandria",Individual,High School,Professional
11747,22746,"Zhang, Erica","Zhang, Erica",Individual,Bachelors,Management
11748,22747,"Martinez, Brianna","Martinez, Brianna",Individual,Bachelors,Management
11750,22749,"Patterson, Miranda","Patterson, Miranda",Individual,Bachelors,Management
11751,22750,"Gonzalez, Jesse","Gonzalez, Jesse",Individual,Bachelors,Management
11752,22751,"Rodriguez, Samuel","Rodriguez, Samuel",Individual,Bachelors,Management
11753,22752,"Brown, Daniel","Brown, Daniel",Individual,Bachelors,Management
11754,22753,"Morgan, Hailey","Morgan, Hailey",Individual,Partial College,Professional
11755,22754,"Foster, Robert","Foster, Robert",Individual,Partial College,Professional
11757,22756,"Nath, Jon","Nath, Jon",Individual,Partial College,Professional
11758,22757,"Peterson, Savannah","Peterson, Savannah",Individual,Partial College,Professional
11759,22758,"Jackson, Katherine","Jackson, Katherine",Individual,Partial College,Professional
11760,22759,"Ramirez, Julia","Ramirez, Julia",Individual,Partial College,Professional
11761,22760,"Chen, Hunter","Chen, Hunter",Individual,Partial College,Professional
11762,22761,"Price, Eduardo","Price, Eduardo",Individual,Partial College,Professional
11763,22762,"Diaz, Melissa","Diaz, Melissa",Individual,Partial College,Professional
11764,22763,"Gonzalez, Rebecca","Gonzalez, Rebecca",Individual,Partial College,Professional
11765,22764,"Brooks, Chase","Brooks, Chase",Individual,Partial College,Professional
11767,22766,"Hayes, Cassidy","Hayes, Cassidy",Individual,Partial College,Professional
11768,22767,"Hernandez, Luis","Hernandez, Luis",Individual,Partial College,Professional
11769,22768,"Zhang, Aaron","Zhang, Aaron",Individual,Bachelors,Management
11770,22769,"Martin, Benjamin","Martin, Benjamin",Individual,Partial College,Professional
11771,22770,"Morgan, Chloe","Morgan, Chloe",Individual,Partial College,Professional
11774,22773,"Zhang, Autumn","Zhang, Autumn",Individual,Partial College,Professional
11775,22774,"Alexander, Caleb","Alexander, Caleb",Individual,Partial College,Professional
11776,22775,"Martinez, Madison","Martinez, Madison",Individual,Partial College,Professional
11777,22776,"Perry, Julia","Perry, Julia",Individual,Partial College,Professional
11778,22777,"Garcia, Tyler","Garcia, Tyler",Individual,High School,Professional
11779,22778,"Dominguez, Monique","Dominguez, Monique",Individual,Partial College,Professional
11780,22779,"Ruiz, Lance","Ruiz, Lance",Individual,Partial College,Professional
11781,22780,"Rogers, Jennifer","Rogers, Jennifer",Individual,Partial College,Professional
11782,22781,"Powell, Hunter","Powell, Hunter",Individual,Partial College,Professional
11783,22782,"Wood, Dakota","Wood, Dakota",Individual,Partial College,Professional
11784,22783,"Green, Isaac","Green, Isaac",Individual,Partial High School,Skilled Manual
11785,22784,"Jackson, Nicholas","Jackson, Nicholas",Individual,Partial High School,Skilled Manual
11787,22786,"Goldstein, Wyatt","Goldstein, Wyatt",Individual,Partial High School,Skilled Manual
11788,22787,"Sanchez, Andrea","Sanchez, Andrea",Individual,Partial High School,Skilled Manual
11789,22788,"Jenkins, Jordan","Jenkins, Jordan",Individual,Partial High School,Skilled Manual
11790,22789,"Taylor, Richard","Taylor, Richard",Individual,Partial High School,Skilled Manual
11791,22790,"Phillips, Luke","Phillips, Luke",Individual,Partial High School,Skilled Manual
11792,22791,"Jenkins, Taylor","Jenkins, Taylor",Individual,High School,Professional
11793,22792,"Carter, Thomas","Carter, Thomas",Individual,Partial College,Professional
11794,22793,"Jenkins, Antonio","Jenkins, Antonio",Individual,Partial College,Professional
11798,22797,"She, Leonard","She, Leonard",Individual,Partial College,Professional
11802,22801,"Raje, Alicia","Raje, Alicia",Individual,Partial College,Professional
11803,22802,"Van, Ann","Van, Ann",Individual,Partial High School,Professional
11804,22803,"Shan, Marshall","Shan, Marshall",Individual,Partial College,Professional
11805,22804,"Butler, Kelly","Butler, Kelly",Individual,Partial College,Professional
11806,22805,"Goel, Cristina","Goel, Cristina",Individual,Bachelors,Management
11807,22806,"Sun, Crystal","Sun, Crystal",Individual,Partial College,Professional
11810,22809,"Sara, Martin","Sara, Martin",Individual,Partial College,Professional
11811,22810,"Sanchez, Nathaniel","Sanchez, Nathaniel",Individual,Partial College,Professional
11816,22815,"Wang, Margaret","Wang, Margaret",Individual,Bachelors,Management
11817,22816,"Cai, Erica","Cai, Erica",Individual,Bachelors,Management
11818,22817,"Nath, Calvin","Nath, Calvin",Individual,Bachelors,Management
11822,22821,"Munoz, Wendy","Munoz, Wendy",Individual,Partial College,Professional
11831,22830,"Travers, Lee","Travers, Lee",Individual,Partial College,Management
11835,22834,"Zhou, Darryl","Zhou, Darryl",Individual,Partial High School,Professional
11836,22835,"Zhang, Alan","Zhang, Alan",Individual,Partial High School,Professional
11837,22836,"Sai, Michele","Sai, Michele",Individual,Partial High School,Professional
11862,22861,"Hughes, Devin","Hughes, Devin",Individual,Partial College,Professional
11863,22862,"Navarro, Derrick","Navarro, Derrick",Individual,Bachelors,Management
11864,22863,"Thomas, Hunter","Thomas, Hunter",Individual,Partial College,Professional
11865,22864,"Hall, Mason","Hall, Mason",Individual,Partial College,Professional
11866,22865,"Hall, Stephanie","Hall, Stephanie",Individual,Graduate Degree,Management
11867,22866,"Thompson, William","Thompson, William",Individual,Partial College,Clerical
11868,22867,"Ruiz, Max","Ruiz, Max",Individual,Partial High School,Manual
11872,22871,"Coleman, David","Coleman, David",Individual,Partial College,Skilled Manual
11873,22872,"Bailey, Sara","Bailey, Sara",Individual,Partial College,Skilled Manual
11874,22873,"Williams, Robert","Williams, Robert",Individual,Partial College,Skilled Manual
11875,22874,"Anand, Drew","Anand, Drew",Individual,High School,Skilled Manual
11876,22875,"Russell, Robert","Russell, Robert",Individual,High School,Skilled Manual
11877,22876,"Campbell, Jenna","Campbell, Jenna",Individual,High School,Skilled Manual
11879,22878,"Ross, Angelica","Ross, Angelica",Individual,Partial College,Skilled Manual
11880,22879,"Russell, Jocelyn","Russell, Jocelyn",Individual,Partial College,Skilled Manual
11881,22880,"Harris, Ashley","Harris, Ashley",Individual,High School,Skilled Manual
11884,22883,"Morgan, Xavier","Morgan, Xavier",Individual,Partial College,Skilled Manual
11885,22884,"Richardson, Danielle","Richardson, Danielle",Individual,Partial College,Skilled Manual
11886,22885,"Henderson, Caleb","Henderson, Caleb",Individual,Graduate Degree,Professional
11887,22886,"King, Andrea","King, Andrea",Individual,Graduate Degree,Professional
11888,22887,"Richardson, Mason","Richardson, Mason",Individual,Partial College,Skilled Manual
11889,22888,"Long, Abigail","Long, Abigail (22888)",Individual,Partial College,Skilled Manual
11891,22890,"Hall, Alexis","Hall, Alexis",Individual,Bachelors,Professional
11892,22891,"Gonzalez, Andrea","Gonzalez, Andrea",Individual,Bachelors,Professional
11893,22892,"Mitchell, Timothy","Mitchell, Timothy",Individual,Graduate Degree,Professional
11895,22894,"Ramirez, Danielle","Ramirez, Danielle",Individual,Graduate Degree,Professional
11897,22896,"Miller, Logan","Miller, Logan",Individual,Bachelors,Professional
11898,22897,"Ramirez, Arianna","Ramirez, Arianna",Individual,Bachelors,Professional
11899,22898,"Washington, Melanie","Washington, Melanie",Individual,Bachelors,Professional
11900,22899,"Carter, Charles","Carter, Charles",Individual,Bachelors,Professional
11901,22900,"Li, Hunter","Li, Hunter",Individual,Bachelors,Professional
11903,22902,"Madan, Pedro","Madan, Pedro",Individual,Graduate Degree,Professional
11968,22967,"Smith, Rachel","Smith, Rachel",Individual,High School,Skilled Manual
11969,22968,"Perez, Logan","Perez, Logan",Individual,High School,Skilled Manual
11971,22970,"Phillips, Mary","Phillips, Mary",Individual,High School,Skilled Manual
11973,22972,"James, Bailey","James, Bailey",Individual,High School,Skilled Manual
11978,22977,"Patterson, Ian","Patterson, Ian",Individual,High School,Skilled Manual
11980,22979,"Hernandez, Theodore","Hernandez, Theodore",Individual,Partial High School,Clerical
11981,22980,"Washington, Oscar","Washington, Oscar",Individual,High School,Skilled Manual
11982,22981,"Flores, Amanda","Flores, Amanda",Individual,High School,Skilled Manual
11983,22982,"Miller, Madison","Miller, Madison",Individual,High School,Skilled Manual
11985,22984,"Robinson, Cameron","Robinson, Cameron",Individual,High School,Skilled Manual
11986,22985,"Phillips, Hailey","Phillips, Hailey",Individual,High School,Skilled Manual
11990,22989,"Butler, Megan","Butler, Megan",Individual,Partial College,Skilled Manual
11991,22990,"Stewart, Alyssa","Stewart, Alyssa",Individual,Partial College,Skilled Manual
11992,22991,"Jenkins, Morgan","Jenkins, Morgan",Individual,Partial College,Skilled Manual
11993,22992,"Yang, Austin","Yang, Austin",Individual,Partial College,Skilled Manual
11994,22993,"Sanchez, Xavier","Sanchez, Xavier",Individual,Partial College,Skilled Manual
11995,22994,"Allen, Chloe","Allen, Chloe",Individual,Bachelors,Management
11998,22997,"Williams, Lucas","Williams, Lucas",Individual,Bachelors,Management
12000,22999,"Hill, Jackson","Hill, Jackson",Individual,Bachelors,Management
12001,23000,"Henderson, Victoria","Henderson, Victoria",Individual,Graduate Degree,Management
12002,23001,"Munoz, Julio","Munoz, Julio",Individual,Bachelors,Management
12003,23002,"Hernandez, Arthur","Hernandez, Arthur",Individual,Partial College,Skilled Manual
12005,23004,"Fernandez, Raymond","Fernandez, Raymond",Individual,Graduate Degree,Management
12006,23005,"Sharma, Luke","Sharma, Luke",Individual,High School,Skilled Manual
12007,23006,"Lee, Seth","Lee, Seth",Individual,Partial College,Skilled Manual
12008,23007,"Sanchez, Isaac","Sanchez, Isaac",Individual,Partial College,Skilled Manual
12012,23011,"Rivera, Isaiah","Rivera, Isaiah",Individual,Partial College,Skilled Manual
12016,23015,"Rivera, Juan","Rivera, Juan",Individual,Graduate Degree,Skilled Manual
12017,23016,"Powell, Victoria","Powell, Victoria",Individual,Graduate Degree,Skilled Manual
12018,23017,"Rai, Alison","Rai, Alison",Individual,Graduate Degree,Skilled Manual
12019,23018,"White, Richard","White, Richard",Individual,Graduate Degree,Skilled Manual
12020,23019,"Garcia, Emma","Garcia, Emma",Individual,Graduate Degree,Skilled Manual
12021,23020,"Jones, Hannah","Jones, Hannah",Individual,Partial College,Professional
12022,23021,"Mehta, Stefanie","Mehta, Stefanie",Individual,Partial College,Professional
12024,23023,"Vazquez, Naomi","Vazquez, Naomi",Individual,Partial College,Professional
12025,23024,"Davis, Emma","Davis, Emma",Individual,Partial College,Professional
12026,23025,"Richardson, Richard","Richardson, Richard",Individual,Partial College,Professional
12027,23026,"Rogers, Jessica","Rogers, Jessica",Individual,Partial College,Professional
12028,23027,"Griffin, Fernando","Griffin, Fernando",Individual,Bachelors,Management
12029,23028,"Taylor, Anna","Taylor, Anna",Individual,Bachelors,Management
12030,23029,"Ross, Ian","Ross, Ian",Individual,Partial College,Professional
12031,23030,"Jenkins, Aidan","Jenkins, Aidan",Individual,High School,Professional
12032,23031,"Morgan, Brooke","Morgan, Brooke",Individual,High School,Professional
12033,23032,"Parker, Jesse","Parker, Jesse",Individual,Bachelors,Management
12034,23033,"Turner, Alex","Turner, Alex",Individual,Bachelors,Management
12035,23034,"Cooper, Melanie","Cooper, Melanie",Individual,Bachelors,Management
12036,23035,"Howard, Maria","Howard, Maria",Individual,Bachelors,Management
12037,23036,"Green, Caleb","Green, Caleb",Individual,Bachelors,Management
12038,23037,"Wood, Lucas","Wood, Lucas",Individual,Partial High School,Skilled Manual
12039,23038,"Reed, Sydney","Reed, Sydney",Individual,High School,Professional
12040,23039,"Scott, Wyatt","Scott, Wyatt",Individual,High School,Professional
12047,23046,"Malhotra, Pamela","Malhotra, Pamela",Individual,Partial College,Professional
12048,23047,"Xu, Valerie","Xu, Valerie",Individual,Graduate Degree,Management
12050,23049,"Moreno, Gina","Moreno, Gina",Individual,Graduate Degree,Management
12051,23050,"Hall, Jack","Hall, Jack",Individual,Graduate Degree,Management
12052,23051,"Green, Jesse","Green, Jesse",Individual,Graduate Degree,Management
12053,23052,"Stewart, Steven","Stewart, Steven",Individual,Graduate Degree,Management
12054,23053,"Bailey, Anna","Bailey, Anna",Individual,High School,Professional
12055,23054,"Moore, David","Moore, David",Individual,High School,Professional
12056,23055,"Diaz, Seth","Diaz, Seth",Individual,Partial College,Professional
12057,23056,"Perry, Alyssa","Perry, Alyssa",Individual,High School,Professional
12059,23058,"Rivera, Michelle","Rivera, Michelle",Individual,Graduate Degree,Management
12060,23059,"Price, Spencer","Price, Spencer",Individual,Graduate Degree,Management
12061,23060,"Long, Isabella","Long, Isabella",Individual,Partial College,Professional
12062,23061,"Sanders, Jeremiah","Sanders, Jeremiah",Individual,Partial College,Professional
12063,23062,"Reed, Natalie","Reed, Natalie",Individual,Graduate Degree,Management
12064,23063,"Thompson, Jennifer","Thompson, Jennifer",Individual,Graduate Degree,Management
12065,23064,"Rodriguez, Alexander","Rodriguez, Alexander",Individual,Graduate Degree,Management
12066,23065,"Nath, Derek","Nath, Derek",Individual,Graduate Degree,Management
12067,23066,"Lal, Austin","Lal, Austin",Individual,Graduate Degree,Management
12068,23067,"Pal, Kelli","Pal, Kelli",Individual,Graduate Degree,Management
12069,23068,"Shan, Ryan","Shan, Ryan",Individual,Graduate Degree,Management
12070,23069,"Gray, Anna","Gray, Anna",Individual,Graduate Degree,Management
12072,23071,"Gonzales, Haley","Gonzales, Haley",Individual,Graduate Degree,Management
12073,23072,"Srini, Toni","Srini, Toni",Individual,Bachelors,Management
12074,23073,"Griffin, Christian","Griffin, Christian",Individual,Bachelors,Management
12076,23075,"Sandberg, Rebekah","Sandberg, Rebekah",Individual,Graduate Degree,Management
12077,23076,"Brooks, Adrian","Brooks, Adrian",Individual,Graduate Degree,Management
12081,23080,"Barnes, Jocelyn","Barnes, Jocelyn",Individual,Partial College,Skilled Manual
12082,23081,"Powell, Brandon","Powell, Brandon",Individual,Partial College,Skilled Manual
12083,23082,"Williams, Jonathan","Williams, Jonathan",Individual,Partial College,Skilled Manual
12089,23088,"Hu, Wesley","Hu, Wesley",Individual,Partial High School,Clerical
12090,23089,"Walker, Lucas","Walker, Lucas",Individual,Partial College,Skilled Manual
12091,23090,"Lee, Christopher","Lee, Christopher",Individual,Partial College,Skilled Manual
12092,23091,"Peterson, Richard","Peterson, Richard",Individual,Partial College,Skilled Manual
12093,23092,"Brooks, Gabrielle","Brooks, Gabrielle",Individual,Partial College,Skilled Manual
12094,23093,"Parker, Nathan","Parker, Nathan",Individual,Partial College,Skilled Manual
12109,23108,"Wright, Savannah","Wright, Savannah",Individual,Partial College,Skilled Manual
12110,23109,"Hughes, Lauren","Hughes, Lauren",Individual,High School,Skilled Manual
12111,23110,"Gonzalez, Mackenzie","Gonzalez, Mackenzie",Individual,Partial College,Skilled Manual
12112,23111,"Wright, Sara","Wright, Sara",Individual,Partial College,Skilled Manual
12131,23130,"Russell, Lauren","Russell, Lauren",Individual,Bachelors,Management
12136,23135,"Clark, Dylan","Clark, Dylan",Individual,Partial College,Professional
12137,23136,"Peterson, Stephanie","Peterson, Stephanie",Individual,Bachelors,Management
12139,23138,"Peterson, Angela","Peterson, Angela",Individual,Partial College,Professional
12140,23139,"Yang, Christian","Yang, Christian",Individual,High School,Professional
12141,23140,"Lee, Tyler","Lee, Tyler",Individual,High School,Professional
12142,23141,"Long, Katherine","Long, Katherine",Individual,Partial College,Professional
12143,23142,"Wu, Cara","Wu, Cara",Individual,Partial College,Professional
12144,23143,"Phillips, Jada","Phillips, Jada",Individual,Bachelors,Skilled Manual
12145,23144,"Alexander, Zachary","Alexander, Zachary",Individual,Bachelors,Skilled Manual
12146,23145,"Xie, Nichole","Xie, Nichole",Individual,Graduate Degree,Professional
12147,23146,"Clark, Sarah","Clark, Sarah",Individual,Graduate Degree,Professional
12148,23147,"Smith, Wyatt","Smith, Wyatt",Individual,Bachelors,Skilled Manual
12149,23148,"Ross, Nathan","Ross, Nathan",Individual,Bachelors,Skilled Manual
12150,23149,"Rubio, Brandi","Rubio, Brandi",Individual,Bachelors,Skilled Manual
12151,23150,"Allen, Gabriella","Allen, Gabriella",Individual,Bachelors,Skilled Manual
12152,23151,"Brown, Michael","Brown, Michael",Individual,Bachelors,Skilled Manual
12157,23156,"Barnes, Samantha","Barnes, Samantha",Individual,Graduate Degree,Professional
12158,23157,"Gao, Valerie","Gao, Valerie",Individual,Graduate Degree,Professional
12159,23158,"Patterson, Ana","Patterson, Ana",Individual,Graduate Degree,Professional
12160,23159,"Phillips, Dalton","Phillips, Dalton",Individual,Graduate Degree,Professional
12161,23160,"Huang, Aimee","Huang, Aimee",Individual,Graduate Degree,Professional
12162,23161,"Scott, Samuel","Scott, Samuel",Individual,Graduate Degree,Professional
12163,23162,"Flores, Sarah","Flores, Sarah",Individual,Graduate Degree,Professional
12164,23163,"Ross, Madison","Ross, Madison",Individual,Graduate Degree,Professional
12166,23165,"Mitchell, Natalie","Mitchell, Natalie",Individual,Graduate Degree,Professional
12167,23166,"Ward, Cody","Ward, Cody",Individual,High School,Skilled Manual
12168,23167,"Jenkins, Hailey","Jenkins, Hailey",Individual,Bachelors,Skilled Manual
12169,23168,"Hayes, Mya","Hayes, Mya",Individual,Bachelors,Skilled Manual
12170,23169,"Andersen, Corey","Andersen, Corey",Individual,Bachelors,Skilled Manual
12171,23170,"Jai, Aaron","Jai, Aaron",Individual,Bachelors,Skilled Manual
12172,23171,"Griffin, Ethan","Griffin, Ethan",Individual,Bachelors,Professional
12174,23173,"Rodriguez, Nathan","Rodriguez, Nathan",Individual,Graduate Degree,Professional
12175,23174,"Gonzales, Gloria","Gonzales, Gloria",Individual,Graduate Degree,Professional
12176,23175,"Flores, Melanie","Flores, Melanie",Individual,Graduate Degree,Professional
12177,23176,"Ward, Jesse","Ward, Jesse",Individual,Bachelors,Skilled Manual
12178,23177,"Richardson, Savannah","Richardson, Savannah",Individual,Bachelors,Skilled Manual
12179,23178,"Morris, Dalton","Morris, Dalton",Individual,Bachelors,Skilled Manual
12180,23179,"Phillips, Jordan","Phillips, Jordan (23179)",Individual,Bachelors,Skilled Manual
12181,23180,"Cook, Olivia","Cook, Olivia",Individual,Graduate Degree,Professional
12182,23181,"Evans, Evan","Evans, Evan",Individual,Graduate Degree,Professional
12183,23182,"Rivera, Savannah","Rivera, Savannah",Individual,Graduate Degree,Professional
12184,23183,"Davis, Megan","Davis, Megan",Individual,Graduate Degree,Professional
12185,23184,"Carter, Hailey","Carter, Hailey",Individual,Graduate Degree,Professional
12186,23185,"Edwards, Fernando","Edwards, Fernando",Individual,Graduate Degree,Professional
12187,23186,"Young, Jordan","Young, Jordan (23186)",Individual,Graduate Degree,Professional
12188,23187,"Munoz, Andy","Munoz, Andy",Individual,Graduate Degree,Professional
12189,23188,"Jai, Austin","Jai, Austin",Individual,Graduate Degree,Professional
12190,23189,"Moore, Megan","Moore, Megan",Individual,Graduate Degree,Professional
12191,23190,"Ramirez, Nathaniel","Ramirez, Nathaniel",Individual,Partial High School,Clerical
12192,23191,"Raji, Gilbert","Raji, Gilbert",Individual,Bachelors,Professional
12193,23192,"Garcia, Emily","Garcia, Emily",Individual,Bachelors,Professional
12194,23193,"Flores, Alexis","Flores, Alexis",Individual,Bachelors,Skilled Manual
12195,23194,"Cook, Shelby","Cook, Shelby",Individual,Bachelors,Skilled Manual
12196,23195,"Mohamed, Xavier","Mohamed, Xavier",Individual,Bachelors,Skilled Manual
12198,23197,"Cook, Cole","Cook, Cole",Individual,Bachelors,Skilled Manual
12199,23198,"Sanders, Jacqueline","Sanders, Jacqueline",Individual,Bachelors,Skilled Manual
12200,23199,"Hayes, Brandon","Hayes, Brandon",Individual,Bachelors,Skilled Manual
12201,23200,"Rodriguez, Grace","Rodriguez, Grace",Individual,Bachelors,Skilled Manual
12202,23201,"Butler, Alyssa","Butler, Alyssa",Individual,Bachelors,Skilled Manual
12203,23202,"Chandra, Terrance","Chandra, Terrance",Individual,Bachelors,Skilled Manual
12204,23203,"Jenkins, Dalton","Jenkins, Dalton",Individual,Bachelors,Skilled Manual
12205,23204,"Mitchell, Katherine","Mitchell, Katherine",Individual,Bachelors,Professional
12206,23205,"Sanders, Katherine","Sanders, Katherine",Individual,Bachelors,Professional
12207,23206,"Lal, Jackson","Lal, Jackson",Individual,Bachelors,Professional
12208,23207,"Baker, Dalton","Baker, Dalton",Individual,Bachelors,Skilled Manual
12211,23210,"Gray, Timothy","Gray, Timothy",Individual,Bachelors,Professional
12212,23211,"Kovár, Rebekah","Kovár, Rebekah",Individual,Bachelors,Professional
12213,23212,"Jones, James","Jones, James",Individual,Bachelors,Professional
12214,23213,"Green, Noah","Green, Noah",Individual,Bachelors,Professional
12215,23214,"James, Kaylee","James, Kaylee",Individual,Bachelors,Professional
12216,23215,"Richardson, Juan","Richardson, Juan",Individual,Bachelors,Professional
12217,23216,"Hall, Kevin","Hall, Kevin",Individual,Graduate Degree,Professional
12218,23217,"Morgan, Michelle","Morgan, Michelle",Individual,Graduate Degree,Professional
12219,23218,"Gao, Alisha","Gao, Alisha",Individual,High School,Manual
12222,23221,"Rai, Leonard","Rai, Leonard",Individual,Partial High School,Manual
12227,23226,"Xie, Leonard","Xie, Leonard",Individual,High School,Manual
12229,23228,"Guo, Candice","Guo, Candice",Individual,Partial High School,Manual
12230,23229,"Raje, Deborah","Raje, Deborah",Individual,Partial High School,Manual
12234,23233,"Sharma, Bradley","Sharma, Bradley",Individual,Partial College,Clerical
12235,23234,"Lu, Brent","Lu, Brent",Individual,Partial College,Clerical
12238,23237,"Young, Caleb","Young, Caleb",Individual,Partial College,Clerical
12239,23238,"Lee, Thomas","Lee, Thomas",Individual,Partial College,Clerical
12240,23239,"Wu, Curtis","Wu, Curtis",Individual,Partial College,Clerical
12241,23240,"Chapman, Phillip","Chapman, Phillip",Individual,Partial College,Clerical
12242,23241,"Torres, Armando","Torres, Armando",Individual,Partial College,Clerical
12249,23248,"Peterson, Bailey","Peterson, Bailey",Individual,High School,Manual
12250,23249,"Nara, Tasha","Nara, Tasha",Individual,High School,Manual
12251,23250,"Lee, Ashley","Lee, Ashley",Individual,High School,Manual
12252,23251,"Scott, Evan","Scott, Evan",Individual,High School,Manual
12253,23252,"Wood, Alexia","Wood, Alexia",Individual,High School,Manual
12255,23254,"Gonzalez, Jack","Gonzalez, Jack",Individual,High School,Manual
12257,23256,"Chande, Mario","Chande, Mario",Individual,High School,Clerical
12259,23258,"Watson, Megan","Watson, Megan",Individual,High School,Clerical
12260,23259,"Taylor, John","Taylor, John",Individual,High School,Clerical
12261,23260,"Goel, Edwin","Goel, Edwin",Individual,High School,Clerical
12262,23261,"Peterson, Jada","Peterson, Jada",Individual,High School,Clerical
12263,23262,"Kelly, Sydney","Kelly, Sydney",Individual,High School,Clerical
12264,23263,"Lopez, Angel","Lopez, Angel",Individual,High School,Skilled Manual
12272,23271,"Clark, Alexandra","Clark, Alexandra",Individual,High School,Skilled Manual
12273,23272,"Hayes, Tristan","Hayes, Tristan",Individual,High School,Skilled Manual
12274,23273,"Long, Benjamin","Long, Benjamin",Individual,High School,Skilled Manual
12275,23274,"Jackson, Ethan","Jackson, Ethan",Individual,High School,Skilled Manual
12276,23275,"Jackson, Miguel","Jackson, Miguel",Individual,High School,Skilled Manual
12277,23276,"Zhou, Vincent","Zhou, Vincent",Individual,High School,Skilled Manual
12278,23277,"Torres, Isaiah","Torres, Isaiah",Individual,High School,Skilled Manual
12279,23278,"Flores, Chloe","Flores, Chloe",Individual,High School,Skilled Manual
12281,23280,"Alexander, Hannah","Alexander, Hannah",Individual,High School,Skilled Manual
12283,23282,"James, Ariana","James, Ariana",Individual,Partial College,Clerical
12286,23285,"Luo, Latoya","Luo, Latoya",Individual,Graduate Degree,Skilled Manual
12287,23286,"Bell, Taylor","Bell, Taylor",Individual,Graduate Degree,Skilled Manual
12288,23287,"Kelly, Juan","Kelly, Juan",Individual,Partial College,Clerical
12289,23288,"Evans, Eduardo","Evans, Eduardo",Individual,Graduate Degree,Skilled Manual
12290,23289,"Robinson, Justin","Robinson, Justin",Individual,Graduate Degree,Skilled Manual
12292,23291,"Evans, Timothy","Evans, Timothy",Individual,Graduate Degree,Skilled Manual
12293,23292,"Russell, Jose","Russell, Jose",Individual,Graduate Degree,Skilled Manual
12294,23293,"Peterson, Kaylee","Peterson, Kaylee",Individual,Graduate Degree,Skilled Manual
12295,23294,"Chen, Suzanne","Chen, Suzanne",Individual,Graduate Degree,Skilled Manual
12296,23295,"Torres, Jaime","Torres, Jaime",Individual,Graduate Degree,Skilled Manual
12297,23296,"Mehta, Molly","Mehta, Molly",Individual,Partial College,Clerical
12298,23297,"Gomez, Tyrone","Gomez, Tyrone",Individual,Partial College,Clerical
12299,23298,"Martinez, Robert","Martinez, Robert",Individual,Graduate Degree,Skilled Manual
12300,23299,"Jimenez, Kristy","Jimenez, Kristy",Individual,Partial College,Skilled Manual
12301,23300,"Henderson, Julia","Henderson, Julia",Individual,Bachelors,Management
12302,23301,"Anderson, Noah","Anderson, Noah",Individual,Bachelors,Management
12303,23302,"Walker, Fernando","Walker, Fernando",Individual,High School,Skilled Manual
12304,23303,"Lal, Connor","Lal, Connor",Individual,High School,Skilled Manual
12305,23304,"Simmons, Jordan","Simmons, Jordan",Individual,Partial College,Skilled Manual
12320,23319,"Green, Luis","Green, Luis",Individual,Partial College,Skilled Manual
12327,23326,"Ye, Tiffany","Ye, Tiffany",Individual,Partial High School,Clerical
12328,23327,"Moore, Madison","Moore, Madison",Individual,Partial College,Skilled Manual
12329,23328,"Butler, Julian","Butler, Julian",Individual,Partial College,Skilled Manual
12334,23333,"Sun, Steve","Sun, Steve",Individual,Partial College,Skilled Manual
12335,23334,"Wilson, Brandon","Wilson, Brandon",Individual,High School,Skilled Manual
12336,23335,"Robinson, James","Robinson, James",Individual,High School,Skilled Manual
12337,23336,"Bryant, Jocelyn","Bryant, Jocelyn",Individual,High School,Skilled Manual
12338,23337,"Green, Isaiah","Green, Isaiah",Individual,Partial College,Skilled Manual
12339,23338,"Jenkins, Lucas","Jenkins, Lucas",Individual,Partial College,Skilled Manual
12340,23339,"Reed, Zoe","Reed, Zoe",Individual,Partial College,Skilled Manual
12341,23340,"Collins, Mackenzie","Collins, Mackenzie",Individual,Partial College,Professional
12342,23341,"Chen, Kelvin","Chen, Kelvin",Individual,Partial College,Professional
12343,23342,"She, Cristina","She, Cristina",Individual,Partial College,Professional
12350,23349,"Johnson, Lauren","Johnson, Lauren",Individual,Bachelors,Management
12353,23352,"Mitchell, Kevin","Mitchell, Kevin",Individual,Partial College,Professional
12354,23353,"Scott, Sophia","Scott, Sophia",Individual,Partial College,Professional
12355,23354,"Gomez, Eddie","Gomez, Eddie",Individual,Partial College,Professional
12356,23355,"Serrano, Lance","Serrano, Lance",Individual,Partial College,Professional
12357,23356,"Ward, Grace","Ward, Grace",Individual,Partial College,Professional
12358,23357,"Yang, Micah","Yang, Micah",Individual,Partial College,Professional
12359,23358,"Alvarez, Alberto","Alvarez, Alberto",Individual,High School,Professional
12360,23359,"Alexander, Dalton","Alexander, Dalton",Individual,Graduate Degree,Management
12361,23360,"Moore, Marcus","Moore, Marcus",Individual,Graduate Degree,Management
12362,23361,"Lopez, Chloe","Lopez, Chloe",Individual,Graduate Degree,Management
12365,23364,"Young, Natalie","Young, Natalie",Individual,Bachelors,Professional
12366,23365,"Flores, Vanessa","Flores, Vanessa",Individual,Bachelors,Professional
12367,23366,"Campbell, Fernando","Campbell, Fernando",Individual,Bachelors,Skilled Manual
12368,23367,"Ramirez, Haley","Ramirez, Haley",Individual,Bachelors,Skilled Manual
12370,23369,"Washington, Morgan","Washington, Morgan",Individual,Bachelors,Skilled Manual
12373,23372,"Diaz, Jack","Diaz, Jack",Individual,Graduate Degree,Professional
12374,23373,"Murphy, Gabrielle","Murphy, Gabrielle",Individual,Graduate Degree,Professional
12375,23374,"Gray, Emma","Gray, Emma",Individual,Bachelors,Professional
12376,23375,"Zhang, Christian","Zhang, Christian",Individual,Bachelors,Professional
12378,23377,"Hayes, Samantha","Hayes, Samantha",Individual,Partial College,Skilled Manual
12380,23379,"Richardson, Riley","Richardson, Riley",Individual,Bachelors,Professional
12381,23380,"Campbell, Gabriel","Campbell, Gabriel",Individual,High School,Skilled Manual
12382,23381,"Hu, Bianca","Hu, Bianca",Individual,High School,Skilled Manual
12383,23382,"Barnes, Xavier","Barnes, Xavier",Individual,Partial College,Skilled Manual
12392,23391,"Moreno, Joanna","Moreno, Joanna",Individual,Graduate Degree,Professional
12393,23392,"Dominguez, Adrienne","Dominguez, Adrienne",Individual,Graduate Degree,Professional
12394,23393,"Anderson, Jennifer","Anderson, Jennifer",Individual,Graduate Degree,Professional
12395,23394,"Bell, Anna","Bell, Anna",Individual,Graduate Degree,Professional
12403,23402,"Cox, Melissa","Cox, Melissa",Individual,Bachelors,Professional
12404,23403,"Powell, Justin","Powell, Justin",Individual,Bachelors,Professional
12405,23404,"Peterson, Amanda","Peterson, Amanda",Individual,Bachelors,Professional
12406,23405,"Madan, Kari","Madan, Kari",Individual,Graduate Degree,Professional
12407,23406,"Sanchez, Frederick","Sanchez, Frederick",Individual,Graduate Degree,Professional
12408,23407,"Garcia, Lauren","Garcia, Lauren",Individual,Graduate Degree,Professional
12447,23446,"Chander, Nina","Chander, Nina",Individual,Partial College,Clerical
12448,23447,"Weber, Jermaine","Weber, Jermaine",Individual,Partial College,Clerical
12449,23448,"Peterson, Abigail","Peterson, Abigail",Individual,Partial High School,Skilled Manual
12451,23450,"Rogers, Alex","Rogers, Alex",Individual,High School,Professional
12452,23451,"James, Taylor","James, Taylor",Individual,High School,Professional
12453,23452,"Watson, Eduardo","Watson, Eduardo",Individual,High School,Professional
12454,23453,"Deng, Maurice","Deng, Maurice",Individual,Partial College,Professional
12455,23454,"Wang, Ryan","Wang, Ryan",Individual,Partial College,Professional
12457,23456,"Simmons, Aidan","Simmons, Aidan",Individual,Partial High School,Skilled Manual
12458,23457,"Rivera, Nicole","Rivera, Nicole",Individual,Partial High School,Skilled Manual
12461,23460,"Ramos, Javier","Ramos, Javier",Individual,Partial College,Professional
12462,23461,"Smith, Rachael","Smith, Rachael",Individual,Partial College,Professional
12463,23462,"Jones, Seth","Jones, Seth",Individual,Bachelors,Management
12464,23463,"Hill, Sean","Hill, Sean",Individual,Bachelors,Management
12465,23464,"Turner, Devin","Turner, Devin",Individual,Graduate Degree,Management
12466,23465,"Russell, Grace","Russell, Grace",Individual,Partial College,Professional
12467,23466,"Miller, Alyssa","Miller, Alyssa",Individual,Partial College,Professional
12468,23467,"Bennett, Nicole","Bennett, Nicole",Individual,Partial College,Professional
12469,23468,"Roberts, Sean","Roberts, Sean",Individual,Graduate Degree,Management
12470,23469,"Gray, Christina","Gray, Christina",Individual,Graduate Degree,Management
12471,23470,"Young, Samuel","Young, Samuel",Individual,Graduate Degree,Management
12472,23471,"Baker, Jeremy","Baker, Jeremy",Individual,Partial College,Professional
12473,23472,"Rodriguez, Alyssa","Rodriguez, Alyssa",Individual,Partial College,Professional
12474,23473,"James, Jesse","James, Jesse",Individual,Partial College,Professional
12475,23474,"Williams, Julia","Williams, Julia",Individual,Partial College,Professional
12476,23475,"Martin, Richard","Martin, Richard",Individual,Graduate Degree,Management
12478,23477,"Phillips, Marcus","Phillips, Marcus",Individual,Partial College,Professional
12479,23478,"Cooper, Hailey","Cooper, Hailey",Individual,Partial College,Professional
12480,23479,"Robinson, Fernando","Robinson, Fernando",Individual,Partial College,Professional
12481,23480,"Coleman, Sydney","Coleman, Sydney",Individual,Partial College,Professional
12482,23481,"Xu, Dustin","Xu, Dustin",Individual,Partial College,Professional
12483,23482,"Gray, Zoe","Gray, Zoe",Individual,Bachelors,Management
12484,23483,"Jai, David","Jai, David",Individual,Bachelors,Management
12485,23484,"Allen, Jenna","Allen, Jenna",Individual,Partial College,Professional
12490,23489,"Huang, Autumn","Huang, Autumn",Individual,Partial College,Professional
12491,23490,"Wilson, Nicholas","Wilson, Nicholas",Individual,High School,Professional
12492,23491,"Taylor, Miguel","Taylor, Miguel",Individual,Partial College,Professional
12493,23492,"Blanco, Jamie","Blanco, Jamie",Individual,Partial College,Professional
12494,23493,"Taylor, Thomas","Taylor, Thomas",Individual,Bachelors,Management
12496,23495,"Shan, James","Shan, James",Individual,High School,Professional
12497,23496,"Harris, Nicholas","Harris, Nicholas",Individual,High School,Professional
12498,23497,"Bryant, Olivia","Bryant, Olivia",Individual,High School,Professional
12500,23499,"Washington, Spencer","Washington, Spencer",Individual,Graduate Degree,Management
12501,23500,"Garcia, Adriana","Garcia, Adriana",Individual,Graduate Degree,Management
12502,23501,"Perry, Isabelle","Perry, Isabelle",Individual,Bachelors,Management
12503,23502,"Lopez, Logan","Lopez, Logan",Individual,Graduate Degree,Management
12505,23504,"Rana, George","Rana, George",Individual,Partial College,Professional
12506,23505,"Sharma, Connor","Sharma, Connor",Individual,Partial College,Professional
12507,23506,"Campbell, Jesse","Campbell, Jesse",Individual,Partial College,Professional
12508,23507,"Henderson, Rachel","Henderson, Rachel",Individual,High School,Professional
12509,23508,"Jones, Blake","Jones, Blake",Individual,High School,Professional
12510,23509,"Powell, Faith","Powell, Faith",Individual,Graduate Degree,Management
12511,23510,"Cooper, Morgan","Cooper, Morgan",Individual,Graduate Degree,Management
12513,23512,"Henderson, Zachary","Henderson, Zachary",Individual,Partial College,Professional
12515,23514,"Bell, Chloe","Bell, Chloe",Individual,Partial College,Professional
12516,23515,"Walker, Zachary","Walker, Zachary",Individual,Partial College,Professional
12517,23516,"Miller, Ashley","Miller, Ashley",Individual,Partial College,Professional
12518,23517,"Martinez, Ronald","Martinez, Ronald",Individual,High School,Professional
12520,23519,"Long, Jacqueline","Long, Jacqueline",Individual,High School,Professional
12521,23520,"Wilson, Richard","Wilson, Richard",Individual,Partial College,Professional
12550,23549,"Sai, George","Sai, George",Individual,High School,Skilled Manual
12551,23550,"Cook, Jennifer","Cook, Jennifer",Individual,High School,Skilled Manual
12556,23555,"Chavez, Andres","Chavez, Andres",Individual,High School,Skilled Manual
12557,23556,"Munoz, Kristi","Munoz, Kristi",Individual,High School,Skilled Manual
12559,23558,"Barnes, Dakota","Barnes, Dakota",Individual,High School,Skilled Manual
12561,23560,"Flores, Jacqueline","Flores, Jacqueline",Individual,High School,Skilled Manual
12562,23561,"Williams, Jose","Williams, Jose",Individual,High School,Skilled Manual
12565,23564,"Howard, Jessica","Howard, Jessica",Individual,Partial High School,Clerical
12566,23565,"Torres, Julia","Torres, Julia",Individual,High School,Skilled Manual
12569,23568,"Diaz, Paige","Diaz, Paige",Individual,High School,Skilled Manual
12578,23577,"Bennett, Julia","Bennett, Julia",Individual,High School,Skilled Manual
12579,23578,"Lal, Eric","Lal, Eric",Individual,Partial College,Skilled Manual
12580,23579,"Richardson, Jared","Richardson, Jared",Individual,High School,Skilled Manual
12583,23582,"Simmons, Stephanie","Simmons, Stephanie",Individual,Partial College,Skilled Manual
12585,23584,"Evans, Jason","Evans, Jason",Individual,Partial College,Skilled Manual
12586,23585,"Moore, Kaitlyn","Moore, Kaitlyn",Individual,Partial College,Skilled Manual
12587,23586,"Coleman, Madison","Coleman, Madison",Individual,Bachelors,Management
12588,23587,"Gonzalez, Hailey","Gonzalez, Hailey",Individual,Bachelors,Management
12589,23588,"Hughes, Ryan","Hughes, Ryan",Individual,Bachelors,Management
12590,23589,"Baker, Amanda","Baker, Amanda",Individual,Bachelors,Management
12591,23590,"Brown, Austin","Brown, Austin",Individual,Bachelors,Management
12595,23594,"Diaz, Paula","Diaz, Paula",Individual,Partial College,Professional
12602,23601,"Alan, Kari","Alan, Kari",Individual,High School,Professional
12603,23602,"Lopez, Andrea","Lopez, Andrea",Individual,High School,Professional
12605,23604,"Kovar, Troy","Kovar, Troy",Individual,Partial College,Professional
12606,23605,"Sabella, Deanna","Sabella, Deanna",Individual,Partial College,Professional
12613,23612,"Liu, Rosa","Liu, Rosa",Individual,Partial College,Professional
12617,23616,"Roberts, Karen","Roberts, Karen",Individual,Bachelors,Management
12620,23619,"Tang, Ricardo","Tang, Ricardo",Individual,Bachelors,Management
12623,23622,"Moreno, Darren","Moreno, Darren",Individual,Partial College,Professional
12625,23624,"Malhotra, Jillian","Malhotra, Jillian",Individual,High School,Professional
12628,23627,"Navarro, Adrienne","Navarro, Adrienne",Individual,Partial College,Management
12633,23632,"Zhou, Kristen","Zhou, Kristen",Individual,High School,Management
12634,23633,"Chande, Deborah","Chande, Deborah",Individual,High School,Management
12635,23634,"Li, Ernest","Li, Ernest",Individual,High School,Management
12667,23666,"Anderson, Olivia","Anderson, Olivia",Individual,High School,Professional
12668,23667,"Arun, Harold","Arun, Harold",Individual,High School,Professional
12669,23668,"Hughes, Jessica","Hughes, Jessica",Individual,High School,Professional
12670,23669,"Torres, Sean","Torres, Sean",Individual,Graduate Degree,Management
12671,23670,"Henderson, Mya","Henderson, Mya",Individual,Graduate Degree,Management
12672,23671,"Thomas, Fernando","Thomas, Fernando",Individual,Graduate Degree,Management
12673,23672,"Flores, Abigail","Flores, Abigail",Individual,Graduate Degree,Management
12675,23674,"Walker, Jeremiah","Walker, Jeremiah",Individual,Graduate Degree,Management
12676,23675,"Prasad, Emmanuel","Prasad, Emmanuel",Individual,Bachelors,Management
12678,23677,"Lewis, Charles","Lewis, Charles",Individual,Bachelors,Management
12679,23678,"Diaz, Kelly","Diaz, Kelly",Individual,Bachelors,Management
12681,23680,"Powell, Anna","Powell, Anna",Individual,Bachelors,Management
12684,23683,"Alonso, Dana","Alonso, Dana",Individual,Bachelors,Management
12685,23684,"Rodriguez, Jasmine","Rodriguez, Jasmine",Individual,Bachelors,Management
12686,23685,"Reed, Alexa","Reed, Alexa",Individual,Bachelors,Management
12687,23686,"Murphy, Rachel","Murphy, Rachel",Individual,Bachelors,Management
12688,23687,"Flores, Melissa","Flores, Melissa",Individual,Partial High School,Clerical
12689,23688,"Thomas, Olivia","Thomas, Olivia",Individual,Partial High School,Clerical
12690,23689,"Hall, Kayla","Hall, Kayla",Individual,High School,Professional
12691,23690,"James, Angel","James, Angel",Individual,High School,Professional
12692,23691,"Hu, Karen","Hu, Karen",Individual,Partial High School,Clerical
12693,23692,"King, Isaac","King, Isaac",Individual,Partial High School,Clerical
12694,23693,"Jenkins, Jacqueline","Jenkins, Jacqueline",Individual,Partial High School,Clerical
12695,23694,"Brooks, Brian","Brooks, Brian",Individual,Partial High School,Clerical
12696,23695,"Coleman, Elijah","Coleman, Elijah",Individual,Partial High School,Skilled Manual
12697,23696,"Li, Autumn","Li, Autumn",Individual,Partial High School,Skilled Manual
12698,23697,"Kelly, Cody","Kelly, Cody",Individual,Partial High School,Skilled Manual
12699,23698,"Coleman, Melissa","Coleman, Melissa",Individual,Partial High School,Skilled Manual
12700,23699,"Walker, Nicholas","Walker, Nicholas",Individual,Partial High School,Skilled Manual
12701,23700,"Young, Katelyn","Young, Katelyn",Individual,Partial High School,Skilled Manual
12702,23701,"Barnes, Marissa","Barnes, Marissa",Individual,High School,Professional
12703,23702,"James, Eduardo","James, Eduardo",Individual,High School,Professional
12704,23703,"Sanchez, Jacqueline","Sanchez, Jacqueline",Individual,High School,Professional
12705,23704,"Moore, Christopher","Moore, Christopher",Individual,High School,Professional
12706,23705,"Bryant, Jeremy","Bryant, Jeremy",Individual,High School,Professional
12707,23706,"Cooper, Mackenzie","Cooper, Mackenzie",Individual,Bachelors,Management
12708,23707,"Anderson, William","Anderson, William",Individual,Bachelors,Management
12709,23708,"Coleman, Victoria","Coleman, Victoria",Individual,Bachelors,Management
12710,23709,"Perry, Devin","Perry, Devin",Individual,Bachelors,Management
12711,23710,"Sanchez, Anna","Sanchez, Anna",Individual,High School,Professional
12712,23711,"Diaz, Fernando","Diaz, Fernando",Individual,Bachelors,Management
12713,23712,"Murphy, Riley","Murphy, Riley",Individual,Bachelors,Management
12714,23713,"Butler, Arianna","Butler, Arianna",Individual,Bachelors,Management
12715,23714,"Williams, Joseph","Williams, Joseph",Individual,Bachelors,Management
12716,23715,"Flores, Isabel","Flores, Isabel",Individual,Bachelors,Management
12718,23717,"Griffin, Aidan","Griffin, Aidan",Individual,Partial College,Professional
12719,23718,"Blanco, Nelson","Blanco, Nelson",Individual,Partial College,Professional
12721,23720,"Davis, Anna","Davis, Anna",Individual,Partial College,Professional
12722,23721,"Clark, John","Clark, John",Individual,Partial College,Professional
12723,23722,"Perez, Andrea","Perez, Andrea",Individual,Partial College,Professional
12724,23723,"Phillips, Jose","Phillips, Jose",Individual,Partial College,Professional
12725,23724,"Hughes, Gabrielle","Hughes, Gabrielle",Individual,Partial College,Professional
12727,23726,"Xie, Darrell","Xie, Darrell",Individual,Partial College,Professional
12728,23727,"Serrano, Bruce","Serrano, Bruce",Individual,Partial College,Professional
12729,23728,"Kelly, Paige","Kelly, Paige",Individual,Partial College,Professional
12730,23729,"Allen, Marcus","Allen, Marcus",Individual,Partial College,Professional
12733,23732,"Wood, Xavier","Wood, Xavier",Individual,High School,Professional
12734,23733,"Gomez, Natasha","Gomez, Natasha",Individual,High School,Professional
12735,23734,"Wood, Melanie","Wood, Melanie",Individual,Partial College,Professional
12736,23735,"Washington, Amanda","Washington, Amanda",Individual,Partial College,Professional
12737,23736,"Rivera, Sydney","Rivera, Sydney",Individual,Partial College,Professional
12738,23737,"Velez Amezaga, Elena","Velez Amezaga, Elena",Individual,Partial College,Professional
12739,23738,"Bennett, Julian","Bennett, Julian",Individual,High School,Professional
12740,23739,"Kapoor, Virginia","Kapoor, Virginia",Individual,High School,Professional
12741,23740,"Jackson, Noah","Jackson, Noah",Individual,Partial High School,Skilled Manual
12742,23741,"Romero, Dana","Romero, Dana",Individual,Partial High School,Skilled Manual
12743,23742,"Cox, Morgan","Cox, Morgan",Individual,Partial High School,Skilled Manual
12756,23755,"Wu, Louis","Wu, Louis",Individual,Partial High School,Manual
12758,23757,"Roberts, James","Roberts, James",Individual,Partial High School,Manual
12760,23759,"Alonso, Clinton","Alonso, Clinton",Individual,Bachelors,Skilled Manual
12765,23764,"Liu, Alisha","Liu, Alisha",Individual,Partial College,Clerical
12766,23765,"Price, Kelly","Price, Kelly",Individual,Partial College,Clerical
12767,23766,"Martinez, Cassandra","Martinez, Cassandra",Individual,Partial College,Clerical
12773,23772,"Raman, Cory","Raman, Cory",Individual,Partial High School,Manual
12777,23776,"Yuan, Cristina","Yuan, Cristina",Individual,Partial College,Clerical
12782,23781,"Ross, Jordyn","Ross, Jordyn",Individual,Partial College,Clerical
12783,23782,"Bryant, Edward","Bryant, Edward",Individual,Partial College,Clerical
12785,23784,"Arun, Preston","Arun, Preston",Individual,Graduate Degree,Skilled Manual
12786,23785,"Harris, Taylor","Harris, Taylor",Individual,Graduate Degree,Skilled Manual
12787,23786,"Serrano, Carrie","Serrano, Carrie",Individual,Partial High School,Manual
12788,23787,"Ward, Adrian","Ward, Adrian",Individual,High School,Clerical
12789,23788,"Smith, Michael","Smith, Michael",Individual,High School,Clerical
12790,23789,"Walker, Ryan","Walker, Ryan",Individual,High School,Clerical
12791,23790,"Williams, Isabella","Williams, Isabella",Individual,Partial High School,Clerical
12792,23791,"Griffin, Aaron","Griffin, Aaron",Individual,Partial High School,Clerical
12793,23792,"Wu, Jessie","Wu, Jessie",Individual,Partial High School,Clerical
12794,23793,"Kumar, Ryan","Kumar, Ryan",Individual,High School,Clerical
12795,23794,"Powell, Abigail","Powell, Abigail",Individual,High School,Clerical
12796,23795,"Moore, Lauren","Moore, Lauren",Individual,High School,Clerical
12797,23796,"Young, Miguel","Young, Miguel",Individual,High School,Clerical
12798,23797,"Perez, Nathan","Perez, Nathan",Individual,Partial High School,Clerical
12800,23799,"Chandra, Carolyn","Chandra, Carolyn",Individual,Partial High School,Clerical
12801,23800,"Cox, Kaylee","Cox, Kaylee",Individual,Partial High School,Clerical
12802,23801,"Wood, Taylor","Wood, Taylor",Individual,Partial High School,Clerical
12803,23802,"Diaz, Emily","Diaz, Emily",Individual,Partial High School,Clerical
12805,23804,"Ma, Kristen","Ma, Kristen",Individual,High School,Skilled Manual
12806,23805,"Hayes, Luke","Hayes, Luke",Individual,High School,Skilled Manual
12808,23807,"Hughes, Carson","Hughes, Carson",Individual,Partial College,Clerical
12809,23808,"Perry, Spencer","Perry, Spencer",Individual,Partial College,Clerical
12810,23809,"Sanchez, Danielle","Sanchez, Danielle",Individual,Partial College,Clerical
12811,23810,"Lee, Sarah","Lee, Sarah",Individual,Partial College,Clerical
12812,23811,"Powell, Ethan","Powell, Ethan",Individual,Partial College,Clerical
12813,23812,"Butler, Cameron","Butler, Cameron",Individual,Partial College,Clerical
12814,23813,"Bennett, Hannah","Bennett, Hannah",Individual,Partial College,Clerical
12815,23814,"Foster, Angela","Foster, Angela",Individual,Partial College,Clerical
12816,23815,"Ward, Julia","Ward, Julia",Individual,Partial College,Clerical
12817,23816,"Johnson, Natalie","Johnson, Natalie",Individual,Partial College,Clerical
12818,23817,"Murphy, Kaitlyn","Murphy, Kaitlyn",Individual,Partial College,Clerical
12819,23818,"Gonzales, Cassidy","Gonzales, Cassidy",Individual,Graduate Degree,Skilled Manual
12821,23820,"Diaz, Isabelle","Diaz, Isabelle",Individual,Graduate Degree,Skilled Manual
12822,23821,"Lal, Jordan","Lal, Jordan",Individual,Graduate Degree,Skilled Manual
12823,23822,"Campbell, Sierra","Campbell, Sierra",Individual,Graduate Degree,Skilled Manual
12824,23823,"Davis, Samuel","Davis, Samuel",Individual,Graduate Degree,Skilled Manual
12825,23824,"Carter, Edward","Carter, Edward",Individual,Graduate Degree,Skilled Manual
12826,23825,"Coleman, Katherine","Coleman, Katherine",Individual,Graduate Degree,Skilled Manual
12827,23826,"Ross, Dalton","Ross, Dalton",Individual,Graduate Degree,Skilled Manual
12829,23828,"Carlson, Carolyn","Carlson, Carolyn",Individual,Graduate Degree,Skilled Manual
12832,23831,"Jai, Colleen","Jai, Colleen",Individual,Bachelors,Skilled Manual
12833,23832,"Ramirez, Alexandra","Ramirez, Alexandra",Individual,Bachelors,Skilled Manual
12834,23833,"Gonzales, Kevin","Gonzales, Kevin",Individual,Bachelors,Skilled Manual
12835,23834,"Long, Ethan","Long, Ethan",Individual,Graduate Degree,Skilled Manual
12836,23835,"Jackson, Marcus","Jackson, Marcus",Individual,Graduate Degree,Professional
12837,23836,"Carter, Chloe","Carter, Chloe",Individual,Graduate Degree,Professional
12838,23837,"Li, Jonathan","Li, Jonathan",Individual,Bachelors,Skilled Manual
12839,23838,"Ready, Ariana","Ready, Ariana",Individual,Bachelors,Skilled Manual
12840,23839,"Howard, Savannah","Howard, Savannah",Individual,Bachelors,Skilled Manual
12841,23840,"Ward, Mason","Ward, Mason",Individual,Bachelors,Skilled Manual
12842,23841,"Phillips, Sydney","Phillips, Sydney",Individual,Bachelors,Skilled Manual
12844,23843,"Patterson, Marcus","Patterson, Marcus",Individual,Graduate Degree,Professional
12845,23844,"Gonzales, Alexandra","Gonzales, Alexandra",Individual,Bachelors,Skilled Manual
12846,23845,"Turner, Madeline","Turner, Madeline",Individual,Bachelors,Skilled Manual
12848,23847,"Sharma, Chad","Sharma, Chad",Individual,Bachelors,Skilled Manual
12849,23848,"Sai, Pamela","Sai, Pamela",Individual,Bachelors,Skilled Manual
12850,23849,"Simmons, Alexis","Simmons, Alexis",Individual,Graduate Degree,Professional
12851,23850,"Hall, Anna","Hall, Anna",Individual,Graduate Degree,Professional
12852,23851,"Rogers, Mariah","Rogers, Mariah",Individual,Graduate Degree,Professional
12853,23852,"Torres, Desiree","Torres, Desiree",Individual,Graduate Degree,Professional
12854,23853,"Perez, Isaac","Perez, Isaac",Individual,Graduate Degree,Professional
12855,23854,"Torres, Megan","Torres, Megan",Individual,Graduate Degree,Professional
12856,23855,"Watson, Carlos","Watson, Carlos",Individual,Graduate Degree,Professional
12857,23856,"Taylor, Sarah","Taylor, Sarah",Individual,Graduate Degree,Professional
12858,23857,"Anderson, Alexandra","Anderson, Alexandra",Individual,Graduate Degree,Professional
12861,23860,"Long, Eric","Long, Eric",Individual,Bachelors,Skilled Manual
12862,23861,"Anand, Keith","Anand, Keith",Individual,Bachelors,Skilled Manual
12863,23862,"Kapoor, Rebekah","Kapoor, Rebekah",Individual,High School,Skilled Manual
12864,23863,"Williams, Christian","Williams, Christian",Individual,Bachelors,Professional
12865,23864,"Jackson, Chloe","Jackson, Chloe",Individual,Bachelors,Professional
12870,23869,"Nara, Wayne","Nara, Wayne",Individual,Graduate Degree,Professional
12871,23870,"Henderson, Elijah","Henderson, Elijah",Individual,Graduate Degree,Professional
12872,23871,"Richardson, Bailey","Richardson, Bailey",Individual,Graduate Degree,Professional
12873,23872,"Garcia, Matthew","Garcia, Matthew",Individual,Graduate Degree,Professional
12874,23873,"Miller, Nicole","Miller, Nicole",Individual,Graduate Degree,Professional
12875,23874,"Cook, Abigail","Cook, Abigail",Individual,Bachelors,Skilled Manual
12876,23875,"Green, Sean","Green, Sean",Individual,Bachelors,Skilled Manual
12877,23876,"Henderson, David","Henderson, David",Individual,Bachelors,Skilled Manual
12878,23877,"Morris, Katherine","Morris, Katherine",Individual,Graduate Degree,Professional
12879,23878,"Wood, Chloe","Wood, Chloe",Individual,Graduate Degree,Professional
12881,23880,"Patterson, Noah","Patterson, Noah",Individual,Graduate Degree,Professional
12882,23881,"Martinez, Joshua","Martinez, Joshua",Individual,Graduate Degree,Professional
12883,23882,"Butler, Alexia","Butler, Alexia",Individual,Graduate Degree,Professional
12884,23883,"Russell, Jackson","Russell, Jackson",Individual,Graduate Degree,Professional
12885,23884,"Ross, Ethan","Ross, Ethan",Individual,Graduate Degree,Professional
12886,23885,"Morris, Angela","Morris, Angela",Individual,Graduate Degree,Professional
12887,23886,"Stewart, Sean","Stewart, Sean",Individual,Graduate Degree,Professional
12888,23887,"Carter, Mason","Carter, Mason",Individual,Bachelors,Professional
12889,23888,"Clark, Edward","Clark, Edward",Individual,Bachelors,Skilled Manual
12890,23889,"Carter, Sean","Carter, Sean",Individual,Bachelors,Skilled Manual
12891,23890,"Cox, Haley","Cox, Haley",Individual,Bachelors,Skilled Manual
12892,23891,"Jenkins, Jack","Jenkins, Jack",Individual,Bachelors,Skilled Manual
12895,23894,"Ramirez, Bryan","Ramirez, Bryan",Individual,Bachelors,Skilled Manual
12896,23895,"Powell, Nicole","Powell, Nicole",Individual,Graduate Degree,Professional
12897,23896,"Peterson, Megan","Peterson, Megan",Individual,Bachelors,Professional
12898,23897,"Chapman, Katrina","Chapman, Katrina",Individual,Partial High School,Manual
12899,23898,"Rai, Shawna","Rai, Shawna",Individual,Partial High School,Manual
12901,23900,"Yang, Rafael","Yang, Rafael",Individual,Partial College,Manual
12903,23902,"Kumar, Julie","Kumar, Julie",Individual,Bachelors,Clerical
12904,23903,"Subram, Harold","Subram, Harold",Individual,Bachelors,Clerical
12906,23905,"Zhang, Jose","Zhang, Jose",Individual,Bachelors,Clerical
12907,23906,"Ma, Alan","Ma, Alan",Individual,Bachelors,Clerical
12911,23910,"Perry, Gabriel","Perry, Gabriel",Individual,Partial High School,Manual
12913,23912,"Sanchez, Arthur","Sanchez, Arthur",Individual,High School,Manual
12915,23914,"Sharma, Tonya","Sharma, Tonya",Individual,High School,Manual
12916,23915,"Serrano, Lawrence","Serrano, Lawrence",Individual,High School,Manual
12917,23916,"Serrano, Ruben","Serrano, Ruben",Individual,Partial High School,Manual
12918,23917,"Carlson, Carrie","Carlson, Carrie",Individual,High School,Manual
12922,23921,"Lee, Charles","Lee, Charles",Individual,Bachelors,Professional
12923,23922,"Richardson, Cody","Richardson, Cody",Individual,Bachelors,Professional
12926,23925,"Torres, Marie","Torres, Marie",Individual,Bachelors,Skilled Manual
12927,23926,"Weber, Lydia","Weber, Lydia",Individual,Bachelors,Skilled Manual
12934,23933,"Carlson, Sabrina","Carlson, Sabrina",Individual,Partial College,Clerical
12938,23937,"Ruiz, Eddie","Ruiz, Eddie",Individual,High School,Manual
12942,23941,"Anderson, Eduardo","Anderson, Eduardo",Individual,Partial College,Clerical
12943,23942,"Goel, Rafael","Goel, Rafael",Individual,Partial College,Clerical
12947,23946,"Luo, Kelli","Luo, Kelli",Individual,Partial College,Clerical
12948,23947,"Liang, Autumn","Liang, Autumn",Individual,Partial College,Clerical
12953,23952,"Dominguez, Nelson","Dominguez, Nelson",Individual,High School,Manual
12954,23953,"Mehta, Shane","Mehta, Shane",Individual,Partial High School,Manual
12957,23956,"Coleman, Morgan","Coleman, Morgan",Individual,Partial High School,Manual
12958,23957,"Zheng, Louis","Zheng, Louis",Individual,Partial High School,Manual
12960,23959,"Parker, Amber","Parker, Amber",Individual,Partial College,Clerical
12961,23960,"Zheng, Eugene","Zheng, Eugene",Individual,Partial College,Clerical
12962,23961,"Huang, Karen","Huang, Karen",Individual,Partial College,Clerical
12966,23965,"Shan, Dustin","Shan, Dustin",Individual,Graduate Degree,Manual
12976,23975,"Blanco, Frank","Blanco, Frank",Individual,Bachelors,Manual
12980,23979,"Chen, Damien","Chen, Damien",Individual,Partial College,Manual
12983,23982,"Diaz, Adam","Diaz, Adam",Individual,Partial College,Manual
13015,24014,"Kovár, Geoffrey","Kovár, Geoffrey",Individual,Partial College,Manual
13018,24017,"Lopez, Rebekah","Lopez, Rebekah",Individual,Partial College,Manual
13019,24018,"Gao, Barbara","Gao, Barbara",Individual,Partial College,Manual
13025,24024,"Malhotra, Marie","Malhotra, Marie",Individual,Graduate Degree,Clerical
13026,24025,"Zeng, Eugene","Zeng, Eugene",Individual,Graduate Degree,Clerical
13028,24027,"Tang, Omar","Tang, Omar",Individual,Bachelors,Clerical
13034,24033,"Reed, Katherine","Reed, Katherine",Individual,Bachelors,Clerical
13037,24036,"Vazquez, Jay","Vazquez, Jay",Individual,Partial College,Manual
13041,24040,"Bell, Jennifer","Bell, Jennifer",Individual,Graduate Degree,Skilled Manual
13042,24041,"Tang, Chad","Tang, Chad",Individual,High School,Manual
13043,24042,"White, Zachary","White, Zachary",Individual,High School,Manual
13047,24046,"Chander, Cristina","Chander, Cristina",Individual,High School,Manual
13050,24049,"Gomez, Byron","Gomez, Byron",Individual,Partial College,Manual
13053,24052,"Goel, Priscilla","Goel, Priscilla",Individual,Bachelors,Clerical
13054,24053,"Allen, Jose","Allen, Jose",Individual,Bachelors,Clerical
13060,24059,"Navarro, Tabitha","Navarro, Tabitha",Individual,Bachelors,Clerical
13061,24060,"Deng, Bonnie","Deng, Bonnie",Individual,Bachelors,Clerical
13067,24066,"West, Brittney","West, Brittney",Individual,Bachelors,Clerical
13068,24067,"Raman, Carolyn","Raman, Carolyn",Individual,Bachelors,Clerical
13069,24068,"Yang, Edwin","Yang, Edwin",Individual,Bachelors,Clerical
13073,24072,"He, Randy","He, Randy",Individual,Bachelors,Skilled Manual
13075,24074,"Alexander, Grace","Alexander, Grace",Individual,Partial High School,Manual
13078,24077,"Rai, Tony","Rai, Tony",Individual,High School,Manual
13079,24078,"Martin, Neil","Martin, Neil",Individual,Bachelors,Skilled Manual
13081,24080,"Serrano, Billy","Serrano, Billy",Individual,Partial High School,Manual
13087,24086,"Gonzales, Dakota","Gonzales, Dakota",Individual,Partial College,Manual
13088,24087,"Wilson, Hannah","Wilson, Hannah",Individual,Partial College,Manual
13089,24088,"He, Damien","He, Damien",Individual,High School,Manual
13092,24091,"Munoz, Dwayne","Munoz, Dwayne",Individual,Bachelors,Professional
13093,24092,"Gonzalez, Jillian","Gonzalez, Jillian",Individual,Bachelors,Professional
13098,24097,"Fernandez, Francisco","Fernandez, Francisco",Individual,Bachelors,Skilled Manual
13099,24098,"Howard, Olivia","Howard, Olivia",Individual,Partial College,Clerical
13100,24099,"Smith, Sarah","Smith, Sarah",Individual,Partial College,Clerical
13103,24102,"Torres, Andy","Torres, Andy",Individual,Bachelors,Skilled Manual
13104,24103,"Dominguez, Billy","Dominguez, Billy",Individual,Bachelors,Skilled Manual
13108,24107,"Jenkins, Jonathan","Jenkins, Jonathan",Individual,Partial College,Clerical
13109,24108,"Lal, Tonya","Lal, Tonya",Individual,High School,Manual
13118,24117,"Gill, Shannon","Gill, Shannon",Individual,Partial College,Clerical
13121,24120,"Allen, Kaitlyn","Allen, Kaitlyn",Individual,Partial College,Clerical
13122,24121,"Liu, Valerie","Liu, Valerie",Individual,Partial College,Clerical
13128,24127,"Washington, James","Washington, James",Individual,Partial College,Clerical
13129,24128,"Ramirez, Kimberly","Ramirez, Kimberly",Individual,Partial College,Clerical
13130,24129,"Gutierrez, Jamie","Gutierrez, Jamie",Individual,Partial High School,Manual
13131,24130,"Navarro, Tanya","Navarro, Tanya",Individual,Partial High School,Manual
13138,24137,"Sharma, Tara","Sharma, Tara",Individual,Partial College,Clerical
13140,24139,"Williams, Andrew","Williams, Andrew",Individual,Partial High School,Manual
13144,24143,"Mehta, Stanley","Mehta, Stanley",Individual,Graduate Degree,Manual
13148,24147,"Hernandez, Kathleen","Hernandez, Kathleen",Individual,Graduate Degree,Clerical
13149,24148,"Zhou, Brittney","Zhou, Brittney",Individual,Partial College,Manual
13151,24150,"Campbell, Jack","Campbell, Jack",Individual,Partial College,Manual
13156,24155,"Raje, Tracy","Raje, Tracy",Individual,Partial College,Manual
13157,24156,"Zhou, Wesley","Zhou, Wesley",Individual,Partial College,Manual
13181,24180,"Jai, Arturo","Jai, Arturo",Individual,Partial College,Manual
13182,24181,"Nath, Edwin","Nath, Edwin",Individual,Partial College,Manual
13183,24182,"Lopez, Nancy","Lopez, Nancy",Individual,Bachelors,Clerical
13192,24191,"He, Marshall","He, Marshall",Individual,Graduate Degree,Clerical
13205,24204,"Gonzalez, Darren","Gonzalez, Darren",Individual,Bachelors,Clerical
13206,24205,"Anderson, Katherine","Anderson, Katherine",Individual,Bachelors,Clerical
13207,24206,"Munoz, Marie","Munoz, Marie",Individual,Graduate Degree,Clerical
13211,24210,"Shan, Ricardo","Shan, Ricardo",Individual,Graduate Degree,Skilled Manual
13215,24214,"Romero, Michele","Romero, Michele",Individual,Partial College,Manual
13216,24215,"Xu, Lisa","Xu, Lisa",Individual,High School,Manual
13222,24221,"Perez, Heidi","Perez, Heidi",Individual,Graduate Degree,Management
13223,24222,"Green, Sierra","Green, Sierra",Individual,High School,Skilled Manual
13224,24223,"Alexander, Abigail","Alexander, Abigail",Individual,High School,Skilled Manual
13225,24224,"Perry, Nicole","Perry, Nicole",Individual,High School,Skilled Manual
13226,24225,"Yang, Jeffery","Yang, Jeffery",Individual,Partial College,Skilled Manual
13227,24226,"Morris, Brian","Morris, Brian",Individual,Partial College,Skilled Manual
13228,24227,"Phillips, Sara","Phillips, Sara",Individual,Partial College,Skilled Manual
13232,24231,"Cox, Makayla","Cox, Makayla",Individual,Partial College,Skilled Manual
13233,24232,"Johnson, Ryan","Johnson, Ryan",Individual,Partial College,Skilled Manual
13234,24233,"Parker, Jada","Parker, Jada",Individual,Partial College,Skilled Manual
13235,24234,"Martinez, Eduardo","Martinez, Eduardo",Individual,Partial College,Skilled Manual
13237,24236,"Nelson, Isabella","Nelson, Isabella",Individual,Partial College,Skilled Manual
13238,24237,"Henderson, Chloe","Henderson, Chloe",Individual,Partial College,Skilled Manual
13239,24238,"Richardson, Sean","Richardson, Sean",Individual,Partial College,Skilled Manual
13240,24239,"Hernandez, Miguel","Hernandez, Miguel",Individual,Partial College,Skilled Manual
13255,24254,"Washington, Emily","Washington, Emily",Individual,Partial College,Skilled Manual
13260,24259,"Price, Gavin","Price, Gavin",Individual,Bachelors,Professional
13261,24260,"Perry, Blake","Perry, Blake",Individual,Partial College,Skilled Manual
13262,24261,"Jones, Emma","Jones, Emma",Individual,Partial College,Skilled Manual
13263,24262,"Thomas, Daniel","Thomas, Daniel",Individual,Partial College,Skilled Manual
13264,24263,"Brooks, Brooke","Brooks, Brooke",Individual,Partial College,Skilled Manual
13265,24264,"Long, Richard","Long, Richard",Individual,Partial College,Skilled Manual
13266,24265,"McDonald, Seth","McDonald, Seth",Individual,Partial College,Skilled Manual
13276,24275,"Rivera, Lucas","Rivera, Lucas",Individual,Partial College,Skilled Manual
13286,24285,"Cox, Jesse","Cox, Jesse",Individual,Partial College,Skilled Manual
13287,24286,"Goel, Kelvin","Goel, Kelvin",Individual,High School,Skilled Manual
13288,24287,"Martinez, John","Martinez, John",Individual,High School,Skilled Manual
13289,24288,"Gomez, Pedro","Gomez, Pedro",Individual,High School,Skilled Manual
13290,24289,"Gonzalez, Robert","Gonzalez, Robert",Individual,Partial College,Skilled Manual
13291,24290,"Bell, Zoe","Bell, Zoe",Individual,High School,Skilled Manual
13292,24291,"Garcia, Eduardo","Garcia, Eduardo",Individual,High School,Skilled Manual
13293,24292,"Brooks, Mackenzie","Brooks, Mackenzie",Individual,High School,Skilled Manual
13294,24293,"Rivera, Anna","Rivera, Anna",Individual,High School,Skilled Manual
13295,24294,"Yang, Luis","Yang, Luis",Individual,High School,Skilled Manual
13296,24295,"Barnes, Natalie","Barnes, Natalie",Individual,Partial College,Skilled Manual
13297,24296,"Gonzalez, Amanda","Gonzalez, Amanda",Individual,Partial College,Professional
13298,24297,"Cox, Victoria","Cox, Victoria",Individual,Partial College,Professional
13299,24298,"Yang, Robert","Yang, Robert",Individual,Partial College,Professional
13300,24299,"Gray, Andrea","Gray, Andrea",Individual,Partial College,Professional
13309,24308,"Sanders, Destiny","Sanders, Destiny",Individual,Bachelors,Management
13312,24311,"Patel, Geoffrey","Patel, Geoffrey",Individual,Partial College,Professional
13313,24312,"Martin, Austin","Martin, Austin",Individual,Partial College,Professional
13314,24313,"Brooks, Taylor","Brooks, Taylor",Individual,Partial College,Professional
13315,24314,"Howard, Bryan","Howard, Bryan",Individual,Bachelors,Management
13316,24315,"Scott, Edward","Scott, Edward",Individual,Graduate Degree,Management
13317,24316,"Diaz, Rachel","Diaz, Rachel",Individual,Graduate Degree,Management
13318,24317,"Thomas, Devin","Thomas, Devin",Individual,Graduate Degree,Management
13319,24318,"Long, Luis","Long, Luis",Individual,Graduate Degree,Management
13320,24319,"Clark, Benjamin","Clark, Benjamin",Individual,Partial High School,Skilled Manual
13321,24320,"White, Joshua","White, Joshua",Individual,Partial High School,Skilled Manual
13322,24321,"Scott, Gabriel","Scott, Gabriel",Individual,Bachelors,Professional
13324,24323,"Wright, Janet","Wright, Janet",Individual,Bachelors,Skilled Manual
13325,24324,"Reed, Jennifer","Reed, Jennifer",Individual,Bachelors,Skilled Manual
13326,24325,"Perry, Jason","Perry, Jason",Individual,Bachelors,Skilled Manual
13327,24326,"Bryant, Adam","Bryant, Adam",Individual,Bachelors,Skilled Manual
13328,24327,"Rogers, Evan","Rogers, Evan",Individual,Bachelors,Skilled Manual
13329,24328,"Simmons, Melissa","Simmons, Melissa",Individual,Bachelors,Skilled Manual
13386,24385,"Perez, Summer","Perez, Summer",Individual,Partial College,Professional
13388,24387,"Mitchell, Elijah","Mitchell, Elijah",Individual,Bachelors,Management
13389,24388,"Campbell, Maria","Campbell, Maria",Individual,Bachelors,Management
13390,24389,"Carter, Xavier","Carter, Xavier",Individual,Partial High School,Skilled Manual
13391,24390,"Prasad, Carolyn","Prasad, Carolyn",Individual,High School,Professional
13392,24391,"Washington, Marissa","Washington, Marissa",Individual,High School,Professional
13394,24393,"Johnson, Joseph","Johnson, Joseph",Individual,Graduate Degree,Management
13395,24394,"Raji, Drew","Raji, Drew",Individual,Bachelors,Management
13396,24395,"Raji, Alison","Raji, Alison",Individual,Bachelors,Management
13397,24396,"Navarro, Robyn","Navarro, Robyn",Individual,Bachelors,Management
13398,24397,"Raman, Henry","Raman, Henry",Individual,Bachelors,Management
13399,24398,"Davis, Brandon","Davis, Brandon",Individual,Graduate Degree,Management
13401,24400,"Parker, Kaitlyn","Parker, Kaitlyn",Individual,Partial College,Professional
13402,24401,"Rana, Douglas","Rana, Douglas",Individual,Bachelors,Management
13403,24402,"Alexander, Devin","Alexander, Devin",Individual,Graduate Degree,Management
13404,24403,"Wright, Gabriel","Wright, Gabriel",Individual,Partial College,Professional
13407,24406,"Vazquez, Reginald","Vazquez, Reginald",Individual,Bachelors,Management
13408,24407,"Peterson, Makayla","Peterson, Makayla",Individual,Bachelors,Management
13409,24408,"Diaz, Jordan","Diaz, Jordan",Individual,Bachelors,Management
13410,24409,"Hernandez, Jackson","Hernandez, Jackson",Individual,Partial College,Professional
13412,24411,"Sanchez, Johnathan","Sanchez, Johnathan",Individual,Bachelors,Management
13413,24412,"Patterson, Angelica","Patterson, Angelica",Individual,Partial College,Professional
13414,24413,"Lewis, Nathan","Lewis, Nathan",Individual,High School,Professional
13415,24414,"Edwards, Adam","Edwards, Adam",Individual,Bachelors,Management
13418,24417,"Harris, Christopher","Harris, Christopher",Individual,Bachelors,Management
13424,24423,"Harris, Alyssa","Harris, Alyssa",Individual,Graduate Degree,Management
13425,24424,"Russell, Morgan","Russell, Morgan",Individual,Graduate Degree,Management
13427,24426,"Russell, Jordan","Russell, Jordan",Individual,Partial College,Professional
13428,24427,"Fernandez, Evelyn","Fernandez, Evelyn",Individual,Partial College,Professional
13429,24428,"Price, Hailey","Price, Hailey",Individual,Partial College,Professional
13448,24447,"Morgan, Cody","Morgan, Cody",Individual,High School,Professional
13449,24448,"Lopez, Amanda","Lopez, Amanda",Individual,High School,Professional
13450,24449,"Simmons, Melanie","Simmons, Melanie",Individual,High School,Professional
13451,24450,"Long, Isabel","Long, Isabel",Individual,High School,Professional
13452,24451,"Morgan, Bailey","Morgan, Bailey",Individual,High School,Professional
13491,24490,"Suarez, Dwayne","Suarez, Dwayne",Individual,High School,Skilled Manual
13493,24492,"Lopez, Devin","Lopez, Devin",Individual,High School,Skilled Manual
13498,24497,"James, Abigail","James, Abigail",Individual,High School,Skilled Manual
13499,24498,"Washington, Angela","Washington, Angela",Individual,High School,Skilled Manual
13500,24499,"Lewis, Olivia","Lewis, Olivia",Individual,Partial High School,Clerical
13501,24500,"Johnson, Seth","Johnson, Seth",Individual,High School,Skilled Manual
13508,24507,"Garcia, Madison","Garcia, Madison",Individual,High School,Skilled Manual
13509,24508,"Phillips, Alex","Phillips, Alex",Individual,High School,Skilled Manual
13510,24509,"Long, Emma","Long, Emma",Individual,High School,Skilled Manual
13511,24510,"Martinez, Christian","Martinez, Christian",Individual,High School,Skilled Manual
13512,24511,"Hall, Logan","Hall, Logan",Individual,Partial College,Skilled Manual
13513,24512,"Jiménez, Adrienne","Jiménez, Adrienne",Individual,Partial College,Skilled Manual
13514,24513,"Deng, Alejandro","Deng, Alejandro",Individual,Partial College,Skilled Manual
13515,24514,"Phillips, Jesse","Phillips, Jesse",Individual,Partial College,Skilled Manual
13516,24515,"Jones, Ian","Jones, Ian",Individual,Partial College,Skilled Manual
13517,24516,"Moore, Rachel","Moore, Rachel",Individual,High School,Skilled Manual
13518,24517,"Harris, Brandon","Harris, Brandon",Individual,Partial College,Skilled Manual
13519,24518,"Allen, Stephanie","Allen, Stephanie",Individual,Partial College,Skilled Manual
13520,24519,"King, Carlos","King, Carlos",Individual,Partial College,Skilled Manual
13521,24520,"Wilson, Joseph","Wilson, Joseph",Individual,Partial College,Skilled Manual
13522,24521,"Wood, Jordyn","Wood, Jordyn",Individual,Bachelors,Management
13523,24522,"Perez, Alex","Perez, Alex",Individual,Bachelors,Management
13524,24523,"Coleman, Mariah","Coleman, Mariah",Individual,Bachelors,Management
13525,24524,"Lewis, Megan","Lewis, Megan",Individual,Bachelors,Management
13527,24526,"Barnes, Julian","Barnes, Julian",Individual,Bachelors,Management
13528,24527,"Coleman, Gavin","Coleman, Gavin",Individual,Graduate Degree,Management
13529,24528,"Hernandez, Katherine","Hernandez, Katherine",Individual,Graduate Degree,Management
13530,24529,"Martinez, Jillian","Martinez, Jillian",Individual,Graduate Degree,Management
13531,24530,"She, Franklin","She, Franklin",Individual,Graduate Degree,Management
13532,24531,"Xie, Andres","Xie, Andres",Individual,Bachelors,Management
13533,24532,"Perez, Phillip","Perez, Phillip",Individual,Bachelors,Management
13537,24536,"Perez, Cynthia","Perez, Cynthia",Individual,Partial College,Professional
13545,24544,"Romero, Kellie","Romero, Kellie",Individual,Partial College,Professional
13548,24547,"Gomez, Dana","Gomez, Dana",Individual,Partial College,Professional
13549,24548,"Liu, Crystal","Liu, Crystal",Individual,Bachelors,Management
13554,24553,"Ashe, Michele","Ashe, Michele",Individual,Partial College,Professional
13562,24561,"Sherman, Megan","Sherman, Megan",Individual,High School,Professional
13563,24562,"Rubio, Ricky","Rubio, Ricky",Individual,Partial College,Professional
13564,24563,"Rodriguez, Adriana","Rodriguez, Adriana",Individual,Partial College,Professional
13565,24564,"Andersen, Johnny","Andersen, Johnny",Individual,Bachelors,Management
13566,24565,"Navarro, Theodore","Navarro, Theodore",Individual,Partial College,Professional
13573,24572,"Martinez, Carolyn","Martinez, Carolyn",Individual,Partial College,Management
13580,24579,"Alexander, Trevor","Alexander, Trevor",Individual,Partial High School,Professional
13581,24580,"Zhao, Wesley","Zhao, Wesley",Individual,Partial High School,Professional
13617,24616,"Cook, Zoe","Cook, Zoe",Individual,High School,Professional
13618,24617,"She, Kelsey","She, Kelsey",Individual,High School,Professional
13619,24618,"Gonzalez, Brett","Gonzalez, Brett",Individual,High School,Professional
13620,24619,"Kelly, Shelby","Kelly, Shelby",Individual,High School,Professional
13621,24620,"Morgan, Olivia","Morgan, Olivia",Individual,High School,Professional
13623,24622,"Hall, Blake","Hall, Blake",Individual,Graduate Degree,Management
13624,24623,"Torres, Beth","Torres, Beth",Individual,Graduate Degree,Management
13625,24624,"Murphy, Allison","Murphy, Allison",Individual,Graduate Degree,Management
13632,24631,"Powell, Hannah","Powell, Hannah",Individual,Graduate Degree,Management
13633,24632,"James, Catherine","James, Catherine",Individual,Bachelors,Management
13634,24633,"Cook, Xavier","Cook, Xavier",Individual,Bachelors,Management
13635,24634,"He, Crystal","He, Crystal",Individual,Bachelors,Management
13636,24635,"Rogers, Gabrielle","Rogers, Gabrielle",Individual,Bachelors,Management
13637,24636,"Ward, Anna","Ward, Anna",Individual,Graduate Degree,Management
13639,24638,"Lopez, Julia","Lopez, Julia",Individual,High School,Professional
13649,24648,"King, Amanda","King, Amanda",Individual,Partial High School,Clerical
13651,24650,"Baker, Julia","Baker, Julia",Individual,Partial High School,Clerical
13652,24651,"Alexander, Dakota","Alexander, Dakota",Individual,Partial High School,Clerical
13653,24652,"Butler, Luke","Butler, Luke",Individual,Partial High School,Clerical
13663,24662,"Price, Arianna","Price, Arianna",Individual,Bachelors,Management
13668,24667,"Diaz, Chloe","Diaz, Chloe",Individual,Partial College,Professional
13669,24668,"Xu, Katrina","Xu, Katrina",Individual,Partial College,Professional
13670,24669,"Parker, Xavier","Parker, Xavier",Individual,Bachelors,Management
13671,24670,"Ross, Alexandria","Ross, Alexandria",Individual,Bachelors,Management
13673,24672,"Cook, Jeremy","Cook, Jeremy",Individual,Partial College,Professional
13674,24673,"Cox, Paige","Cox, Paige",Individual,Partial College,Professional
13675,24674,"Kumar, Dylan","Kumar, Dylan",Individual,Partial College,Professional
13676,24675,"Nelson, Jackson","Nelson, Jackson",Individual,Partial College,Professional
13677,24676,"Roberts, Jeremy","Roberts, Jeremy",Individual,Partial College,Professional
13691,24690,"Long, Christian","Long, Christian",Individual,Partial High School,Manual
13692,24691,"Carlson, Meredith","Carlson, Meredith",Individual,Partial High School,Manual
13693,24692,"He, Laura","He, Laura",Individual,Partial High School,Manual
13695,24694,"Carlson, Theodore","Carlson, Theodore",Individual,High School,Manual
13697,24696,"Xie, Tasha","Xie, Tasha",Individual,High School,Manual
13699,24698,"Carter, Blake","Carter, Blake",Individual,High School,Manual
13705,24704,"Schmidt, Allen","Schmidt, Allen",Individual,Partial High School,Manual
13707,24706,"Rana, Virginia","Rana, Virginia",Individual,High School,Manual
13711,24710,"Malhotra, Brandy","Malhotra, Brandy",Individual,Bachelors,Skilled Manual
13712,24711,"Hernandez, Rebekah","Hernandez, Rebekah",Individual,Partial College,Clerical
13717,24716,"Liu, Colin","Liu, Colin",Individual,High School,Manual
13718,24717,"Anand, Damien","Anand, Damien",Individual,High School,Manual
13719,24718,"Black, Terrence","Black, Terrence",Individual,Partial College,Clerical
13720,24719,"Zheng, Susan","Zheng, Susan",Individual,Partial College,Clerical
13723,24722,"Ross, Hunter","Ross, Hunter",Individual,Partial College,Clerical
13724,24723,"Pal, Shawna","Pal, Shawna",Individual,Partial College,Clerical
13733,24732,"Davis, Wyatt","Davis, Wyatt",Individual,Bachelors,Skilled Manual
13735,24734,"Turner, Jack","Turner, Jack",Individual,Graduate Degree,Skilled Manual
13736,24735,"Powell, Madison","Powell, Madison",Individual,Graduate Degree,Skilled Manual
13737,24736,"Ramirez, Savannah","Ramirez, Savannah",Individual,Partial High School,Clerical
13738,24737,"Bailey, Angela","Bailey, Angela",Individual,Partial High School,Clerical
13739,24738,"Davis, Hannah","Davis, Hannah",Individual,Partial College,Clerical
13740,24739,"Sanders, Dalton","Sanders, Dalton",Individual,Partial College,Clerical
13741,24740,"Cooper, Shelby","Cooper, Shelby",Individual,Partial High School,Clerical
13742,24741,"Perry, Brittany","Perry, Brittany",Individual,Partial High School,Clerical
13743,24742,"Ramirez, Rachel","Ramirez, Rachel",Individual,High School,Clerical
13744,24743,"Coleman, Chloe","Coleman, Chloe",Individual,High School,Skilled Manual
13746,24745,"Ward, Jennifer","Ward, Jennifer",Individual,High School,Skilled Manual
13748,24747,"Powell, Dakota","Powell, Dakota",Individual,Partial High School,Clerical
13750,24749,"Guo, Marshall","Guo, Marshall",Individual,Partial High School,Clerical
13751,24750,"Barnes, Destiny","Barnes, Destiny",Individual,Partial High School,Clerical
13752,24751,"Howard, Angela","Howard, Angela",Individual,High School,Skilled Manual
13753,24752,"Jackson, Cameron","Jackson, Cameron",Individual,High School,Skilled Manual
13754,24753,"Jenkins, Eduardo","Jenkins, Eduardo",Individual,High School,Skilled Manual
13755,24754,"Rivera, Haley","Rivera, Haley",Individual,Partial College,Clerical
13757,24756,"Bell, Carlos","Bell, Carlos",Individual,Partial College,Clerical
13759,24758,"Adams, Gabriella","Adams, Gabriella",Individual,Partial College,Clerical
13761,24760,"Coleman, Julian","Coleman, Julian",Individual,Partial College,Clerical
13762,24761,"Rubio, Lawrence","Rubio, Lawrence",Individual,Partial College,Clerical
13763,24762,"Xu, Warren","Xu, Warren",Individual,Graduate Degree,Skilled Manual
13765,24764,"Hughes, Abigail","Hughes, Abigail (24764)",Individual,Graduate Degree,Skilled Manual
13766,24765,"Alexander, Morgan","Alexander, Morgan",Individual,Graduate Degree,Skilled Manual
13767,24766,"White, Christian","White, Christian",Individual,Graduate Degree,Skilled Manual
13768,24767,"Jackson, Lauren","Jackson, Lauren",Individual,Graduate Degree,Skilled Manual
13769,24768,"Ross, Jordan","Ross, Jordan",Individual,Graduate Degree,Skilled Manual
13770,24769,"Lal, Brendan","Lal, Brendan",Individual,Graduate Degree,Skilled Manual
13771,24770,"Wright, Isaac","Wright, Isaac",Individual,Graduate Degree,Skilled Manual
13773,24772,"Russell, Greg","Russell, Greg",Individual,Graduate Degree,Skilled Manual
13775,24774,"Gonzales, Xavier","Gonzales, Xavier",Individual,Graduate Degree,Skilled Manual
13776,24775,"Alexander, Alexandra","Alexander, Alexandra",Individual,Graduate Degree,Skilled Manual
13777,24776,"Perry, Samantha","Perry, Samantha",Individual,Graduate Degree,Skilled Manual
13778,24777,"Adams, Eric","Adams, Eric",Individual,Graduate Degree,Skilled Manual
13780,24779,"Lee, Morgan","Lee, Morgan",Individual,Graduate Degree,Skilled Manual
13781,24780,"Hall, Courtney","Hall, Courtney",Individual,Graduate Degree,Skilled Manual
13783,24782,"Morris, Nicole","Morris, Nicole",Individual,Graduate Degree,Skilled Manual
13784,24783,"Raman, Barry","Raman, Barry",Individual,Graduate Degree,Skilled Manual
13785,24784,"Kelly, Megan","Kelly, Megan",Individual,Graduate Degree,Professional
13786,24785,"Morris, Cody","Morris, Cody",Individual,Bachelors,Skilled Manual
13788,24787,"Watson, Andrea","Watson, Andrea",Individual,Bachelors,Skilled Manual
13789,24788,"Bennett, Ashley","Bennett, Ashley",Individual,Bachelors,Skilled Manual
13790,24789,"Hu, Tamara","Hu, Tamara",Individual,Bachelors,Skilled Manual
13791,24790,"Navarro, Rebekah","Navarro, Rebekah",Individual,Bachelors,Skilled Manual
13792,24791,"Ortega, Teresa","Ortega, Teresa",Individual,Bachelors,Skilled Manual
13793,24792,"Malhotra, Clifford","Malhotra, Clifford",Individual,Bachelors,Skilled Manual
13794,24793,"Morgan, Cole","Morgan, Cole",Individual,Bachelors,Skilled Manual
13795,24794,"Sanchez, Cody","Sanchez, Cody",Individual,Bachelors,Skilled Manual
13796,24795,"Lewis, Alexandra","Lewis, Alexandra",Individual,Bachelors,Skilled Manual
13797,24796,"Simmons, Jessica","Simmons, Jessica",Individual,Bachelors,Skilled Manual
13798,24797,"Flores, Dylan","Flores, Dylan",Individual,Bachelors,Skilled Manual
13799,24798,"Moreno, Lawrence","Moreno, Lawrence",Individual,Bachelors,Skilled Manual
13800,24799,"Sanz, Byron","Sanz, Byron",Individual,Bachelors,Skilled Manual
13801,24800,"Young, Eduardo","Young, Eduardo",Individual,Graduate Degree,Professional
13802,24801,"Bailey, Chase","Bailey, Chase",Individual,Graduate Degree,Professional
13803,24802,"Allen, Timothy","Allen, Timothy",Individual,Graduate Degree,Professional
13804,24803,"Diaz, Anna","Diaz, Anna",Individual,High School,Skilled Manual
13805,24804,"Raji, Tonya","Raji, Tonya",Individual,Bachelors,Skilled Manual
13807,24806,"Russell, Faith","Russell, Faith",Individual,Graduate Degree,Professional
13808,24807,"Moreno, Anne","Moreno, Anne",Individual,Graduate Degree,Professional
13809,24808,"Perez, Eric","Perez, Eric",Individual,Graduate Degree,Professional
13810,24809,"Moore, Alyssa","Moore, Alyssa",Individual,Graduate Degree,Professional
13811,24810,"Richardson, Alyssa","Richardson, Alyssa",Individual,Bachelors,Skilled Manual
13812,24811,"Ramirez, Trinity","Ramirez, Trinity",Individual,Bachelors,Skilled Manual
13813,24812,"Sai, Johnathan","Sai, Johnathan",Individual,Bachelors,Skilled Manual
13814,24813,"Schmidt, Armando","Schmidt, Armando",Individual,Bachelors,Skilled Manual
13815,24814,"Washington, Gabriel","Washington, Gabriel",Individual,Graduate Degree,Professional
13816,24815,"Clark, Victoria","Clark, Victoria",Individual,Graduate Degree,Professional
13819,24818,"Rubio, Diane","Rubio, Diane",Individual,Graduate Degree,Professional
13820,24819,"Shan, Jack","Shan, Jack",Individual,Graduate Degree,Professional
13821,24820,"Clark, David","Clark, David",Individual,Graduate Degree,Professional
13822,24821,"Alexander, Melissa","Alexander, Melissa",Individual,Graduate Degree,Professional
13823,24822,"Cook, Paige","Cook, Paige",Individual,Graduate Degree,Professional
13824,24823,"Zhao, Vincent","Zhao, Vincent",Individual,Graduate Degree,Professional
13827,24826,"Powell, Richard","Powell, Richard",Individual,Bachelors,Skilled Manual
13828,24827,"Martinez, Alexander","Martinez, Alexander",Individual,Bachelors,Skilled Manual
13829,24828,"Reed, Brooke","Reed, Brooke",Individual,Graduate Degree,Professional
13830,24829,"Patterson, Ethan","Patterson, Ethan",Individual,Graduate Degree,Professional
13831,24830,"Cox, Alexandra","Cox, Alexandra",Individual,Graduate Degree,Professional
13832,24831,"Diaz, Jackson","Diaz, Jackson",Individual,Graduate Degree,Professional
13835,24834,"Jai, Bethany","Jai, Bethany",Individual,Graduate Degree,Clerical
13838,24837,"Lewis, Wyatt","Lewis, Wyatt",Individual,Partial College,Professional
13839,24838,"Young, Elijah","Young, Elijah",Individual,Partial College,Professional
13840,24839,"Goldberg, Tamara","Goldberg, Tamara",Individual,High School,Professional
13844,24843,"Subram, Bryant","Subram, Bryant",Individual,Partial College,Professional
13847,24846,"Navarro, Naomi","Navarro, Naomi",Individual,Bachelors,Management
13849,24848,"Zhou, Jeffery","Zhou, Jeffery",Individual,High School,Professional
13851,24850,"Perez, Emmanuel","Perez, Emmanuel",Individual,Bachelors,Management
13855,24854,"Jenkins, Emma","Jenkins, Emma",Individual,Partial College,Professional
13856,24855,"Wright, Kaylee","Wright, Kaylee",Individual,Partial College,Professional
13857,24856,"Huang, Candice","Huang, Candice",Individual,Partial College,Professional
13865,24864,"Sun, Jeffery","Sun, Jeffery",Individual,Partial College,Professional
13868,24867,"Suarez, Beth","Suarez, Beth",Individual,High School,Professional
13874,24873,"Li, Alisha","Li, Alisha",Individual,Partial College,Management
13876,24875,"Zhang, Darryl","Zhang, Darryl",Individual,High School,Management
13877,24876,"Subram, Jarrod","Subram, Jarrod",Individual,High School,Management
13880,24879,"Munoz, Desiree","Munoz, Desiree",Individual,Partial High School,Skilled Manual
13884,24883,"Lin, Stacey","Lin, Stacey",Individual,Partial High School,Professional
13926,24925,"Perez, Erick","Perez, Erick",Individual,High School,Professional
13927,24926,"Roberts, Eric","Roberts, Eric",Individual,High School,Professional
13928,24927,"Harris, Kaitlyn","Harris, Kaitlyn",Individual,High School,Professional
13929,24928,"Wright, Timothy","Wright, Timothy",Individual,High School,Professional
13930,24929,"Bailey, Lucas","Bailey, Lucas",Individual,High School,Professional
13931,24930,"Lewis, Abigail","Lewis, Abigail",Individual,High School,Professional
13932,24931,"Miller, Brianna","Miller, Brianna",Individual,High School,Professional
13933,24932,"Jones, Richard","Jones, Richard",Individual,High School,Professional
13934,24933,"Sanchez, Regina","Sanchez, Regina",Individual,Graduate Degree,Management
13935,24934,"Tang, Lindsay","Tang, Lindsay",Individual,Graduate Degree,Management
13936,24935,"Hayes, James","Hayes, James",Individual,Graduate Degree,Management
13937,24936,"Scott, Caleb","Scott, Caleb",Individual,Graduate Degree,Management
13938,24937,"Evans, Jordan","Evans, Jordan",Individual,Graduate Degree,Management
13939,24938,"Martinez, Julia","Martinez, Julia",Individual,Graduate Degree,Management
13941,24940,"Martin, Fernando","Martin, Fernando",Individual,Bachelors,Management
13942,24941,"Garcia, Wyatt","Garcia, Wyatt",Individual,Bachelors,Management
13943,24942,"James, Steven","James, Steven",Individual,Bachelors,Management
13944,24943,"Chander, Darrell","Chander, Darrell",Individual,Bachelors,Management
13945,24944,"Garcia, Whitney","Garcia, Whitney",Individual,Bachelors,Management
13946,24945,"Harris, Logan","Harris, Logan",Individual,Bachelors,Management
13947,24946,"Hughes, Sarah","Hughes, Sarah",Individual,Graduate Degree,Management
13949,24948,"Carter, Nathan","Carter, Nathan",Individual,Bachelors,Management
13950,24949,"Howard, Devin","Howard, Devin",Individual,Bachelors,Management
13951,24950,"Alexander, Stephanie","Alexander, Stephanie",Individual,Bachelors,Management
13952,24951,"Ward, Jeremy","Ward, Jeremy",Individual,Bachelors,Management
13953,24952,"Long, Amanda","Long, Amanda",Individual,Bachelors,Management
13954,24953,"Green, Aaron","Green, Aaron",Individual,Partial High School,Clerical
13955,24954,"Long, Jonathan","Long, Jonathan",Individual,High School,Professional
13956,24955,"Perez, Donald","Perez, Donald",Individual,Partial High School,Skilled Manual
13957,24956,"Ward, Ariana","Ward, Ariana",Individual,Partial High School,Skilled Manual
13958,24957,"Howard, Anna","Howard, Anna",Individual,Partial High School,Skilled Manual
13959,24958,"Xu, Tamara","Xu, Tamara",Individual,High School,Professional
13960,24959,"Blanco, Kristy","Blanco, Kristy",Individual,Bachelors,Management
13962,24961,"Bennett, Alexandra","Bennett, Alexandra",Individual,High School,Professional
13963,24962,"Jai, Jonathan","Jai, Jonathan",Individual,High School,Professional
13964,24963,"Zhao, Erica","Zhao, Erica",Individual,High School,Professional
13965,24964,"Anderson, Samantha","Anderson, Samantha",Individual,High School,Professional
13966,24965,"Hayes, Justin","Hayes, Justin",Individual,High School,Professional
13967,24966,"Cooper, Jade","Cooper, Jade",Individual,Bachelors,Management
13969,24968,"Moore, Dalton","Moore, Dalton",Individual,Partial College,Professional
13970,24969,"Gonzales, Vanessa","Gonzales, Vanessa",Individual,Partial College,Professional
13971,24970,"Wright, Blake","Wright, Blake",Individual,Partial College,Professional
13972,24971,"Lin, Brittney","Lin, Brittney",Individual,Partial College,Professional
13973,24972,"Garcia, Edward","Garcia, Edward",Individual,Bachelors,Management
13974,24973,"Rivera, Arianna","Rivera, Arianna",Individual,Bachelors,Management
13975,24974,"Carter, Eduardo","Carter, Eduardo",Individual,Bachelors,Management
13979,24978,"Stewart, Kaylee","Stewart, Kaylee",Individual,Partial College,Professional
13980,24979,"Adams, Jada","Adams, Jada",Individual,Partial College,Professional
13981,24980,"Phillips, Savannah","Phillips, Savannah",Individual,Partial College,Professional
13982,24981,"Davis, Jose","Davis, Jose",Individual,Partial College,Professional
13983,24982,"King, Devin","King, Devin",Individual,Partial College,Professional
13984,24983,"Griffin, Morgan","Griffin, Morgan",Individual,Partial College,Professional
13985,24984,"Moore, William","Moore, William",Individual,Partial College,Professional
13986,24985,"Phillips, Jenna","Phillips, Jenna",Individual,Bachelors,Management
13988,24987,"Chandra, Kristopher","Chandra, Kristopher",Individual,Partial College,Professional
13989,24988,"Diaz, Kayla","Diaz, Kayla",Individual,Partial College,Professional
13990,24989,"Peterson, Arianna","Peterson, Arianna",Individual,High School,Professional
13991,24990,"Collins, Timothy","Collins, Timothy",Individual,High School,Professional
13992,24991,"Bryant, Luke","Bryant, Luke",Individual,Partial High School,Skilled Manual
13993,24992,"Bryant, Faith","Bryant, Faith",Individual,Partial High School,Skilled Manual
13994,24993,"Ortega, Marvin","Ortega, Marvin",Individual,Partial High School,Skilled Manual
13995,24994,"Sanders, Lauren","Sanders, Lauren",Individual,High School,Professional
13997,24996,"Miller, Dylan","Miller, Dylan",Individual,Partial High School,Skilled Manual
13998,24997,"Kumar, Melvin","Kumar, Melvin",Individual,Partial High School,Skilled Manual
13999,24998,"Martinez, Olivia","Martinez, Olivia",Individual,Graduate Degree,Management
14000,24999,"Jai, Shaun","Jai, Shaun",Individual,Graduate Degree,Management
14001,25000,"Turner, Allison","Turner, Allison",Individual,High School,Skilled Manual
14004,25003,"Russell, Tristan","Russell, Tristan",Individual,Partial College,Skilled Manual
14005,25004,"Thomas, Samuel","Thomas, Samuel",Individual,Partial College,Skilled Manual
14006,25005,"Williams, Brianna","Williams, Brianna",Individual,Partial College,Skilled Manual
14007,25006,"Murphy, Bailey","Murphy, Bailey",Individual,Partial College,Skilled Manual
14008,25007,"Sanders, Alyssa","Sanders, Alyssa",Individual,Partial College,Skilled Manual
14009,25008,"Perry, Haley","Perry, Haley",Individual,Partial College,Skilled Manual
14015,25014,"Reed, Juan","Reed, Juan",Individual,Partial College,Skilled Manual
14016,25015,"Rogers, Jacqueline","Rogers, Jacqueline",Individual,Partial College,Skilled Manual
14019,25018,"Robinson, Lucas","Robinson, Lucas",Individual,Partial College,Skilled Manual
14024,25023,"Sanz, Carolyn","Sanz, Carolyn",Individual,Bachelors,Professional
14025,25024,"Pritchett, Brad","Pritchett, Brad",Individual,Bachelors,Professional
14026,25025,"Bryant, Spencer","Bryant, Spencer",Individual,Partial College,Skilled Manual
14039,25038,"Hall, Isabella","Hall, Isabella (25038)",Individual,Partial College,Skilled Manual
14040,25039,"Clark, Alexis","Clark, Alexis",Individual,High School,Skilled Manual
14041,25040,"Perry, Julian","Perry, Julian",Individual,High School,Skilled Manual
14042,25041,"Phillips, Hunter","Phillips, Hunter",Individual,High School,Skilled Manual
14043,25042,"Rizaldy, Arif","Rizaldy, Arif",Individual,High School,Skilled Manual
14044,25043,"Rai, Damien","Rai, Damien",Individual,High School,Skilled Manual
14045,25044,"Bailey, Emma","Bailey, Emma",Individual,Partial College,Skilled Manual
14046,25045,"Russell, Paige","Russell, Paige",Individual,High School,Skilled Manual
14048,25047,"Long, Trevor","Long, Trevor",Individual,Partial College,Professional
14050,25049,"Ye, Candice","Ye, Candice",Individual,Partial College,Professional
14051,25050,"Chen, Darryl","Chen, Darryl",Individual,Partial College,Professional
14060,25059,"Ward, Sean","Ward, Sean",Individual,Partial College,Professional
14061,25060,"Martinez, Noah","Martinez, Noah",Individual,Bachelors,Management
14064,25063,"Williams, Dylan","Williams, Dylan",Individual,Partial High School,Skilled Manual
14065,25064,"Harris, James","Harris, James",Individual,Bachelors,Management
14066,25065,"Henderson, Thomas","Henderson, Thomas",Individual,Partial High School,Skilled Manual
14068,25067,"Butler, Melanie","Butler, Melanie",Individual,Bachelors,Professional
14069,25068,"Shan, Robert","Shan, Robert",Individual,Bachelors,Skilled Manual
14070,25069,"Ortega, Lori","Ortega, Lori",Individual,Bachelors,Skilled Manual
14072,25071,"Brooks, Natalie","Brooks, Natalie",Individual,Bachelors,Skilled Manual
14073,25072,"Murphy, Alyssa","Murphy, Alyssa",Individual,Bachelors,Skilled Manual
14077,25076,"Jenkins, Nicole","Jenkins, Nicole",Individual,Graduate Degree,Professional
14078,25077,"Clark, Wyatt","Clark, Wyatt",Individual,Graduate Degree,Professional
14079,25078,"Jenkins, James","Jenkins, James",Individual,High School,Skilled Manual
14080,25079,"Perry, Riley","Perry, Riley",Individual,Bachelors,Professional
14081,25080,"Long, Marissa","Long, Marissa",Individual,Bachelors,Professional
14082,25081,"Morris, Melanie","Morris, Melanie",Individual,Bachelors,Professional
14083,25082,"Martinez, William","Martinez, William",Individual,High School,Skilled Manual
14084,25083,"Gao, Omar","Gao, Omar",Individual,High School,Skilled Manual
14085,25084,"James, Dalton","James, Dalton",Individual,Partial College,Skilled Manual
14086,25085,"Rogers, Lucas","Rogers, Lucas",Individual,Partial College,Skilled Manual
14087,25086,"Cox, Jasmine","Cox, Jasmine",Individual,Partial College,Skilled Manual
14088,25087,"Young, Wyatt","Young, Wyatt",Individual,Partial College,Skilled Manual
14089,25088,"Reed, Victoria","Reed, Victoria",Individual,Partial College,Skilled Manual
14090,25089,"Xie, Christy","Xie, Christy",Individual,Bachelors,Professional
14092,25091,"Zeng, Jessie","Zeng, Jessie",Individual,Bachelors,Professional
14093,25092,"Jackson, Emily","Jackson, Emily",Individual,Partial College,Skilled Manual
14097,25096,"Bennett, Victoria","Bennett, Victoria",Individual,Partial College,Skilled Manual
14098,25097,"Gonzales, Fernando","Gonzales, Fernando",Individual,Partial College,Skilled Manual
14099,25098,"Long, Logan","Long, Logan",Individual,Partial College,Skilled Manual
14100,25099,"Hayes, Melanie","Hayes, Melanie",Individual,Partial College,Skilled Manual
14103,25102,"Kelly, Stephanie","Kelly, Stephanie",Individual,Bachelors,Professional
14104,25103,"Brooks, Shelby","Brooks, Shelby",Individual,Bachelors,Professional
14106,25105,"Nara, Warren","Nara, Warren",Individual,Graduate Degree,Professional
14145,25144,"Fernandez, Johnathan","Fernandez, Johnathan",Individual,Partial College,Clerical
14146,25145,"Yang, Clayton","Yang, Clayton",Individual,Partial College,Clerical
14147,25146,"Gonzales, Carson","Gonzales, Carson",Individual,Partial High School,Skilled Manual
14149,25148,"Simmons, Ryan","Simmons, Ryan",Individual,High School,Professional
14150,25149,"Griffin, Samantha","Griffin, Samantha",Individual,High School,Professional
14151,25150,"Jones, Xavier","Jones, Xavier",Individual,Bachelors,Management
14152,25151,"Washington, Jasmine","Washington, Jasmine",Individual,Partial High School,Skilled Manual
14153,25152,"Sanders, Maria","Sanders, Maria",Individual,High School,Professional
14154,25153,"Coleman, Ryan","Coleman, Ryan",Individual,Bachelors,Management
14155,25154,"Serrano, Clinton","Serrano, Clinton",Individual,Bachelors,Management
14156,25155,"Alonso, Theresa","Alonso, Theresa",Individual,Bachelors,Management
14157,25156,"Peterson, Catherine","Peterson, Catherine",Individual,Graduate Degree,Management
14159,25158,"Long, Stephanie","Long, Stephanie",Individual,Partial College,Professional
14160,25159,"Cooper, Katelyn","Cooper, Katelyn",Individual,Partial College,Professional
14161,25160,"Stewart, Mackenzie","Stewart, Mackenzie",Individual,Partial College,Professional
14162,25161,"Flores, Isabella","Flores, Isabella",Individual,Bachelors,Management
14163,25162,"Morris, Bryan","Morris, Bryan",Individual,Bachelors,Management
14164,25163,"Griffin, Natalie","Griffin, Natalie",Individual,Partial College,Professional
14165,25164,"Parker, Isaac","Parker, Isaac",Individual,Partial College,Professional
14166,25165,"Brown, Ashley","Brown, Ashley",Individual,Partial College,Professional
14167,25166,"Jenkins, Miguel","Jenkins, Miguel",Individual,Partial College,Professional
14168,25167,"Hughes, Elijah","Hughes, Elijah",Individual,Partial College,Professional
14169,25168,"Hernandez, Micheal","Hernandez, Micheal",Individual,Partial High School,Skilled Manual
14170,25169,"Peterson, Angel","Peterson, Angel",Individual,Graduate Degree,Management
14171,25170,"Walker, Logan","Walker, Logan",Individual,Partial College,Professional
14172,25171,"Rodriguez, Christopher","Rodriguez, Christopher",Individual,Partial College,Professional
14173,25172,"Gray, Evan","Gray, Evan",Individual,Bachelors,Management
14175,25174,"Smith, Monica","Smith, Monica",Individual,Partial College,Professional
14176,25175,"Chen, Nathan","Chen, Nathan",Individual,Partial College,Professional
14177,25176,"Flores, Edward","Flores, Edward",Individual,Bachelors,Management
14179,25178,"Kelly, Jasmine","Kelly, Jasmine",Individual,Partial College,Professional
14180,25179,"Thompson, Miguel","Thompson, Miguel",Individual,Partial College,Professional
14181,25180,"Simmons, Ana","Simmons, Ana",Individual,High School,Professional
14182,25181,"Torres, Jesse","Torres, Jesse",Individual,High School,Professional
14183,25182,"Simmons, Natalie","Simmons, Natalie",Individual,High School,Professional
14184,25183,"Thomas, Michael","Thomas, Michael",Individual,High School,Professional
14185,25184,"Tang, Peter","Tang, Peter",Individual,Partial College,Professional
14186,25185,"Reed, Jade","Reed, Jade",Individual,Bachelors,Management
14187,25186,"Coleman, Angelica","Coleman, Angelica",Individual,Partial College,Professional
14188,25187,"Scott, Sydney","Scott, Sydney",Individual,Graduate Degree,Management
14190,25189,"Hayes, Aidan","Hayes, Aidan",Individual,Graduate Degree,Management
14191,25190,"Morris, Allison","Morris, Allison",Individual,Graduate Degree,Management
14192,25191,"Gonzales, Austin","Gonzales, Austin",Individual,Graduate Degree,Management
14193,25192,"Gill, Janet","Gill, Janet",Individual,High School,Professional
14194,25193,"Howard, Stephanie","Howard, Stephanie",Individual,High School,Professional
14195,25194,"Bell, Jada","Bell, Jada",Individual,Partial High School,Skilled Manual
14196,25195,"Wilson, Alexandra","Wilson, Alexandra",Individual,Partial High School,Skilled Manual
14198,25197,"Perry, Kyle","Perry, Kyle",Individual,High School,Professional
14199,25198,"Ramirez, Michelle","Ramirez, Michelle",Individual,Partial High School,Skilled Manual
14200,25199,"Griffin, Kyle","Griffin, Kyle",Individual,Graduate Degree,Management
14201,25200,"Williams, Nathan","Williams, Nathan",Individual,Partial College,Professional
14202,25201,"Gonzalez, Hunter","Gonzalez, Hunter",Individual,Partial College,Professional
14203,25202,"King, Jonathan","King, Jonathan",Individual,Partial College,Professional
14204,25203,"Wood, Caroline","Wood, Caroline",Individual,Partial College,Professional
14205,25204,"Barnes, Kelly","Barnes, Kelly",Individual,Partial College,Professional
14206,25205,"Jones, John","Jones, John",Individual,High School,Professional
14207,25206,"Bryant, Ryan","Bryant, Ryan",Individual,High School,Professional
14208,25207,"Moore, Destiny","Moore, Destiny",Individual,High School,Professional
14209,25208,"Taylor, Daniel","Taylor, Daniel",Individual,High School,Professional
14254,25253,"Miller, Ryan","Miller, Ryan",Individual,High School,Skilled Manual
14255,25254,"She, Krystal","She, Krystal",Individual,High School,Skilled Manual
14256,25255,"Lal, Logan","Lal, Logan",Individual,High School,Skilled Manual
14258,25257,"Sanchez, Harold","Sanchez, Harold",Individual,High School,Skilled Manual
14259,25258,"Vazquez, Micheal","Vazquez, Micheal",Individual,High School,Skilled Manual
14260,25259,"Thomas, Ethan","Thomas, Ethan",Individual,High School,Skilled Manual
14261,25260,"Howard, Dalton","Howard, Dalton",Individual,High School,Skilled Manual
14262,25261,"Phillips, Eduardo","Phillips, Eduardo",Individual,High School,Skilled Manual
14265,25264,"Bryant, Wyatt","Bryant, Wyatt",Individual,High School,Skilled Manual
14275,25274,"Henderson, Samantha","Henderson, Samantha",Individual,High School,Skilled Manual
14276,25275,"Watson, Christina","Watson, Christina",Individual,High School,Skilled Manual
14277,25276,"Richardson, Mackenzie","Richardson, Mackenzie",Individual,Partial College,Skilled Manual
14278,25277,"Fernandez, Jermaine","Fernandez, Jermaine",Individual,Partial College,Skilled Manual
14279,25278,"Butler, Brianna","Butler, Brianna",Individual,Partial College,Skilled Manual
14280,25279,"Barnes, Jordyn","Barnes, Jordyn",Individual,Partial College,Skilled Manual
14281,25280,"Price, Emily","Price, Emily",Individual,Partial College,Skilled Manual
14282,25281,"Allen, Jeremy","Allen, Jeremy",Individual,High School,Skilled Manual
14283,25282,"Perez, Gabriel","Perez, Gabriel",Individual,Partial College,Skilled Manual
14284,25283,"Howard, Caitlin","Howard, Caitlin",Individual,Partial College,Skilled Manual
14285,25284,"Mitchell, Allison","Mitchell, Allison",Individual,Partial College,Skilled Manual
14286,25285,"Williams, Noah","Williams, Noah",Individual,Partial College,Skilled Manual
14287,25286,"Powell, Zachary","Powell, Zachary",Individual,Bachelors,Management
14290,25289,"Bradley, Amanda","Bradley, Amanda",Individual,Bachelors,Management
14291,25290,"Mitchell, Jackson","Mitchell, Jackson",Individual,Bachelors,Management
14292,25291,"Griffin, Marissa","Griffin, Marissa",Individual,Bachelors,Management
14293,25292,"Adams, Eduardo","Adams, Eduardo",Individual,Bachelors,Management
14294,25293,"Gonzales, Eric","Gonzales, Eric",Individual,Bachelors,Management
14298,25297,"Shan, Devon","Shan, Devon",Individual,Partial College,Clerical
14301,25300,"Ashe, Jamie","Ashe, Jamie",Individual,Partial High School,Manual
14303,25302,"Mehta, Manuel","Mehta, Manuel",Individual,High School,Manual
14304,25303,"Hernandez, Jeremiah","Hernandez, Jeremiah",Individual,High School,Manual
14306,25305,"Rodriguez, Ivan","Rodriguez, Ivan",Individual,Bachelors,Skilled Manual
14307,25306,"Zeng, Glenn","Zeng, Glenn",Individual,Bachelors,Skilled Manual
14308,25307,"Hernandez, Daisy","Hernandez, Daisy",Individual,Bachelors,Skilled Manual
14310,25309,"Zhou, Karen","Zhou, Karen",Individual,High School,Manual
14311,25310,"Kapoor, Janelle","Kapoor, Janelle",Individual,Partial High School,Manual
14318,25317,"Garcia, Erick","Garcia, Erick",Individual,Partial High School,Manual
14319,25318,"Wang, Dennis","Wang, Dennis",Individual,Partial High School,Manual
14323,25322,"Perez, Tina","Perez, Tina",Individual,Partial College,Clerical
14324,25323,"Diaz, Lance","Diaz, Lance",Individual,Partial College,Clerical
14330,25329,"Moreno, Jacquelyn","Moreno, Jacquelyn",Individual,Partial College,Clerical
14331,25330,"Gonzales, Madison","Gonzales, Madison",Individual,Graduate Degree,Skilled Manual
14334,25333,"Coleman, Robert","Coleman, Robert",Individual,Graduate Degree,Skilled Manual
14335,25334,"Gonzales, Marcus","Gonzales, Marcus",Individual,Graduate Degree,Skilled Manual
14337,25336,"Cook, Chase","Cook, Chase",Individual,Partial High School,Clerical
14338,25337,"Washington, Megan","Washington, Megan",Individual,Partial High School,Clerical
14339,25338,"Perez, Jason","Perez, Jason",Individual,Partial High School,Clerical
14340,25339,"Rivera, Adrian","Rivera, Adrian",Individual,Partial College,Clerical
14342,25341,"Cook, Kaitlyn","Cook, Kaitlyn",Individual,Partial High School,Clerical
14343,25342,"Hill, Seth","Hill, Seth",Individual,Partial High School,Clerical
14344,25343,"Simmons, Carol","Simmons, Carol",Individual,Partial High School,Clerical
14345,25344,"Baker, Thomas","Baker, Thomas",Individual,High School,Clerical
14346,25345,"Powell, Olivia","Powell, Olivia",Individual,Partial High School,Clerical
14347,25346,"Gonzalez, Ian","Gonzalez, Ian",Individual,Partial High School,Clerical
14349,25348,"Wood, Angela","Wood, Angela",Individual,High School,Skilled Manual
14351,25350,"Alonso, Alberto","Alonso, Alberto",Individual,Partial High School,Clerical
14352,25351,"Phillips, Jordan","Phillips, Jordan (25351)",Individual,Partial High School,Clerical
14353,25352,"Martinez, Brandon","Martinez, Brandon",Individual,Partial High School,Clerical
14354,25353,"Stewart, Caitlin","Stewart, Caitlin",Individual,Partial High School,Clerical
14355,25354,"Hughes, Kevin","Hughes, Kevin",Individual,Partial High School,Clerical
14356,25355,"Smith, Richard","Smith, Richard",Individual,Partial High School,Clerical
14357,25356,"Miller, Jonathan","Miller, Jonathan",Individual,Partial High School,Clerical
14358,25357,"Foster, Marcus","Foster, Marcus",Individual,Partial High School,Clerical
14359,25358,"Torres, Jade","Torres, Jade",Individual,Partial High School,Clerical
14360,25359,"Young, Alex","Young, Alex",Individual,High School,Skilled Manual
14361,25360,"James, Mason","James, Mason",Individual,High School,Skilled Manual
14363,25362,"Bailey, Makayla","Bailey, Makayla",Individual,High School,Skilled Manual
14365,25364,"Rogers, Isaac","Rogers, Isaac",Individual,High School,Skilled Manual
14366,25365,"Perry, Gabrielle","Perry, Gabrielle",Individual,High School,Skilled Manual
14367,25366,"Bailey, Eduardo","Bailey, Eduardo",Individual,Partial College,Clerical
14369,25368,"Baker, Blake","Baker, Blake",Individual,Partial College,Clerical
14370,25369,"Cox, Evan","Cox, Evan",Individual,Partial College,Clerical
14371,25370,"Bailey, Erin","Bailey, Erin",Individual,Partial College,Clerical
14373,25372,"Torres, Carrie","Torres, Carrie",Individual,Graduate Degree,Skilled Manual
14374,25373,"Chande, Nichole","Chande, Nichole",Individual,Graduate Degree,Skilled Manual
14375,25374,"Powell, Ana","Powell, Ana",Individual,Graduate Degree,Skilled Manual
14376,25375,"Flores, Carson","Flores, Carson",Individual,Graduate Degree,Skilled Manual
14377,25376,"Griffin, Alexis","Griffin, Alexis",Individual,Graduate Degree,Skilled Manual
14378,25377,"Anderson, Lauren","Anderson, Lauren",Individual,Graduate Degree,Skilled Manual
14379,25378,"Scott, Gabriella","Scott, Gabriella",Individual,Graduate Degree,Skilled Manual
14380,25379,"Young, Hailey","Young, Hailey",Individual,Bachelors,Skilled Manual
14381,25380,"Gonzales, Seth","Gonzales, Seth",Individual,Graduate Degree,Skilled Manual
14382,25381,"Li, Dylan","Li, Dylan",Individual,Graduate Degree,Professional
14383,25382,"Hughes, Richard","Hughes, Richard",Individual,Graduate Degree,Professional
14384,25383,"Walker, Nathan","Walker, Nathan",Individual,Bachelors,Skilled Manual
14385,25384,"Cooper, Maria","Cooper, Maria",Individual,Bachelors,Skilled Manual
14386,25385,"Torres, Destiny","Torres, Destiny",Individual,Bachelors,Skilled Manual
14412,25411,"Flores, Riley","Flores, Riley",Individual,Bachelors,Professional
14413,25412,"Williams, Michael","Williams, Michael",Individual,Graduate Degree,Professional
14414,25413,"Rivera, Zoe","Rivera, Zoe",Individual,Graduate Degree,Professional
14415,25414,"Bailey, Grace","Bailey, Grace",Individual,Graduate Degree,Professional
14416,25415,"Evans, Aaron","Evans, Aaron",Individual,Graduate Degree,Professional
14417,25416,"Coleman, Jack","Coleman, Jack",Individual,Partial High School,Clerical
14418,25417,"Bell, Savannah","Bell, Savannah",Individual,Bachelors,Skilled Manual
14419,25418,"Hayes, Alexia","Hayes, Alexia",Individual,Bachelors,Skilled Manual
14420,25419,"King, Hunter","King, Hunter",Individual,Bachelors,Skilled Manual
14421,25420,"Scott, Jordan","Scott, Jordan (25420)",Individual,Bachelors,Skilled Manual
14422,25421,"Lewis, Marcus","Lewis, Marcus",Individual,Bachelors,Skilled Manual
14423,25422,"King, Elijah","King, Elijah",Individual,Bachelors,Skilled Manual
14424,25423,"Zhou, Jake","Zhou, Jake",Individual,Bachelors,Skilled Manual
14425,25424,"Roberts, Ian","Roberts, Ian",Individual,Graduate Degree,Professional
14426,25425,"Diaz, Zachary","Diaz, Zachary",Individual,Graduate Degree,Professional
14427,25426,"Foster, Tristan","Foster, Tristan",Individual,Graduate Degree,Professional
14428,25427,"Zeng, Omar","Zeng, Omar",Individual,Graduate Degree,Professional
14429,25428,"Jenkins, Victoria","Jenkins, Victoria",Individual,Graduate Degree,Professional
14430,25429,"Rana, Candace","Rana, Candace",Individual,Graduate Degree,Professional
14431,25430,"Hall, Alyssa","Hall, Alyssa",Individual,Graduate Degree,Professional
14432,25431,"Sanchez, Ann","Sanchez, Ann",Individual,Bachelors,Professional
14433,25432,"Gomez, Kellie","Gomez, Kellie",Individual,Bachelors,Professional
14435,25434,"Hill, Gabriel","Hill, Gabriel",Individual,Bachelors,Skilled Manual
14436,25435,"Turner, Jennifer","Turner, Jennifer",Individual,Bachelors,Skilled Manual
14437,25436,"Ross, Destiny","Ross, Destiny",Individual,Bachelors,Skilled Manual
14439,25438,"Murphy, Lauren","Murphy, Lauren",Individual,Bachelors,Skilled Manual
14440,25439,"Arthur, Janelle","Arthur, Janelle",Individual,Bachelors,Skilled Manual
14441,25440,"Gonzalez, Andre","Gonzalez, Andre",Individual,Bachelors,Skilled Manual
14442,25441,"Torres, Isabella","Torres, Isabella",Individual,Bachelors,Skilled Manual
14444,25443,"Huang, Stacey","Huang, Stacey",Individual,Graduate Degree,Clerical
14445,25444,"Martinez, Meagan","Martinez, Meagan",Individual,Graduate Degree,Clerical
14446,25445,"Cook, Grace","Cook, Grace",Individual,Graduate Degree,Clerical
14450,25449,"Dominguez, Marvin","Dominguez, Marvin",Individual,Partial High School,Manual
14451,25450,"Deng, Darrell","Deng, Darrell",Individual,Partial College,Manual
14452,25451,"Subram, Geoffrey","Subram, Geoffrey",Individual,Partial College,Manual
14456,25455,"Zheng, Jorge","Zheng, Jorge",Individual,Partial High School,Manual
14460,25459,"Vance, Ronald","Vance, Ronald",Individual,High School,Manual
14461,25460,"Andersen, Alisha","Andersen, Alisha",Individual,High School,Manual
14463,25462,"Gray, Angel","Gray, Angel",Individual,Bachelors,Clerical
14469,25468,"Suarez, Krista","Suarez, Krista",Individual,High School,Manual
14473,25472,"Malhotra, Don","Malhotra, Don",Individual,Bachelors,Skilled Manual
14487,25486,"Rodriguez, Edgar","Rodriguez, Edgar",Individual,Partial College,Clerical
14488,25487,"Rogers, Allison","Rogers, Allison",Individual,Partial College,Clerical
14493,25492,"Sanchez, Gabriella","Sanchez, Gabriella",Individual,Bachelors,Skilled Manual
14498,25497,"Torres, Marcus","Torres, Marcus",Individual,Bachelors,Skilled Manual
14499,25498,"Kapoor, Shane","Kapoor, Shane",Individual,Bachelors,Skilled Manual
14505,25504,"Sutton, Calvin","Sutton, Calvin",Individual,Partial College,Clerical
14509,25508,"Cook, Melissa","Cook, Melissa",Individual,Partial College,Clerical
14510,25509,"Hayes, Lucas","Hayes, Lucas",Individual,Partial College,Clerical
14517,25516,"Hernandez, Cheryl","Hernandez, Cheryl",Individual,Partial High School,Manual
14522,25521,"Sanchez, Douglas","Sanchez, Douglas",Individual,Partial High School,Manual
14523,25522,"Anand, Casey","Anand, Casey",Individual,Partial College,Clerical
14525,25524,"Anand, Shaun","Anand, Shaun",Individual,Partial High School,Manual
14526,25525,"Srini, Heidi","Srini, Heidi",Individual,Partial College,Clerical
14527,25526,"Rubio, Armando","Rubio, Armando",Individual,Partial College,Clerical
14529,25528,"Butler, Alexandria","Butler, Alexandria",Individual,Partial College,Clerical
14530,25529,"Sanders, Jared","Sanders, Jared",Individual,Graduate Degree,Manual
14531,25530,"Lopez, Gerald","Lopez, Gerald",Individual,Graduate Degree,Manual
14534,25533,"Huang, Suzanne","Huang, Suzanne",Individual,Bachelors,Manual
14537,25536,"Sai, Rebekah","Sai, Rebekah",Individual,Graduate Degree,Clerical
14542,25541,"Hernandez, Gary","Hernandez, Gary",Individual,Bachelors,Manual
14544,25543,"Chen, Ramon","Chen, Ramon",Individual,Partial College,Manual
14549,25548,"Yuan, Colleen","Yuan, Colleen",Individual,Bachelors,Clerical
14551,25550,"Munoz, Krista","Munoz, Krista",Individual,Partial College,Manual
14552,25551,"Torres, Ross","Torres, Ross",Individual,Partial College,Manual
14553,25552,"Ward, Riley","Ward, Riley",Individual,Bachelors,Clerical
14572,25571,"Lopez, Richard","Lopez, Richard",Individual,Bachelors,Clerical
14576,25575,"Campbell, Elijah","Campbell, Elijah",Individual,Graduate Degree,Clerical
14582,25581,"Bryant, Kayla","Bryant, Kayla",Individual,Partial College,Manual
14584,25583,"Arthur, Carolyn","Arthur, Carolyn",Individual,Partial College,Manual
14588,25587,"Young, Isaiah","Young, Isaiah",Individual,Bachelors,Clerical
14590,25589,"Perez, Lydia","Perez, Lydia",Individual,Bachelors,Clerical
14591,25590,"Gill, Naomi","Gill, Naomi",Individual,Partial College,Manual
14592,25591,"Ray, Preston","Ray, Preston",Individual,Partial College,Manual
14596,25595,"Rowe, Larry","Rowe, Larry",Individual,Bachelors,Clerical
14597,25596,"Moreno, Cheryl","Moreno, Cheryl",Individual,Bachelors,Clerical
14598,25597,"She, Alan","She, Alan",Individual,Bachelors,Clerical
14602,25601,"Morgan, Grace","Morgan, Grace",Individual,Bachelors,Clerical
14603,25602,"Sara, Jermaine","Sara, Jermaine",Individual,Graduate Degree,Skilled Manual
14611,25610,"Zhao, Brittney","Zhao, Brittney",Individual,High School,Manual
14619,25618,"Hernandez, Albert","Hernandez, Albert",Individual,Bachelors,Clerical
14623,25622,"Hill, Mary","Hill, Mary",Individual,Bachelors,Management
14624,25623,"Oliver, Maria","Oliver, Maria",Individual,Bachelors,Management
14625,25624,"Scott, Mary","Scott, Mary",Individual,Bachelors,Management
14626,25625,"Cai, Krystal","Cai, Krystal",Individual,Partial High School,Manual
14630,25629,"Serrano, Micheal","Serrano, Micheal",Individual,Partial High School,Manual
14634,25633,"Sutton, Tara","Sutton, Tara",Individual,Bachelors,Skilled Manual
14636,25635,"Zhao, Warren","Zhao, Warren",Individual,Bachelors,Professional
14641,25640,"Zhao, Candice","Zhao, Candice",Individual,Partial College,Clerical
14646,25645,"Shen, Tommy","Shen, Tommy",Individual,Partial College,Clerical
14651,25650,"Srini, Jillian","Srini, Jillian",Individual,Partial College,Clerical
14652,25651,"Yuan, Alvin","Yuan, Alvin",Individual,Bachelors,Skilled Manual
14654,25653,"Gao, Alan","Gao, Alan",Individual,High School,Manual
14659,25658,"Dominguez, Ricky","Dominguez, Ricky",Individual,Bachelors,Skilled Manual
14665,25664,"Hu, Jon","Hu, Jon",Individual,Partial College,Clerical
14668,25667,"Gao, Jaclyn","Gao, Jaclyn",Individual,Partial College,Clerical
14672,25671,"Arun, Brett","Arun, Brett",Individual,High School,Manual
14675,25674,"Navarro, Reginald","Navarro, Reginald",Individual,Partial College,Clerical
14679,25678,"Yang, Erica","Yang, Erica",Individual,Partial High School,Manual
14681,25680,"Subram, Manuel","Subram, Manuel",Individual,Partial College,Clerical
14682,25681,"Serrano, Melinda","Serrano, Melinda",Individual,Partial College,Clerical
14685,25684,"Sanchez, Jermaine","Sanchez, Jermaine",Individual,Graduate Degree,Manual
14686,25685,"Liu, Barbara","Liu, Barbara",Individual,Bachelors,Manual
14692,25691,"Black, Mitchell","Black, Mitchell",Individual,Graduate Degree,Clerical
14703,25702,"Lopez, Evelyn","Lopez, Evelyn",Individual,Partial College,Manual
14720,25719,"Diaz, Kristine","Diaz, Kristine",Individual,Partial College,Manual
14721,25720,"Garcia, Ronald","Garcia, Ronald",Individual,Partial College,Manual
14725,25724,"Fernandez, Tabitha","Fernandez, Tabitha",Individual,Graduate Degree,Clerical
14726,25725,"Lal, Chad","Lal, Chad",Individual,Graduate Degree,Clerical
14730,25729,"Kapoor, Tabitha","Kapoor, Tabitha",Individual,Partial College,Manual
14731,25730,"Simmons, Isabelle","Simmons, Isabelle",Individual,Partial College,Manual
14735,25734,"Zheng, Alvin","Zheng, Alvin",Individual,Graduate Degree,Clerical
14736,25735,"Wu, Suzanne","Wu, Suzanne",Individual,Graduate Degree,Clerical
14737,25736,"Stone, Darrell","Stone, Darrell",Individual,Bachelors,Clerical
14738,25737,"Liu, Marshall","Liu, Marshall",Individual,Graduate Degree,Clerical
14739,25738,"Ruiz, Jacquelyn","Ruiz, Jacquelyn",Individual,Bachelors,Clerical
14743,25742,"He, Tamara","He, Tamara",Individual,High School,Manual
14745,25744,"Griffin, Gabriel","Griffin, Gabriel",Individual,Bachelors,Clerical
14746,25745,"Arun, Mayra","Arun, Mayra",Individual,Partial College,Manual
14752,25751,"Alvarez, Gina","Alvarez, Gina",Individual,Graduate Degree,Skilled Manual
14755,25754,"Sharma, Calvin","Sharma, Calvin",Individual,High School,Manual
14757,25756,"Malhotra, Cassandra","Malhotra, Cassandra",Individual,Partial College,Manual
14759,25758,"Gutierrez, Leslie","Gutierrez, Leslie",Individual,Partial College,Manual
14763,25762,"Fernandez, Stefanie","Fernandez, Stefanie",Individual,Bachelors,Clerical
14764,25763,"Johnson, Hannah","Johnson, Hannah",Individual,Partial College,Skilled Manual
14765,25764,"Price, Alexandria","Price, Alexandria",Individual,Partial College,Skilled Manual
14766,25765,"Watson, Natalie","Watson, Natalie",Individual,Bachelors,Management
14767,25766,"Kelly, Allison","Kelly, Allison",Individual,Bachelors,Management
14768,25767,"Hill, Bailey","Hill, Bailey",Individual,Bachelors,Management
14769,25768,"Ruiz, Tyrone","Ruiz, Tyrone",Individual,High School,Professional
14770,25769,"Rubio, Gerald","Rubio, Gerald",Individual,Partial College,Professional
14772,25771,"Rivera, Gabriella","Rivera, Gabriella",Individual,High School,Professional
14773,25772,"Kapoor, Harold","Kapoor, Harold",Individual,High School,Professional
14774,25773,"Simmons, Jack","Simmons, Jack",Individual,High School,Professional
14780,25779,"Cai, Marshall","Cai, Marshall",Individual,Partial College,Professional
14781,25780,"Gill, Dana","Gill, Dana",Individual,Partial College,Professional
14789,25788,"Yuan, Nichole","Yuan, Nichole",Individual,Partial College,Professional
14793,25792,"Gonzales, Alyssa","Gonzales, Alyssa",Individual,Bachelors,Management
14794,25793,"Rana, Ann","Rana, Ann",Individual,Partial College,Professional
14795,25794,"Tang, Kristin","Tang, Kristin",Individual,High School,Professional
14796,25795,"Gomez, Marie","Gomez, Marie",Individual,Partial College,Professional
14803,25802,"He, Clayton","He, Clayton",Individual,Partial College,Management
14804,25803,"Xu, Gregory","Xu, Gregory",Individual,High School,Management
14834,25833,"Hernandez, Sabrina","Hernandez, Sabrina",Individual,High School,Professional
14835,25834,"Davis, Jeremy","Davis, Jeremy",Individual,High School,Professional
14836,25835,"Flores, Destiny","Flores, Destiny",Individual,High School,Professional
14857,25856,"Sharma, Benjamin","Sharma, Benjamin",Individual,High School,Professional
14858,25857,"Perry, Abigail","Perry, Abigail",Individual,Partial High School,Clerical
14859,25858,"Gonzales, Mariah","Gonzales, Mariah",Individual,Partial High School,Clerical
14860,25859,"Peterson, Mackenzie","Peterson, Mackenzie",Individual,Partial High School,Clerical
14861,25860,"Thomas, Justin","Thomas, Justin",Individual,Partial High School,Clerical
14862,25861,"Cooper, Garrett","Cooper, Garrett",Individual,Partial High School,Skilled Manual
14863,25862,"Bell, Jared","Bell, Jared",Individual,Partial High School,Skilled Manual
14866,25865,"Butler, Tristan","Butler, Tristan",Individual,High School,Professional
14867,25866,"Perry, Tristan","Perry, Tristan",Individual,High School,Professional
14868,25867,"Carter, Carlos","Carter, Carlos",Individual,Bachelors,Management
14869,25868,"Lewis, Jessica","Lewis, Jessica",Individual,Bachelors,Management
14870,25869,"Parker, Lucas","Parker, Lucas",Individual,High School,Professional
14871,25870,"Gonzales, Edward","Gonzales, Edward",Individual,High School,Professional
14872,25871,"Nelson, Jason","Nelson, Jason",Individual,High School,Professional
14873,25872,"Ross, Melanie","Ross, Melanie",Individual,Bachelors,Management
14875,25874,"Hall, Jessica","Hall, Jessica",Individual,Bachelors,Management
14877,25876,"King, Noah","King, Noah",Individual,Partial College,Professional
14878,25877,"Price, Alyssa","Price, Alyssa",Individual,Partial College,Professional
14879,25878,"Simmons, Brianna","Simmons, Brianna",Individual,Bachelors,Management
14880,25879,"Wood, Alyssa","Wood, Alyssa",Individual,Bachelors,Management
14881,25880,"Kumar, Jackson","Kumar, Jackson",Individual,Bachelors,Management
14882,25881,"Clark, Jennifer","Clark, Jennifer",Individual,Bachelors,Management
14883,25882,"Roberts, Edward","Roberts, Edward",Individual,Bachelors,Management
14887,25886,"Rogers, Rachel","Rogers, Rachel",Individual,Partial College,Professional
14888,25887,"Collins, Jack","Collins, Jack",Individual,Partial College,Professional
14889,25888,"Edwards, Morgan","Edwards, Morgan",Individual,Partial College,Professional
14890,25889,"Munoz, Reginald","Munoz, Reginald",Individual,Partial College,Professional
14891,25890,"Brown, Chloe","Brown, Chloe",Individual,Partial College,Professional
14892,25891,"Johnson, Brandon","Johnson, Brandon",Individual,Bachelors,Management
14894,25893,"Alexander, Alexia","Alexander, Alexia",Individual,High School,Professional
14895,25894,"Zeng, Steve","Zeng, Steve",Individual,Partial College,Professional
14896,25895,"Richardson, Jesse","Richardson, Jesse",Individual,Partial High School,Skilled Manual
14897,25896,"Coleman, Marissa","Coleman, Marissa",Individual,High School,Professional
14898,25897,"Bailey, Kimberly","Bailey, Kimberly",Individual,High School,Professional
14899,25898,"Cai, Brittney","Cai, Brittney",Individual,High School,Professional
14900,25899,"Rogers, Caitlin","Rogers, Caitlin",Individual,High School,Professional
14901,25900,"Sanders, Haley","Sanders, Haley",Individual,Partial High School,Skilled Manual
14902,25901,"Harris, Lucas","Harris, Lucas",Individual,Partial High School,Skilled Manual
14903,25902,"Li, Cameron","Li, Cameron",Individual,Partial High School,Skilled Manual
14904,25903,"Rai, Marshall","Rai, Marshall",Individual,Partial High School,Skilled Manual
14905,25904,"Collins, Ian","Collins, Ian",Individual,High School,Professional
14906,25905,"Hayes, Nathan","Hayes, Nathan",Individual,Partial High School,Skilled Manual
14909,25908,"Long, Melissa","Long, Melissa",Individual,Partial College,Skilled Manual
14910,25909,"James, Chase","James, Chase",Individual,Partial College,Skilled Manual
14911,25910,"Miller, Natalie","Miller, Natalie",Individual,Partial College,Skilled Manual
14915,25914,"Hughes, Seth","Hughes, Seth",Individual,Partial College,Skilled Manual
14916,25915,"Bryant, Paige","Bryant, Paige",Individual,Partial College,Skilled Manual
14917,25916,"Serrano, Naomi","Serrano, Naomi",Individual,Partial College,Skilled Manual
14918,25917,"Long, Kyle","Long, Kyle",Individual,Partial College,Skilled Manual
14925,25924,"Robinson, Hannah","Robinson, Hannah",Individual,Partial College,Skilled Manual
14930,25929,"Gray, Alexandra","Gray, Alexandra",Individual,Partial College,Skilled Manual
14931,25930,"Harris, Ethan","Harris, Ethan",Individual,Partial College,Skilled Manual
14932,25931,"Henderson, Ryan","Henderson, Ryan",Individual,Partial College,Skilled Manual
14933,25932,"Rodriguez, Marcus","Rodriguez, Marcus",Individual,Partial College,Skilled Manual
14934,25933,"Stewart, Dalton","Stewart, Dalton",Individual,Partial College,Skilled Manual
14935,25934,"King, Luke","King, Luke",Individual,Partial College,Skilled Manual
14943,25942,"Brooks, Brianna","Brooks, Brianna",Individual,Partial College,Skilled Manual
14944,25943,"McDonald, Brianna","McDonald, Brianna",Individual,Partial College,Skilled Manual
14951,25950,"Kumar, Kyle","Kumar, Kyle",Individual,High School,Skilled Manual
14952,25951,"Anderson, Anthony","Anderson, Anthony",Individual,High School,Skilled Manual
14953,25952,"Alonso, Jon","Alonso, Jon",Individual,High School,Skilled Manual
14954,25953,"Butler, Hunter","Butler, Hunter",Individual,High School,Skilled Manual
14955,25954,"Carter, Noah","Carter, Noah",Individual,Partial College,Skilled Manual
14956,25955,"Robinson, Anna","Robinson, Anna",Individual,Partial College,Skilled Manual
14957,25956,"Ramirez, Charles","Ramirez, Charles",Individual,High School,Skilled Manual
14958,25957,"Washington, Stephanie","Washington, Stephanie",Individual,Partial College,Professional
14960,25959,"Hall, Katherine","Hall, Katherine (25959)",Individual,Partial College,Professional
14963,25962,"Jenkins, Jordyn","Jenkins, Jordyn",Individual,Bachelors,Management
14964,25963,"Morris, Charles","Morris, Charles",Individual,Partial College,Professional
14965,25964,"Winston, Christopher","Winston, Christopher",Individual,Partial College,Professional
14966,25965,"Roberts, Andrea","Roberts, Andrea",Individual,Graduate Degree,Management
14967,25966,"Watson, Alex","Watson, Alex",Individual,Graduate Degree,Management
14968,25967,"Martinez, Alexis","Martinez, Alexis",Individual,Partial High School,Skilled Manual
14969,25968,"Powell, Benjamin","Powell, Benjamin",Individual,Bachelors,Skilled Manual
14970,25969,"Parker, Jason","Parker, Jason",Individual,Bachelors,Skilled Manual
14971,25970,"James, Hailey","James, Hailey",Individual,Bachelors,Skilled Manual
14973,25972,"Henderson, Jocelyn","Henderson, Jocelyn",Individual,Bachelors,Professional
14974,25973,"Griffin, Mariah","Griffin, Mariah",Individual,Bachelors,Professional
14975,25974,"Jai, Noah","Jai, Noah",Individual,Bachelors,Professional
14976,25975,"Gutierrez, Ebony","Gutierrez, Ebony",Individual,Bachelors,Professional
14977,25976,"Coleman, Hunter","Coleman, Hunter",Individual,Bachelors,Professional
14978,25977,"Lopez, Jenna","Lopez, Jenna",Individual,Graduate Degree,Professional
14979,25978,"Perez, Morgan","Perez, Morgan",Individual,Bachelors,Professional
14980,25979,"Edwards, Miguel","Edwards, Miguel",Individual,Bachelors,Professional
14981,25980,"Jones, Julia","Jones, Julia",Individual,Bachelors,Professional
14983,25982,"Phillips, Rebecca","Phillips, Rebecca",Individual,Bachelors,Professional
14984,25983,"Alexander, Jack","Alexander, Jack",Individual,Bachelors,Professional
14985,25984,"Wright, Isabella","Wright, Isabella",Individual,Graduate Degree,Professional
14986,25985,"Harris, Justin","Harris, Justin",Individual,Graduate Degree,Professional
14987,25986,"Bryant, Isabel","Bryant, Isabel",Individual,Graduate Degree,Professional
14988,25987,"Kumar, Hunter","Kumar, Hunter",Individual,High School,Skilled Manual
14989,25988,"Muñoz, Victor","Muñoz, Victor",Individual,High School,Skilled Manual
14991,25990,"Parker, Jenna","Parker, Jenna",Individual,Bachelors,Professional
14994,25993,"Chandra, Heidi","Chandra, Heidi",Individual,High School,Skilled Manual
14995,25994,"Garcia, Richard","Garcia, Richard",Individual,High School,Skilled Manual
14997,25996,"Murphy, Faith","Murphy, Faith",Individual,Partial College,Skilled Manual
14998,25997,"Wright, Katherine","Wright, Katherine",Individual,Partial College,Skilled Manual
14999,25998,"Rivera, Richard","Rivera, Richard",Individual,Partial College,Skilled Manual
15001,26000,"Lopez, Connor","Lopez, Connor",Individual,Bachelors,Professional
15002,26001,"Lee, Nicholas","Lee, Nicholas",Individual,Partial College,Skilled Manual
15003,26002,"Walker, Samuel","Walker, Samuel",Individual,Partial College,Skilled Manual
15004,26003,"Subram, Denise","Subram, Denise",Individual,Graduate Degree,Professional
15005,26004,"Washington, Arthur","Washington, Arthur",Individual,Partial College,Skilled Manual
15006,26005,"Clark, Elizabeth","Clark, Elizabeth",Individual,Partial College,Skilled Manual
15007,26006,"Peterson, Garrett","Peterson, Garrett",Individual,Bachelors,Professional
15008,26007,"Morgan, Jesse","Morgan, Jesse",Individual,Bachelors,Professional
15009,26008,"Gonzales, Jennifer","Gonzales, Jennifer",Individual,Graduate Degree,Professional
15010,26009,"Foster, Luis","Foster, Luis",Individual,Graduate Degree,Professional
15011,26010,"Campbell, Morgan","Campbell, Morgan",Individual,Graduate Degree,Professional
15012,26011,"Yanagishima, Daisuke","Yanagishima, Daisuke",Individual,Graduate Degree,Professional
15013,26012,"Bebbington, Mark","Bebbington, Mark",Individual,Partial College,Skilled Manual
15015,26014,"Torres, Olivia","Torres, Olivia",Individual,Bachelors,Professional
15016,26015,"Chow, Gabriel","Chow, Gabriel",Individual,Bachelors,Professional
15017,26016,"King, Fernando","King, Fernando",Individual,Bachelors,Professional
15018,26017,"Alonso, Derrick","Alonso, Derrick",Individual,Graduate Degree,Professional
15019,26018,"Thompson, Zachary","Thompson, Zachary",Individual,Graduate Degree,Professional
15039,26038,"Flores, Nicole","Flores, Nicole",Individual,Partial College,Clerical
15040,26039,"Garcia, Robert","Garcia, Robert",Individual,High School,Professional
15042,26041,"Torres, Gloria","Torres, Gloria",Individual,Partial College,Professional
15043,26042,"Griffin, Devin","Griffin, Devin",Individual,Partial College,Professional
15044,26043,"Becker, Jodi","Becker, Jodi",Individual,Partial High School,Skilled Manual
15045,26044,"Hughes, Gavin","Hughes, Gavin",Individual,Partial High School,Skilled Manual
15046,26045,"Jenkins, Samuel","Jenkins, Samuel",Individual,Partial High School,Skilled Manual
15047,26046,"Kumar, Kara","Kumar, Kara",Individual,Partial High School,Skilled Manual
15048,26047,"Hall, Ashley","Hall, Ashley",Individual,Partial High School,Skilled Manual
15049,26048,"Oliver, Brad","Oliver, Brad",Individual,High School,Professional
15051,26050,"Ye, Clarence","Ye, Clarence",Individual,High School,Professional
15053,26052,"Subram, Carolyn","Subram, Carolyn",Individual,Partial College,Professional
15054,26053,"Anderson, Austin","Anderson, Austin",Individual,Bachelors,Management
15055,26054,"Lee, Dylan","Lee, Dylan",Individual,Bachelors,Management
15056,26055,"Foster, Ethan","Foster, Ethan",Individual,Partial College,Professional
15057,26056,"Zeng, Karen","Zeng, Karen",Individual,Partial College,Professional
15058,26057,"Subram, Barry","Subram, Barry",Individual,Bachelors,Management
15059,26058,"Stewart, Faith","Stewart, Faith",Individual,Bachelors,Management
15060,26059,"Anderson, Andrew","Anderson, Andrew",Individual,Graduate Degree,Management
15061,26060,"Edwards, Kyle","Edwards, Kyle",Individual,Graduate Degree,Management
15062,26061,"Butler, Connor","Butler, Connor",Individual,Graduate Degree,Management
15063,26062,"Raji, Chad","Raji, Chad",Individual,Partial College,Professional
15064,26063,"Lu, Wesley","Lu, Wesley",Individual,Partial College,Professional
15065,26064,"Scott, Logan","Scott, Logan",Individual,Partial College,Professional
15066,26065,"Powell, Chloe","Powell, Chloe",Individual,Bachelors,Management
15067,26066,"Martinez, Elizabeth","Martinez, Elizabeth",Individual,Partial College,Professional
15068,26067,"Morgan, Erin","Morgan, Erin",Individual,Partial College,Professional
15069,26068,"Patterson, Dylan","Patterson, Dylan",Individual,Partial College,Professional
15071,26070,"Patterson, Elijah","Patterson, Elijah",Individual,Partial College,Professional
15072,26071,"Henderson, Brittany","Henderson, Brittany",Individual,Partial High School,Skilled Manual
15073,26072,"Zhang, Kelli","Zhang, Kelli",Individual,Partial High School,Skilled Manual
15076,26075,"Walker, Jessica","Walker, Jessica",Individual,Partial College,Professional
15079,26078,"Dominguez, Alberto","Dominguez, Alberto",Individual,Partial College,Professional
15080,26079,"Robinson, Ryan","Robinson, Ryan",Individual,Partial College,Professional
15081,26080,"Roberts, Sydney","Roberts, Sydney",Individual,Partial College,Professional
15082,26081,"Green, Edward","Green, Edward",Individual,Partial College,Professional
15083,26082,"Johnson, Christian","Johnson, Christian",Individual,Bachelors,Management
15084,26083,"Smith, Alyssa","Smith, Alyssa",Individual,Partial College,Professional
15085,26084,"Jenkins, Luke","Jenkins, Luke",Individual,Bachelors,Management
15087,26086,"Cox, Sean","Cox, Sean",Individual,Partial College,Professional
15088,26087,"Price, Ashley","Price, Ashley",Individual,High School,Professional
15089,26088,"Perry, Ethan","Perry, Ethan",Individual,High School,Professional
15090,26089,"Rai, Terry","Rai, Terry",Individual,Bachelors,Management
15091,26090,"Moreno, Mathew","Moreno, Mathew",Individual,Bachelors,Management
15092,26091,"Bennett, Chloe","Bennett, Chloe",Individual,Bachelors,Management
15093,26092,"Morgan, Devin","Morgan, Devin",Individual,Partial High School,Skilled Manual
15094,26093,"Washington, Nicole","Washington, Nicole",Individual,High School,Professional
15095,26094,"Butler, Sarah","Butler, Sarah",Individual,High School,Professional
15097,26096,"Wright, Kevin","Wright, Kevin",Individual,High School,Professional
15098,26097,"Flores, Robert","Flores, Robert",Individual,Graduate Degree,Management
15099,26098,"Lee, Daniel","Lee, Daniel",Individual,Graduate Degree,Management
15102,26101,"Smith, Phillip","Smith, Phillip",Individual,Graduate Degree,Management
15103,26102,"Wood, Ana","Wood, Ana",Individual,High School,Professional
15104,26103,"Yang, Jack","Yang, Jack",Individual,High School,Professional
15105,26104,"Edwards, Timothy","Edwards, Timothy",Individual,Partial College,Professional
15106,26105,"Gonzales, Morgan","Gonzales, Morgan",Individual,Partial College,Professional
15107,26106,"King, Connor","King, Connor",Individual,High School,Professional
15108,26107,"Thomas, Alexis","Thomas, Alexis",Individual,Bachelors,Management
15109,26108,"Thompson, Dylan","Thompson, Dylan",Individual,Graduate Degree,Management
15110,26109,"Rodriguez, Dalton","Rodriguez, Dalton",Individual,Partial High School,Skilled Manual
15111,26110,"Alexander, James","Alexander, James",Individual,High School,Professional
15112,26111,"Coleman, Sarah","Coleman, Sarah",Individual,High School,Professional
15113,26112,"Perry, Luke","Perry, Luke",Individual,Graduate Degree,Management
15115,26114,"Peterson, Isaac","Peterson, Isaac",Individual,Graduate Degree,Management
15117,26116,"Martin, Ashley","Martin, Ashley",Individual,Graduate Degree,Management
15118,26117,"Wright, Samuel","Wright, Samuel",Individual,Partial College,Professional
15119,26118,"Butler, Ashley","Butler, Ashley",Individual,Partial College,Professional
15120,26119,"Gray, Danielle","Gray, Danielle",Individual,Partial College,Professional
15121,26120,"Lewis, Miguel","Lewis, Miguel",Individual,Partial College,Professional
15122,26121,"Nelson, Madeline","Nelson, Madeline",Individual,Partial College,Professional
15123,26122,"Gonzales, Lauren","Gonzales, Lauren",Individual,Partial College,Professional
15124,26123,"Scott, Isabella","Scott, Isabella",Individual,Partial College,Professional
15125,26124,"James, Riley","James, Riley",Individual,Partial College,Professional
15126,26125,"Roberts, Sara","Roberts, Sara",Individual,Partial College,Professional
15127,26126,"Bell, Alexandra","Bell, Alexandra",Individual,High School,Professional
15128,26127,"Chander, Terry","Chander, Terry",Individual,High School,Professional
15129,26128,"Phillips, Samuel","Phillips, Samuel",Individual,High School,Professional
15169,26168,"Campbell, Ian","Campbell, Ian",Individual,High School,Skilled Manual
15170,26169,"White, Alexandra","White, Alexandra",Individual,High School,Skilled Manual
15171,26170,"Jenkins, Jeremiah","Jenkins, Jeremiah",Individual,High School,Skilled Manual
15172,26171,"Ruiz, Randall","Ruiz, Randall",Individual,High School,Skilled Manual
15173,26172,"Hernandez, Madeline","Hernandez, Madeline",Individual,High School,Skilled Manual
15175,26174,"Adams, Isaac","Adams, Isaac",Individual,High School,Skilled Manual
15176,26175,"Hughes, Jose","Hughes, Jose",Individual,High School,Skilled Manual
15179,26178,"Price, Paige","Price, Paige",Individual,High School,Skilled Manual
15182,26181,"Ross, Lucas","Ross, Lucas",Individual,High School,Skilled Manual
15184,26183,"Arthur, Allen","Arthur, Allen",Individual,Partial High School,Clerical
15185,26184,"Lal, Louis","Lal, Louis",Individual,Partial High School,Clerical
15194,26193,"Edwards, Luis","Edwards, Luis",Individual,Partial College,Skilled Manual
15195,26194,"Brown, Miguel","Brown, Miguel",Individual,Partial College,Skilled Manual
15196,26195,"Rivera, Alyssa","Rivera, Alyssa",Individual,Partial College,Skilled Manual
15197,26196,"Griffin, Gavin","Griffin, Gavin",Individual,High School,Skilled Manual
15198,26197,"Lopez, Marcus","Lopez, Marcus",Individual,Partial College,Skilled Manual
15199,26198,"Taylor, Alyssa","Taylor, Alyssa",Individual,Partial College,Skilled Manual
15200,26199,"White, Matthew","White, Matthew",Individual,Partial College,Skilled Manual
15202,26201,"Watson, Dalton","Watson, Dalton",Individual,Bachelors,Management
15204,26203,"Hall, Nicole","Hall, Nicole",Individual,Bachelors,Management
15210,26209,"Cox, Jan","Cox, Jan (26209)",Individual,Partial High School,Manual
15213,26212,"Martinez, Summer","Martinez, Summer",Individual,Partial College,Clerical
15222,26221,"Chapman, Kari","Chapman, Kari",Individual,High School,Manual
15224,26223,"Sai, Dominic","Sai, Dominic",Individual,High School,Manual
15227,26226,"Andersen, Michele","Andersen, Michele",Individual,Partial College,Clerical
15228,26227,"Gutierrez, Joe","Gutierrez, Joe",Individual,Partial College,Clerical
15229,26228,"Perez, Carolyn","Perez, Carolyn",Individual,Partial College,Clerical
15230,26229,"Ye, Cara","Ye, Cara",Individual,High School,Manual
15231,26230,"Ramos, Natasha","Ramos, Natasha",Individual,High School,Manual
15234,26233,"Chande, Cristina","Chande, Cristina",Individual,Graduate Degree,Skilled Manual
15235,26234,"Perry, Antonio","Perry, Antonio",Individual,Partial College,Clerical
15237,26236,"Evans, Isabella","Evans, Isabella",Individual,Partial College,Clerical
15238,26237,"Martin, Grace","Martin, Grace",Individual,Partial College,Clerical
15239,26238,"Foster, Julia","Foster, Julia",Individual,Partial College,Clerical
15240,26239,"Turner, Kaitlyn","Turner, Kaitlyn",Individual,Partial College,Clerical
15241,26240,"Evans, Katelyn","Evans, Katelyn",Individual,Graduate Degree,Skilled Manual
15242,26241,"Lal, James","Lal, James",Individual,Graduate Degree,Skilled Manual
15244,26243,"Gonzalez, Fernando","Gonzalez, Fernando",Individual,Graduate Degree,Skilled Manual
15245,26244,"Hughes, Jordan","Hughes, Jordan",Individual,Graduate Degree,Skilled Manual
15246,26245,"Murphy, Devin","Murphy, Devin",Individual,Graduate Degree,Skilled Manual
15247,26246,"Bell, Jade","Bell, Jade",Individual,Graduate Degree,Skilled Manual
15248,26247,"Turner, Sophia","Turner, Sophia",Individual,Graduate Degree,Skilled Manual
15249,26248,"Lewis, Thomas","Lewis, Thomas",Individual,Partial High School,Clerical
15250,26249,"Ross, Thomas","Ross, Thomas",Individual,High School,Clerical
15251,26250,"Simmons, Miguel","Simmons, Miguel",Individual,High School,Clerical
15252,26251,"Huang, Cedric","Huang, Cedric",Individual,High School,Clerical
15253,26252,"Garcia, Morgan","Garcia, Morgan",Individual,Partial College,Clerical
15254,26253,"Wright, Dalton","Wright, Dalton",Individual,Partial High School,Clerical
15255,26254,"Henderson, Seth","Henderson, Seth",Individual,Partial High School,Clerical
15256,26255,"Alexander, Cameron","Alexander, Cameron",Individual,Partial High School,Clerical
15257,26256,"Rana, Ronald","Rana, Ronald",Individual,Partial High School,Clerical
15258,26257,"Jimenez, Hector","Jimenez, Hector",Individual,Partial High School,Clerical
15259,26258,"Powell, Angelica","Powell, Angelica",Individual,Partial High School,Clerical
15260,26259,"Bryant, Hunter","Bryant, Hunter",Individual,High School,Clerical
15261,26260,"Jackson, Ryan","Jackson, Ryan",Individual,High School,Clerical
15262,26261,"Watson, Brooke","Watson, Brooke",Individual,Partial High School,Clerical
15263,26262,"Thompson, Hannah","Thompson, Hannah",Individual,Partial High School,Clerical
15264,26263,"Collins, Kaitlyn","Collins, Kaitlyn",Individual,Partial High School,Clerical
15265,26264,"Lal, Elijah","Lal, Elijah",Individual,Partial High School,Clerical
15266,26265,"Lopez, Tammy","Lopez, Tammy",Individual,Partial High School,Clerical
15267,26266,"Gao, Brent","Gao, Brent",Individual,High School,Skilled Manual
15268,26267,"Martin, Matthew","Martin, Matthew",Individual,High School,Skilled Manual
15269,26268,"Romero, Jonathon","Romero, Jonathon",Individual,Partial High School,Clerical
15272,26271,"Baker, Bailey","Baker, Bailey",Individual,Partial High School,Clerical
15273,26272,"Hughes, Kelly","Hughes, Kelly",Individual,Partial High School,Clerical
15274,26273,"Suri, Chelsea","Suri, Chelsea",Individual,Partial High School,Clerical
15275,26274,"Wood, Jennifer","Wood, Jennifer",Individual,High School,Skilled Manual
15276,26275,"Johnson, Miguel","Johnson, Miguel",Individual,Partial College,Clerical
15277,26276,"Huang, Heather","Huang, Heather",Individual,Partial College,Clerical
15278,26277,"Hughes, Jacqueline","Hughes, Jacqueline",Individual,Partial College,Clerical
15279,26278,"Wu, Jon","Wu, Jon",Individual,Partial College,Clerical
15281,26280,"Jenkins, Jackson","Jenkins, Jackson",Individual,Partial College,Clerical
15282,26281,"Alexander, Ian","Alexander, Ian",Individual,Partial College,Clerical
15283,26282,"Jai, Leonard","Jai, Leonard",Individual,Graduate Degree,Skilled Manual
15284,26283,"Diaz, Jeremiah","Diaz, Jeremiah",Individual,Graduate Degree,Skilled Manual
15285,26284,"Ward, Garrett","Ward, Garrett",Individual,Graduate Degree,Skilled Manual
15286,26285,"Hayes, Kayla","Hayes, Kayla",Individual,Graduate Degree,Skilled Manual
15287,26286,"Phillips, Evan","Phillips, Evan",Individual,Graduate Degree,Skilled Manual
15288,26287,"Baker, Elijah","Baker, Elijah",Individual,Graduate Degree,Skilled Manual
15289,26288,"Russell, Alexandra","Russell, Alexandra",Individual,Graduate Degree,Skilled Manual
15290,26289,"Simmons, Samuel","Simmons, Samuel",Individual,Graduate Degree,Skilled Manual
15291,26290,"Chen, Noah","Chen, Noah",Individual,Graduate Degree,Skilled Manual
15292,26291,"Walker, Blake","Walker, Blake",Individual,Graduate Degree,Skilled Manual
15293,26292,"Simpson, Marty","Simpson, Marty",Individual,Graduate Degree,Skilled Manual
15294,26293,"Carlson, Casey","Carlson, Casey",Individual,Graduate Degree,Skilled Manual
15296,26295,"Kapoor, Toni","Kapoor, Toni",Individual,Bachelors,Skilled Manual
15297,26296,"Simmons, Grace","Simmons, Grace",Individual,Bachelors,Skilled Manual
15298,26297,"Lopez, Jeremiah","Lopez, Jeremiah",Individual,Bachelors,Skilled Manual
15299,26298,"Peterson, Jasmine","Peterson, Jasmine",Individual,Bachelors,Skilled Manual
15300,26299,"Yong, Y.","Yong, Y.",Individual,Graduate Degree,Skilled Manual
15301,26300,"Ortega, Audrey","Ortega, Audrey",Individual,Graduate Degree,Skilled Manual
15302,26301,"Hall, Isaiah","Hall, Isaiah",Individual,Graduate Degree,Professional
15303,26302,"Jackson, James","Jackson, James",Individual,Bachelors,Skilled Manual
15304,26303,"Pal, Devon","Pal, Devon",Individual,Bachelors,Skilled Manual
15305,26304,"Lewis, Anna","Lewis, Anna",Individual,Graduate Degree,Professional
15306,26305,"Rogers, Julia","Rogers, Julia",Individual,Bachelors,Skilled Manual
15307,26306,"Holt, Kyle","Holt, Kyle",Individual,Bachelors,Skilled Manual
15308,26307,"Miller, Alexander","Miller, Alexander",Individual,Bachelors,Skilled Manual
15309,26308,"Kelly, Sara","Kelly, Sara",Individual,Bachelors,Skilled Manual
15310,26309,"Powell, Julian","Powell, Julian",Individual,Bachelors,Skilled Manual
15312,26311,"Rodriguez, Brenda","Rodriguez, Brenda",Individual,Graduate Degree,Professional
15313,26312,"Wood, Elizabeth","Wood, Elizabeth",Individual,Graduate Degree,Professional
15314,26313,"Simmons, Dalton","Simmons, Dalton",Individual,Graduate Degree,Professional
15315,26314,"Murphy, Angel","Murphy, Angel",Individual,High School,Skilled Manual
15316,26315,"Peterson, Taylor","Peterson, Taylor",Individual,Graduate Degree,Professional
15318,26317,"Wright, Amanda","Wright, Amanda",Individual,Graduate Degree,Professional
15320,26319,"Martinez, Dylan","Martinez, Dylan",Individual,Bachelors,Skilled Manual
15321,26320,"Diaz, Brianna","Diaz, Brianna",Individual,Bachelors,Skilled Manual
15323,26322,"Zhang, Justin","Zhang, Justin",Individual,Bachelors,Professional
15324,26323,"Ruiz, Dwayne","Ruiz, Dwayne",Individual,Graduate Degree,Professional
15325,26324,"Brooks, Faith","Brooks, Faith",Individual,Graduate Degree,Professional
15326,26325,"Robinson, Tyler","Robinson, Tyler",Individual,Graduate Degree,Professional
15327,26326,"Washington, Trevor","Washington, Trevor",Individual,Graduate Degree,Professional
15328,26327,"Jai, Jack","Jai, Jack",Individual,Graduate Degree,Professional
15329,26328,"Anderson, Edward","Anderson, Edward",Individual,Graduate Degree,Professional
15330,26329,"Bryant, Angelica","Bryant, Angelica",Individual,Bachelors,Skilled Manual
15331,26330,"Diaz, Marcus","Diaz, Marcus",Individual,Bachelors,Skilled Manual
15332,26331,"Powell, Melanie","Powell, Melanie",Individual,Bachelors,Skilled Manual
15333,26332,"Mitchell, Aaron","Mitchell, Aaron",Individual,Bachelors,Skilled Manual
15334,26333,"Alexander, Alexandria","Alexander, Alexandria",Individual,Bachelors,Skilled Manual
15335,26334,"Blanco, Ross","Blanco, Ross",Individual,Bachelors,Skilled Manual
15336,26335,"Pal, April","Pal, April",Individual,Bachelors,Skilled Manual
15337,26336,"Brown, Noah","Brown, Noah",Individual,Graduate Degree,Professional
15338,26337,"Gonzalez, Jennifer","Gonzalez, Jennifer",Individual,Graduate Degree,Professional
15339,26338,"Coleman, Anna","Coleman, Anna",Individual,Graduate Degree,Professional
15340,26339,"James, Cindy","James, Cindy",Individual,Graduate Degree,Professional
15341,26340,"Morris, Melissa","Morris, Melissa",Individual,Graduate Degree,Professional
15342,26341,"Taylor, Olivia","Taylor, Olivia",Individual,Graduate Degree,Professional
15343,26342,"Griffin, Eduardo","Griffin, Eduardo",Individual,Graduate Degree,Professional
15344,26343,"Washington, Mariah","Washington, Mariah",Individual,Bachelors,Professional
15345,26344,"Hughes, Natalie","Hughes, Natalie",Individual,Bachelors,Skilled Manual
15346,26345,"Baker, Connor","Baker, Connor",Individual,Bachelors,Skilled Manual
15347,26346,"Suri, Emmanuel","Suri, Emmanuel",Individual,Bachelors,Skilled Manual
15348,26347,"Raji, Alvin","Raji, Alvin",Individual,Bachelors,Skilled Manual
15350,26349,"Lopez, Adam","Lopez, Adam",Individual,Graduate Degree,Professional
15352,26351,"Moore, Emma","Moore, Emma",Individual,Graduate Degree,Professional
15353,26352,"Fernandez, Cynthia","Fernandez, Cynthia",Individual,Graduate Degree,Clerical
15354,26353,"Malhotra, Holly","Malhotra, Holly",Individual,Graduate Degree,Clerical
15355,26354,"Serrano, Nelson","Serrano, Nelson",Individual,Graduate Degree,Clerical
15359,26358,"Gonzalez, Mason","Gonzalez, Mason",Individual,High School,Manual
15363,26362,"Torres, Joy","Torres, Joy",Individual,High School,Manual
15364,26363,"Jimenez, Larry","Jimenez, Larry",Individual,Bachelors,Clerical
15367,26366,"Schmidt, Johnathan","Schmidt, Johnathan",Individual,Bachelors,Skilled Manual
15371,26370,"Bryant, Maria","Bryant, Maria",Individual,High School,Manual
15377,26376,"Martinez, Anthony","Martinez, Anthony",Individual,Partial College,Professional
15379,26378,"Raje, Colin","Raje, Colin",Individual,Bachelors,Management
15382,26381,"Romero, Shannon","Romero, Shannon",Individual,Partial College,Professional
15383,26382,"Xu, Dale","Xu, Dale",Individual,Partial College,Professional
15386,26385,"Muñoz, Javier","Muñoz, Javier",Individual,High School,Professional
15393,26392,"Rai, Kelli","Rai, Kelli",Individual,Graduate Degree,Management
15394,26393,"Raman, Donald","Raman, Donald",Individual,Bachelors,Management
15396,26395,"Gill, Daisy","Gill, Daisy",Individual,Partial College,Professional
15397,26396,"Black, Terry","Black, Terry",Individual,Bachelors,Management
15400,26399,"Gonzalez, Erick","Gonzalez, Erick",Individual,Bachelors,Management
15404,26403,"Navarro, Philip","Navarro, Philip",Individual,Partial College,Professional
15415,26414,"Patel, George","Patel, George",Individual,High School,Management
15416,26415,"Lal, Latoya","Lal, Latoya",Individual,Partial High School,Skilled Manual
15420,26419,"Suri, Geoffrey","Suri, Geoffrey",Individual,High School,Management
15421,26420,"Kapoor, Bob","Kapoor, Bob",Individual,Partial High School,Professional
15449,26448,"Yuan, Kara","Yuan, Kara",Individual,High School,Professional
15451,26450,"Ramirez, Lauren","Ramirez, Lauren",Individual,High School,Professional
15452,26451,"Perry, Mariah","Perry, Mariah",Individual,High School,Professional
15453,26452,"Martinez, James","Martinez, James",Individual,Graduate Degree,Management
15454,26453,"Peterson, Cole","Peterson, Cole",Individual,Graduate Degree,Management
15455,26454,"Cox, Sebastian","Cox, Sebastian",Individual,Graduate Degree,Management
15456,26455,"Carter, Samuel","Carter, Samuel",Individual,Graduate Degree,Management
15458,26457,"Moore, Sydney","Moore, Sydney",Individual,Graduate Degree,Management
15459,26458,"Moore, Ryan","Moore, Ryan",Individual,Graduate Degree,Management
15460,26459,"Hayes, Angelica","Hayes, Angelica",Individual,Graduate Degree,Management
15461,26460,"Cook, Gabriella","Cook, Gabriella",Individual,Bachelors,Management
15463,26462,"Kelly, Lauren","Kelly, Lauren",Individual,Bachelors,Management
15464,26463,"Rogers, Alexa","Rogers, Alexa",Individual,Bachelors,Management
15465,26464,"Griffin, Alexandria","Griffin, Alexandria",Individual,High School,Professional
15466,26465,"Evans, Andrea","Evans, Andrea",Individual,Bachelors,Management
15467,26466,"Turner, Kevin","Turner, Kevin",Individual,Bachelors,Management
15468,26467,"Brooks, Nicole","Brooks, Nicole",Individual,Bachelors,Management
15469,26468,"Brown, Alyssa","Brown, Alyssa",Individual,Bachelors,Management
15470,26469,"Alvarez, Joy","Alvarez, Joy",Individual,Bachelors,Management
15471,26470,"Cooper, Marcus","Cooper, Marcus",Individual,Bachelors,Management
15472,26471,"Perez, Edward","Perez, Edward",Individual,Bachelors,Management
15473,26472,"Hughes, David","Hughes, David",Individual,Bachelors,Management
15474,26473,"Wood, Anna","Wood, Anna",Individual,Bachelors,Management
15476,26475,"Gonzalez, Isabella","Gonzalez, Isabella",Individual,High School,Professional
15477,26476,"Jai, Jordan","Jai, Jordan",Individual,Partial High School,Clerical
15478,26477,"Rana, Joel","Rana, Joel",Individual,High School,Professional
15479,26478,"Collins, Sara","Collins, Sara",Individual,High School,Professional
15480,26479,"Cook, Katherine","Cook, Katherine",Individual,High School,Professional
15481,26480,"Patterson, Jacqueline","Patterson, Jacqueline",Individual,Partial High School,Clerical
15482,26481,"Young, Luke","Young, Luke",Individual,Partial High School,Skilled Manual
15484,26483,"Ward, Taylor","Ward, Taylor",Individual,Partial High School,Skilled Manual
15485,26484,"Patterson, Fernando","Patterson, Fernando",Individual,High School,Professional
15486,26485,"Bryant, Jason","Bryant, Jason",Individual,High School,Professional
15487,26486,"Cook, Andrea","Cook, Andrea",Individual,High School,Professional
15488,26487,"Ma, Vincent","Ma, Vincent",Individual,Bachelors,Management
15490,26489,"Collins, Jordan","Collins, Jordan",Individual,Bachelors,Management
15491,26490,"Simmons, Antonio","Simmons, Antonio",Individual,Bachelors,Management
15492,26491,"Sanchez, Riley","Sanchez, Riley",Individual,Bachelors,Management
15493,26492,"Rodriguez, Ryan","Rodriguez, Ryan",Individual,Bachelors,Management
15494,26493,"Ramos, Lawrence","Ramos, Lawrence",Individual,Bachelors,Management
15495,26494,"White, Nicholas","White, Nicholas",Individual,Partial College,Professional
15498,26497,"Sanchez, Karen","Sanchez, Karen",Individual,Partial College,Professional
15499,26498,"Hayes, Ethan","Hayes, Ethan",Individual,Partial College,Professional
15500,26499,"Ruiz, Renee","Ruiz, Renee",Individual,Partial College,Professional
15501,26500,"Ruiz, Billy","Ruiz, Billy",Individual,Partial College,Professional
15502,26501,"Parker, Allison","Parker, Allison",Individual,Partial College,Professional
15503,26502,"Brown, Taylor","Brown, Taylor",Individual,Partial College,Professional
15507,26506,"Srini, Ruth","Srini, Ruth",Individual,Partial College,Professional
15508,26507,"Thakur, Abhijit","Thakur, Abhijit",Individual,Partial College,Professional
15509,26508,"Ross, Marcus","Ross, Marcus",Individual,Partial College,Professional
15514,26513,"Moreno, Stacy","Moreno, Stacy",Individual,Partial College,Professional
15515,26514,"Powell, Cameron","Powell, Cameron",Individual,Partial College,Professional
15516,26515,"Watson, Zoe","Watson, Zoe",Individual,Partial College,Professional
15517,26516,"Perry, Jill","Perry, Jill",Individual,Partial College,Professional
15518,26517,"Griffin, Melanie","Griffin, Melanie",Individual,Partial College,Professional
15519,26518,"Lee, Marcus","Lee, Marcus",Individual,Partial College,Professional
15520,26519,"Wood, Brianna","Wood, Brianna",Individual,Bachelors,Management
15521,26520,"Ramirez, Chloe","Ramirez, Chloe",Individual,High School,Professional
15522,26521,"Taylor, Nathan","Taylor, Nathan",Individual,High School,Professional
15539,26538,"Black, Warren","Black, Warren",Individual,Graduate Degree,Management
15540,26539,"Hayes, Faith","Hayes, Faith",Individual,Graduate Degree,Management
15541,26540,"Sanchez, Jada","Sanchez, Jada",Individual,Graduate Degree,Management
15545,26544,"Ramirez, Riley","Ramirez, Riley",Individual,Partial College,Skilled Manual
15552,26551,"Moore, Noah","Moore, Noah",Individual,Partial College,Skilled Manual
15553,26552,"Turner, Judith","Turner, Judith",Individual,Partial College,Skilled Manual
15554,26553,"Powell, Kayla","Powell, Kayla",Individual,Partial College,Skilled Manual
15555,26554,"Garcia, Michael","Garcia, Michael",Individual,Partial College,Skilled Manual
15556,26555,"Perry, Jeremy","Perry, Jeremy",Individual,Partial College,Skilled Manual
15557,26556,"Cooper, Jeremy","Cooper, Jeremy",Individual,Partial College,Skilled Manual
15558,26557,"Morgan, Katelyn","Morgan, Katelyn",Individual,Partial College,Skilled Manual
15574,26573,"Clark, Samantha","Clark, Samantha",Individual,High School,Skilled Manual
15575,26574,"Allen, Jordan","Allen, Jordan (26574)",Individual,High School,Skilled Manual
15576,26575,"Gonzalez, Toni","Gonzalez, Toni",Individual,High School,Skilled Manual
15577,26576,"Robinson, Kaitlyn","Robinson, Kaitlyn",Individual,Partial College,Skilled Manual
15578,26577,"Edwards, Cindy","Edwards, Cindy",Individual,Partial College,Skilled Manual
15579,26578,"White, Jeremy","White, Jeremy",Individual,Partial College,Skilled Manual
15580,26579,"Hayes, Hunter","Hayes, Hunter",Individual,High School,Skilled Manual
15581,26580,"Ramirez, Paige","Ramirez, Paige",Individual,High School,Skilled Manual
15582,26581,"Patterson, Mariah","Patterson, Mariah",Individual,Partial College,Skilled Manual
15584,26583,"Patterson, James","Patterson, James",Individual,Partial College,Professional
15585,26584,"Alexander, Benjamin","Alexander, Benjamin",Individual,Partial College,Professional
15587,26586,"Baker, Alexandra","Baker, Alexandra",Individual,Partial College,Professional
15594,26593,"Campbell, Eduardo","Campbell, Eduardo",Individual,Graduate Degree,Management
15595,26594,"Wood, Melissa","Wood, Melissa",Individual,Partial High School,Skilled Manual
15596,26595,"Bailey, Alyssa","Bailey, Alyssa",Individual,Partial High School,Skilled Manual
15597,26596,"Hayes, Antonio","Hayes, Antonio",Individual,Bachelors,Skilled Manual
15598,26597,"Lewis, Madison","Lewis, Madison",Individual,Bachelors,Skilled Manual
15599,26598,"Adams, Charles","Adams, Charles",Individual,Bachelors,Skilled Manual
15600,26599,"Reed, Allison","Reed, Allison",Individual,Bachelors,Skilled Manual
15601,26600,"Gray, Michelle","Gray, Michelle",Individual,Bachelors,Skilled Manual
15602,26601,"Gonzalez, Kyle","Gonzalez, Kyle",Individual,Bachelors,Skilled Manual
15603,26602,"Yang, Noah","Yang, Noah",Individual,Bachelors,Professional
15604,26603,"Ruiz, Sheila","Ruiz, Sheila",Individual,Bachelors,Professional
15605,26604,"West, Elizabeth","West, Elizabeth",Individual,Bachelors,Professional
15606,26605,"Foster, Brandon","Foster, Brandon",Individual,Bachelors,Professional
15607,26606,"Harris, Hannah","Harris, Hannah",Individual,Graduate Degree,Professional
15608,26607,"Powell, Natalie","Powell, Natalie",Individual,Graduate Degree,Professional
15609,26608,"Nelson, Aaron","Nelson, Aaron",Individual,Graduate Degree,Professional
15610,26609,"Kelly, Abigail","Kelly, Abigail",Individual,Partial College,Skilled Manual
15611,26610,"Perez, Mary","Perez, Mary",Individual,Partial College,Skilled Manual
15612,26611,"Henderson, Kayla","Henderson, Kayla",Individual,Partial College,Skilled Manual
15613,26612,"Romero, Janet","Romero, Janet",Individual,High School,Skilled Manual
15614,26613,"Lal, Priscilla","Lal, Priscilla",Individual,High School,Skilled Manual
15615,26614,"Robinson, Richard","Robinson, Richard",Individual,High School,Skilled Manual
15617,26616,"Goel, Colin","Goel, Colin",Individual,Bachelors,Professional
15618,26617,"Peterson, Isaiah","Peterson, Isaiah",Individual,Partial College,Skilled Manual
15619,26618,"Morris, Amanda","Morris, Amanda",Individual,Partial College,Skilled Manual
15620,26619,"Hill, Thomas","Hill, Thomas",Individual,Partial College,Skilled Manual
15622,26621,"Wood, Sarah","Wood, Sarah",Individual,Partial College,Skilled Manual
15623,26622,"Howard, Jan","Howard, Jan",Individual,Partial College,Skilled Manual
15624,26623,"Ross, Alexandra","Ross, Alexandra",Individual,Partial College,Skilled Manual
15625,26624,"Russell, Elizabeth","Russell, Elizabeth",Individual,Partial College,Skilled Manual
15626,26625,"Barnes, Lauren","Barnes, Lauren",Individual,Graduate Degree,Professional
15627,26626,"Taylor, Dalton","Taylor, Dalton",Individual,Graduate Degree,Professional
15628,26627,"Alexander, Jose","Alexander, Jose",Individual,Graduate Degree,Professional
15629,26628,"Lee, Lucas","Lee, Lucas",Individual,High School,Skilled Manual
15632,26631,"Stewart, Isaiah","Stewart, Isaiah",Individual,Partial College,Skilled Manual
15633,26632,"Moore, Isabella","Moore, Isabella",Individual,Partial College,Skilled Manual
15634,26633,"Ward, Gabrielle","Ward, Gabrielle",Individual,Partial College,Skilled Manual
15635,26634,"Walker, Devin","Walker, Devin",Individual,Partial College,Skilled Manual
15636,26635,"Harris, Jasmine","Harris, Jasmine",Individual,Partial College,Skilled Manual
15637,26636,"Walker, Miguel","Walker, Miguel",Individual,Bachelors,Professional
15638,26637,"Robinson, Thomas","Robinson, Thomas",Individual,Bachelors,Professional
15639,26638,"Flores, Olivia","Flores, Olivia",Individual,Graduate Degree,Professional
15640,26639,"Diaz, Riley","Diaz, Riley",Individual,Graduate Degree,Professional
15642,26641,"Xie, Arturo","Xie, Arturo",Individual,Graduate Degree,Professional
15643,26642,"Evans, Gabrielle","Evans, Gabrielle",Individual,Partial College,Skilled Manual
15645,26644,"Hernandez, Jenna","Hernandez, Jenna",Individual,Bachelors,Professional
15646,26645,"Richardson, Morgan","Richardson, Morgan",Individual,Bachelors,Professional
15647,26646,"Perry, Jordyn","Perry, Jordyn",Individual,Bachelors,Professional
15648,26647,"Simmons, Jasmine","Simmons, Jasmine",Individual,Bachelors,Professional
15649,26648,"Rogers, Riley","Rogers, Riley",Individual,Graduate Degree,Professional
15650,26649,"Perry, Emily","Perry, Emily",Individual,Graduate Degree,Professional
15651,26650,"Collins, Kevin","Collins, Kevin",Individual,Graduate Degree,Professional
15675,26674,"Jackson, Ashley","Jackson, Ashley",Individual,Partial High School,Skilled Manual
15676,26675,"King, Natalie","King, Natalie",Individual,High School,Professional
15677,26676,"Jenkins, Emily","Jenkins, Emily",Individual,High School,Professional
15678,26677,"Johnson, William","Johnson, William",Individual,Partial High School,Skilled Manual
15680,26679,"Perry, Noah","Perry, Noah",Individual,Partial High School,Skilled Manual
15681,26680,"Powell, Melissa","Powell, Melissa",Individual,Partial High School,Skilled Manual
15682,26681,"Jackson, Zachary","Jackson, Zachary",Individual,High School,Professional
15685,26684,"Andersen, Dustin","Andersen, Dustin",Individual,Bachelors,Management
15686,26685,"Baker, Noah","Baker, Noah",Individual,Graduate Degree,Management
15688,26687,"Xu, Marshall","Xu, Marshall",Individual,Partial College,Professional
15689,26688,"Xu, Brittney","Xu, Brittney",Individual,Partial College,Professional
15690,26689,"Gill, Arthur","Gill, Arthur",Individual,Bachelors,Management
15691,26690,"Bennett, Alexia","Bennett, Alexia",Individual,Bachelors,Management
15692,26691,"Suri, Tina","Suri, Tina",Individual,Bachelors,Management
15695,26694,"Hughes, Aaron","Hughes, Aaron",Individual,Partial College,Professional
15696,26695,"Diaz, Jocelyn","Diaz, Jocelyn",Individual,Partial College,Professional
15697,26696,"Suarez, Robyn","Suarez, Robyn",Individual,Partial High School,Skilled Manual
15698,26697,"Arun, Manuel","Arun, Manuel",Individual,Partial College,Professional
15699,26698,"Rivera, Brooke","Rivera, Brooke",Individual,Partial College,Professional
15703,26702,"Arun, Cynthia","Arun, Cynthia",Individual,Partial College,Professional
15704,26703,"Miller, Wyatt","Miller, Wyatt",Individual,Partial College,Professional
15705,26704,"Alvarez, Frank","Alvarez, Frank",Individual,Bachelors,Management
15706,26705,"Jenkins, Eric","Jenkins, Eric",Individual,Partial College,Professional
15708,26707,"Brooks, Sydney","Brooks, Sydney",Individual,Bachelors,Management
15709,26708,"Washington, Katherine","Washington, Katherine",Individual,Partial College,Professional
15710,26709,"King, Mary","King, Mary",Individual,Partial High School,Skilled Manual
15711,26710,"Green, Jan","Green, Jan",Individual,High School,Professional
15712,26711,"Bryant, Mya","Bryant, Mya",Individual,High School,Professional
15713,26712,"Wilson, Ashley","Wilson, Ashley",Individual,Partial High School,Skilled Manual
15714,26713,"Edwards, Stephanie","Edwards, Stephanie",Individual,Partial High School,Skilled Manual
15715,26714,"Long, Angela","Long, Angela",Individual,Partial High School,Skilled Manual
15716,26715,"Bell, Gabriella","Bell, Gabriella",Individual,Partial High School,Skilled Manual
15718,26717,"Simpson, David","Simpson, David",Individual,Partial College,Professional
15719,26718,"Flores, Richard","Flores, Richard",Individual,Graduate Degree,Management
15720,26719,"Li, Tamara","Li, Tamara",Individual,Partial College,Professional
15721,26720,"Watson, Seth","Watson, Seth",Individual,Partial College,Professional
15722,26721,"Jimenez, Paula","Jimenez, Paula",Individual,Partial College,Professional
15723,26722,"McDonald, Alexandra","McDonald, Alexandra",Individual,Partial College,Professional
15724,26723,"Kelly, Devin","Kelly, Devin",Individual,Bachelors,Management
15725,26724,"Edwards, Sydney","Edwards, Sydney",Individual,Partial High School,Skilled Manual
15726,26725,"Smith, Alexis","Smith, Alexis",Individual,Partial High School,Skilled Manual
15727,26726,"Rivera, Danielle","Rivera, Danielle",Individual,Partial High School,Skilled Manual
15728,26727,"Clark, Jose","Clark, Jose",Individual,High School,Professional
15729,26728,"Roberts, Elijah","Roberts, Elijah",Individual,Graduate Degree,Management
15730,26729,"Gray, Brian","Gray, Brian",Individual,Graduate Degree,Management
15732,26731,"Clark, Ethan","Clark, Ethan",Individual,Partial College,Professional
15733,26732,"Rienstra, Martin","Rienstra, Martin",Individual,Partial College,Professional
15734,26733,"Smith, Benjamin","Smith, Benjamin",Individual,Partial College,Professional
15735,26734,"Powell, Morgan","Powell, Morgan",Individual,Partial College,Professional
15736,26735,"White, Grace","White, Grace",Individual,Partial College,Professional
15737,26736,"Xu, Lacey","Xu, Lacey",Individual,High School,Professional
15738,26737,"Young, Katherine","Young, Katherine",Individual,Partial College,Professional
15739,26738,"Simmons, Katherine","Simmons, Katherine",Individual,High School,Professional
15776,26775,"Bryant, Riley","Bryant, Riley",Individual,High School,Skilled Manual
15777,26776,"Guo, Jenny","Guo, Jenny",Individual,High School,Skilled Manual
15778,26777,"Clark, Andrew","Clark, Andrew",Individual,High School,Skilled Manual
15779,26778,"Perez, Sierra","Perez, Sierra",Individual,High School,Skilled Manual
15780,26779,"Henderson, Alexandra","Henderson, Alexandra",Individual,High School,Skilled Manual
15781,26780,"Butler, Julia","Butler, Julia",Individual,High School,Skilled Manual
15782,26781,"Cox, Jan","Cox, Jan (26781)",Individual,High School,Skilled Manual
15784,26783,"Torres, Juan","Torres, Juan",Individual,High School,Skilled Manual
15787,26786,"Smith, Seth","Smith, Seth",Individual,Partial High School,Clerical
15788,26787,"Moore, Austin","Moore, Austin",Individual,Partial High School,Clerical
15789,26788,"Howard, Destiny","Howard, Destiny",Individual,High School,Skilled Manual
15791,26790,"Cook, Chloe","Cook, Chloe",Individual,Partial High School,Clerical
15792,26791,"Nath, Kelvin","Nath, Kelvin",Individual,Partial High School,Clerical
15793,26792,"Torres, Casey","Torres, Casey",Individual,Partial High School,Clerical
15794,26793,"Nelson, Jesse","Nelson, Jesse",Individual,High School,Skilled Manual
15810,26809,"Morgan, Julia","Morgan, Julia",Individual,Bachelors,Skilled Manual
15812,26811,"Sanchez, Rachael","Sanchez, Rachael",Individual,Bachelors,Skilled Manual
15813,26812,"Hernandez, James","Hernandez, James",Individual,Bachelors,Skilled Manual
15814,26813,"Diaz, Xavier","Diaz, Xavier",Individual,Bachelors,Skilled Manual
15815,26814,"Hernandez, Alex","Hernandez, Alex",Individual,Graduate Degree,Professional
15816,26815,"Cox, Erin","Cox, Erin",Individual,Graduate Degree,Professional
15819,26818,"Coleman, Eduardo","Coleman, Eduardo",Individual,High School,Manual
15820,26819,"Mitchell, Devin","Mitchell, Devin",Individual,High School,Manual
15822,26821,"Guo, Tamara","Guo, Tamara",Individual,Partial High School,Manual
15823,26822,"Gonzalez, Cindy","Gonzalez, Cindy",Individual,Partial College,Manual
15824,26823,"Raman, Kaitlin","Raman, Kaitlin",Individual,Bachelors,Clerical
15826,26825,"Jimenez, Jamie","Jimenez, Jamie",Individual,Partial High School,Manual
15827,26826,"Romero, Kendra","Romero, Kendra",Individual,Partial High School,Manual
15830,26829,"Evans, Morgan","Evans, Morgan",Individual,Bachelors,Clerical
15832,26831,"Raje, Drew","Raje, Drew",Individual,Bachelors,Clerical
15833,26832,"Xie, Kate","Xie, Kate",Individual,Bachelors,Skilled Manual
15844,26843,"Gonzalez, Noah","Gonzalez, Noah",Individual,High School,Manual
15846,26845,"Ortega, Theodore","Ortega, Theodore",Individual,High School,Manual
15848,26847,"Yang, Brent","Yang, Brent",Individual,High School,Manual
15852,26851,"Alvarez, Diane","Alvarez, Diane",Individual,High School,Manual
15853,26852,"She, Karen","She, Karen",Individual,High School,Manual
15858,26857,"Anand, Willie","Anand, Willie",Individual,Partial College,Clerical
15863,26862,"Vance, Tina","Vance, Tina",Individual,Partial College,Clerical
15865,26864,"Sutton, Christine","Sutton, Christine",Individual,Partial College,Clerical
15868,26867,"Romero, Danny","Romero, Danny",Individual,Bachelors,Skilled Manual
15873,26872,"Hughes, Wyatt","Hughes, Wyatt",Individual,Partial College,Clerical
15874,26873,"Suri, Ann","Suri, Ann",Individual,Partial College,Clerical
15875,26874,"Zhang, Jorge","Zhang, Jorge",Individual,Partial College,Clerical
15876,26875,"Perez, Bobby","Perez, Bobby",Individual,Partial College,Clerical
15879,26878,"Roberts, Madeline","Roberts, Madeline",Individual,High School,Manual
15880,26879,"Lin, Shannon","Lin, Shannon",Individual,High School,Manual
15881,26880,"Xu, Heather","Xu, Heather",Individual,High School,Manual
15885,26884,"James, Paige","James, Paige",Individual,Partial College,Clerical
15890,26889,"Torres, Natasha","Torres, Natasha",Individual,Partial High School,Manual
15895,26894,"Goel, Lindsey","Goel, Lindsey",Individual,Partial High School,Manual
15900,26899,"Vance, Rachael","Vance, Rachael",Individual,Bachelors,Manual
15913,26912,"Rodriguez, Denise","Rodriguez, Denise",Individual,Bachelors,Clerical
15931,26930,"Andersen, Sharon","Andersen, Sharon",Individual,Graduate Degree,Clerical
15934,26933,"Sanz, Jessie","Sanz, Jessie",Individual,Partial College,Manual
15937,26936,"He, Jaclyn","He, Jaclyn",Individual,Partial College,Manual
15941,26940,"Tang, Franklin","Tang, Franklin",Individual,Graduate Degree,Clerical
15947,26946,"Madan, Andre","Madan, Andre",Individual,Partial College,Manual
15949,26948,"Garcia, Abby","Garcia, Abby",Individual,Partial College,Manual
15952,26951,"Hu, Trisha","Hu, Trisha",Individual,High School,Manual
15955,26954,"Torres, Gerald","Torres, Gerald",Individual,Bachelors,Clerical
15958,26957,"Sai, Kristina","Sai, Kristina",Individual,Graduate Degree,Clerical
15962,26961,"Chander, Carly","Chander, Carly",Individual,High School,Manual
15964,26963,"Arun, Meredith","Arun, Meredith",Individual,Partial College,Manual
15970,26969,"Hu, Cedric","Hu, Cedric",Individual,Partial High School,Manual
15975,26974,"Suarez, Philip","Suarez, Philip",Individual,Partial High School,Manual
15978,26977,"Madan, Barry","Madan, Barry",Individual,High School,Manual
15981,26980,"Suarez, Marc","Suarez, Marc",Individual,Partial High School,Manual
15982,26981,"Suarez, Audrey","Suarez, Audrey",Individual,Partial High School,Manual
15984,26983,"Vance, Adriana","Vance, Adriana",Individual,Bachelors,Skilled Manual
15985,26984,"Prasad, Manuel","Prasad, Manuel",Individual,Bachelors,Skilled Manual
15986,26985,"Diaz, Jésus","Diaz, Jésus",Individual,Bachelors,Skilled Manual
15987,26986,"Watson, Riley","Watson, Riley",Individual,Bachelors,Skilled Manual
15988,26987,"Lopez, Roy","Lopez, Roy",Individual,Bachelors,Skilled Manual
15989,26988,"Srini, Brandy","Srini, Brandy",Individual,Bachelors,Skilled Manual
15990,26989,"Campbell, Mason","Campbell, Mason",Individual,Partial High School,Manual
15991,26990,"Patel, Darren","Patel, Darren",Individual,Partial High School,Manual
15992,26991,"Ortega, Rodney","Ortega, Rodney",Individual,High School,Manual
15997,26996,"Oliver, Natasha","Oliver, Natasha",Individual,Partial College,Clerical
15998,26997,"Becker, Katie","Becker, Katie",Individual,Partial College,Clerical
15999,26998,"Perry, Fernando","Perry, Fernando",Individual,Partial High School,Manual
16001,27000,"Dominguez, Brandi","Dominguez, Brandi",Individual,Partial High School,Manual
16002,27001,"Kapoor, Carla","Kapoor, Carla",Individual,Partial High School,Manual
16004,27003,"Jai, Roger","Jai, Roger",Individual,Partial High School,Manual
16005,27004,"Moreno, Philip","Moreno, Philip",Individual,High School,Manual
16011,27010,"Patterson, Jordyn","Patterson, Jordyn",Individual,Partial College,Clerical
16012,27011,"Powell, Kevin","Powell, Kevin",Individual,Partial College,Clerical
16013,27012,"Jiménez, Anne","Jiménez, Anne",Individual,Partial College,Clerical
16014,27013,"Yuan, Alisha","Yuan, Alisha",Individual,Partial College,Clerical
16016,27015,"Torres, Jessica","Torres, Jessica",Individual,Graduate Degree,Skilled Manual
16017,27016,"Reed, Lauren","Reed, Lauren",Individual,Graduate Degree,Skilled Manual
16018,27017,"Thompson, Jonathan","Thompson, Jonathan",Individual,Graduate Degree,Skilled Manual
16019,27018,"Price, Blake","Price, Blake",Individual,Graduate Degree,Skilled Manual
16021,27020,"Perry, Rachel","Perry, Rachel",Individual,Partial College,Clerical
16022,27021,"Peterson, Victoria","Peterson, Victoria",Individual,Partial College,Clerical
16024,27023,"Simmons, Emily","Simmons, Emily",Individual,Partial High School,Clerical
16026,27025,"Rivera, Jasmine","Rivera, Jasmine",Individual,Partial High School,Clerical
16030,27029,"Hughes, Elizabeth","Hughes, Elizabeth",Individual,High School,Clerical
16031,27030,"Gray, Jan","Gray, Jan",Individual,High School,Clerical
16032,27031,"Garcia, Jessica","Garcia, Jessica",Individual,High School,Clerical
16033,27032,"Garcia, Miguel","Garcia, Miguel",Individual,High School,Clerical
16034,27033,"Harrison, Ernest","Harrison, Ernest",Individual,Partial High School,Clerical
16035,27034,"Nara, Corey","Nara, Corey",Individual,Partial High School,Clerical
16036,27035,"Long, Ana","Long, Ana",Individual,Partial High School,Clerical
16037,27036,"Brown, Hunter","Brown, Hunter",Individual,High School,Skilled Manual
16038,27037,"Rodriguez, Lauren","Rodriguez, Lauren",Individual,High School,Skilled Manual
16039,27038,"Reed, Eduardo","Reed, Eduardo",Individual,High School,Skilled Manual
16040,27039,"Lewis, Jonathan","Lewis, Jonathan",Individual,High School,Skilled Manual
16041,27040,"Singh, Paul","Singh, Paul",Individual,Partial High School,Clerical
16042,27041,"Smith, Edward","Smith, Edward",Individual,Partial High School,Clerical
16045,27044,"Long, Carol","Long, Carol",Individual,High School,Skilled Manual
16046,27045,"Brooks, Angel","Brooks, Angel",Individual,High School,Skilled Manual
16047,27046,"Howard, Allison","Howard, Allison",Individual,Partial College,Clerical
16048,27047,"Rai, Yolanda","Rai, Yolanda",Individual,Partial College,Clerical
16049,27048,"Watson, Melanie","Watson, Melanie",Individual,Partial College,Clerical
16051,27050,"Turner, Chloe","Turner, Chloe",Individual,Partial College,Clerical
16052,27051,"Brown, Charles","Brown, Charles",Individual,Partial College,Clerical
16053,27052,"Bailey, Jada","Bailey, Jada",Individual,Partial College,Clerical
16055,27054,"Sharma, Shawn","Sharma, Shawn",Individual,Partial College,Clerical
16056,27055,"Sanchez, Isabella","Sanchez, Isabella",Individual,Partial College,Clerical
16057,27056,"James, Mackenzie","James, Mackenzie",Individual,Partial College,Clerical
16058,27057,"Morris, Brooke","Morris, Brooke",Individual,Graduate Degree,Skilled Manual
16059,27058,"Butler, Nathan","Butler, Nathan",Individual,Graduate Degree,Skilled Manual
16060,27059,"Perry, Hunter","Perry, Hunter",Individual,Graduate Degree,Skilled Manual
16064,27063,"Flores, Taylor","Flores, Taylor",Individual,Graduate Degree,Skilled Manual
16065,27064,"Chande, Barbara","Chande, Barbara",Individual,Graduate Degree,Skilled Manual
16066,27065,"Wright, Jordan","Wright, Jordan (27065)",Individual,Graduate Degree,Skilled Manual
16067,27066,"Murphy, Cole","Murphy, Cole",Individual,Graduate Degree,Skilled Manual
16068,27067,"Rodriguez, Jennifer","Rodriguez, Jennifer",Individual,Graduate Degree,Skilled Manual
16071,27070,"Davis, Nathan","Davis, Nathan",Individual,Graduate Degree,Skilled Manual
16073,27072,"Baker, Alex","Baker, Alex",Individual,Graduate Degree,Skilled Manual
16074,27073,"Sanders, Sydney","Sanders, Sydney",Individual,Graduate Degree,Skilled Manual
16075,27074,"Sanchez, Kristi","Sanchez, Kristi",Individual,Graduate Degree,Skilled Manual
16077,27076,"Russell, Dakota","Russell, Dakota",Individual,Graduate Degree,Skilled Manual
16078,27077,"Henderson, Robert","Henderson, Robert",Individual,Graduate Degree,Skilled Manual
16079,27078,"Scott, Chloe","Scott, Chloe",Individual,Bachelors,Skilled Manual
16080,27079,"Lewis, Natalie","Lewis, Natalie",Individual,Bachelors,Skilled Manual
16081,27080,"Campbell, Nathan","Campbell, Nathan",Individual,Bachelors,Skilled Manual
16082,27081,"Ross, Jason","Ross, Jason",Individual,Bachelors,Skilled Manual
16084,27083,"Perry, Kevin","Perry, Kevin",Individual,Bachelors,Skilled Manual
16087,27086,"Howard, Lauren","Howard, Lauren",Individual,Bachelors,Skilled Manual
16088,27087,"Clark, Justin","Clark, Justin",Individual,Bachelors,Skilled Manual
16089,27088,"Patterson, Tristan","Patterson, Tristan",Individual,Graduate Degree,Professional
16090,27089,"Garcia, Janelle","Garcia, Janelle",Individual,Bachelors,Skilled Manual
16091,27090,"Brown, Elizabeth","Brown, Elizabeth",Individual,Graduate Degree,Professional
16092,27091,"Martin, Miguel","Martin, Miguel",Individual,Graduate Degree,Professional
16093,27092,"Ross, Marissa","Ross, Marissa",Individual,Graduate Degree,Professional
16094,27093,"Martin, Alexandra","Martin, Alexandra",Individual,Graduate Degree,Professional
16095,27094,"Kelly, Sean","Kelly, Sean",Individual,Graduate Degree,Professional
16096,27095,"Flores, Spencer","Flores, Spencer",Individual,Graduate Degree,Professional
16097,27096,"Watson, Chase","Watson, Chase",Individual,Bachelors,Skilled Manual
16098,27097,"Gonzales, Kaitlyn","Gonzales, Kaitlyn",Individual,Bachelors,Skilled Manual
16099,27098,"Wilson, Sarah","Wilson, Sarah",Individual,Bachelors,Skilled Manual
16104,27103,"Brooks, Chloe","Brooks, Chloe",Individual,Graduate Degree,Professional
16105,27104,"Zhu, Randy","Zhu, Randy",Individual,Graduate Degree,Professional
16106,27105,"Perez, Sean","Perez, Sean",Individual,Graduate Degree,Professional
16107,27106,"Allen, Jennifer","Allen, Jennifer",Individual,Graduate Degree,Professional
16108,27107,"Stewart, Alexa","Stewart, Alexa",Individual,Graduate Degree,Professional
16114,27113,"Diaz, Ashley","Diaz, Ashley",Individual,Graduate Degree,Professional
16115,27114,"Thompson, Alexander","Thompson, Alexander",Individual,Graduate Degree,Professional
16116,27115,"Navarro, Kristi","Navarro, Kristi",Individual,Graduate Degree,Professional
16117,27116,"Gonzalez, Regina","Gonzalez, Regina",Individual,Graduate Degree,Professional
16118,27117,"Prasad, Jermaine","Prasad, Jermaine",Individual,Graduate Degree,Professional
16120,27119,"Gonzalez, Mayra","Gonzalez, Mayra",Individual,Bachelors,Clerical
16121,27120,"Kumar, Clarence","Kumar, Clarence",Individual,Bachelors,Clerical
16128,27127,"Black, Misty","Black, Misty",Individual,Graduate Degree,Clerical
16130,27129,"Tang, Mindy","Tang, Mindy",Individual,Graduate Degree,Skilled Manual
16137,27136,"Coleman, Isabella","Coleman, Isabella",Individual,High School,Manual
16140,27139,"Liu, Jon","Liu, Jon",Individual,Partial College,Manual
16155,27154,"Arun, Holly","Arun, Holly",Individual,Partial College,Clerical
16158,27157,"Xu, Raul","Xu, Raul",Individual,Partial High School,Manual
16161,27160,"Vazquez, Brandi","Vazquez, Brandi",Individual,High School,Manual
16162,27161,"Gill, Reginald","Gill, Reginald",Individual,High School,Manual
16170,27169,"Xu, Louis","Xu, Louis",Individual,High School,Manual
16173,27172,"Navarro, Jessie","Navarro, Jessie",Individual,Partial High School,Manual
16174,27173,"Ye, Suzanne","Ye, Suzanne",Individual,Partial High School,Manual
16175,27174,"Bennett, Fernando","Bennett, Fernando",Individual,Partial College,Clerical
16177,27176,"Martin, Erik","Martin, Erik",Individual,Partial High School,Manual
16179,27178,"Mehta, Terrance","Mehta, Terrance",Individual,Partial High School,Manual
16181,27180,"Diaz, Joe","Diaz, Joe",Individual,High School,Manual
16184,27183,"Garcia, Geoffrey","Garcia, Geoffrey",Individual,Partial College,Clerical
16185,27184,"Subram, Donald","Subram, Donald",Individual,Partial College,Clerical
16188,27187,"Diaz, Lucas","Diaz, Lucas",Individual,Partial College,Clerical
16189,27188,"She, Claudia","She, Claudia",Individual,Partial College,Clerical
16190,27189,"Diaz, Elizabeth","Diaz, Elizabeth",Individual,Partial College,Clerical
16191,27190,"Reed, Shelby","Reed, Shelby",Individual,Partial College,Clerical
16193,27192,"Gonzales, Angelica","Gonzales, Angelica",Individual,Partial College,Clerical
16194,27193,"Miller, Daniel","Miller, Daniel",Individual,Graduate Degree,Skilled Manual
16195,27194,"Cooper, Chase","Cooper, Chase",Individual,Graduate Degree,Skilled Manual
16196,27195,"Perez, Robert","Perez, Robert",Individual,Graduate Degree,Skilled Manual
16198,27197,"Bell, Isaiah","Bell, Isaiah",Individual,Graduate Degree,Skilled Manual
16199,27198,"Flores, Jocelyn","Flores, Jocelyn",Individual,Graduate Degree,Skilled Manual
16200,27199,"Wright, Jesse","Wright, Jesse",Individual,Graduate Degree,Skilled Manual
16201,27200,"Thompson, Anna","Thompson, Anna",Individual,Graduate Degree,Skilled Manual
16202,27201,"Taylor, Jose","Taylor, Jose",Individual,Graduate Degree,Skilled Manual
16203,27202,"Hall, James","Hall, James",Individual,Graduate Degree,Skilled Manual
16204,27203,"Sanchez, Jennifer","Sanchez, Jennifer",Individual,Partial High School,Clerical
16205,27204,"Hall, Devin","Hall, Devin",Individual,High School,Clerical
16206,27205,"Murphy, Erin","Murphy, Erin",Individual,High School,Clerical
16207,27206,"Mitchell, Marcus","Mitchell, Marcus",Individual,Partial College,Clerical
16208,27207,"Morris, Taylor","Morris, Taylor",Individual,Partial High School,Clerical
16210,27209,"Rodriguez, Erick","Rodriguez, Erick",Individual,Partial High School,Clerical
16211,27210,"Flores, Hunter","Flores, Hunter",Individual,Partial High School,Clerical
16212,27211,"Roberts, Isaiah","Roberts, Isaiah",Individual,High School,Clerical
16213,27212,"Roberts, Sophia","Roberts, Sophia",Individual,High School,Clerical
16214,27213,"Lewis, Julia","Lewis, Julia",Individual,Partial High School,Clerical
16215,27214,"Zimmerman, Bianca","Zimmerman, Bianca",Individual,Partial High School,Clerical
16217,27216,"Diaz, Ana","Diaz, Ana",Individual,High School,Skilled Manual
16218,27217,"Walker, Julia","Walker, Julia",Individual,Partial High School,Clerical
16219,27218,"Allen, Bailey","Allen, Bailey",Individual,Partial High School,Clerical
16220,27219,"Yang, Benjamin","Yang, Benjamin",Individual,Partial High School,Clerical
16221,27220,"Long, Jackson","Long, Jackson",Individual,Partial High School,Clerical
16222,27221,"Jones, Matthew","Jones, Matthew",Individual,Partial High School,Clerical
16223,27222,"Sai, Virginia","Sai, Virginia",Individual,Partial High School,Clerical
16224,27223,"Wright, Jeremy","Wright, Jeremy",Individual,Partial High School,Clerical
16225,27224,"Griffin, Jessica","Griffin, Jessica",Individual,Partial High School,Clerical
16226,27225,"Murphy, Isaac","Murphy, Isaac",Individual,High School,Skilled Manual
16227,27226,"Wang, Christian","Wang, Christian",Individual,High School,Skilled Manual
16228,27227,"Bryant, Emily","Bryant, Emily",Individual,High School,Skilled Manual
16229,27228,"Young, Amanda","Young, Amanda",Individual,Partial College,Clerical
16230,27229,"Zhang, Zachary","Zhang, Zachary",Individual,Partial College,Clerical
16232,27231,"Ramos, Tyrone","Ramos, Tyrone",Individual,Partial College,Clerical
16233,27232,"Thirunavukkarasu, Ram","Thirunavukkarasu, Ram",Individual,Partial College,Clerical
16234,27233,"Ward, Seth","Ward, Seth",Individual,Partial College,Clerical
16235,27234,"Jenkins, Gabriel","Jenkins, Gabriel",Individual,Partial College,Clerical
16236,27235,"Li, Robert","Li, Robert",Individual,Partial College,Clerical
16237,27236,"Alexander, Nicole","Alexander, Nicole",Individual,Partial College,Clerical
16238,27237,"Ramirez, Jasmine","Ramirez, Jasmine",Individual,Partial College,Clerical
16239,27238,"Hernandez, Jesse","Hernandez, Jesse",Individual,Partial College,Clerical
16240,27239,"Simmons, Noah","Simmons, Noah",Individual,Partial College,Clerical
16241,27240,"Cooper, Dalton","Cooper, Dalton",Individual,Partial College,Clerical
16242,27241,"Butler, Oscar","Butler, Oscar",Individual,Graduate Degree,Skilled Manual
16245,27244,"Kelly, Arianna","Kelly, Arianna",Individual,Graduate Degree,Skilled Manual
16246,27245,"Jones, Lauren","Jones, Lauren",Individual,Graduate Degree,Skilled Manual
16247,27246,"Hall, Aaron","Hall, Aaron",Individual,Graduate Degree,Skilled Manual
16248,27247,"Hughes, Blake","Hughes, Blake",Individual,Graduate Degree,Skilled Manual
16249,27248,"Taylor, Kayla","Taylor, Kayla",Individual,Graduate Degree,Skilled Manual
16250,27249,"Cox, Emma","Cox, Emma",Individual,Graduate Degree,Skilled Manual
16251,27250,"Vance, Virginia","Vance, Virginia",Individual,Graduate Degree,Skilled Manual
16252,27251,"Flores, Jessica","Flores, Jessica",Individual,Graduate Degree,Skilled Manual
16255,27254,"Jimenez, Theodore","Jimenez, Theodore",Individual,Bachelors,Skilled Manual
16256,27255,"Rivera, Xavier","Rivera, Xavier",Individual,Bachelors,Skilled Manual
16257,27256,"Lopez, Caleb","Lopez, Caleb",Individual,Graduate Degree,Skilled Manual
16258,27257,"Sara, Rebekah","Sara, Rebekah",Individual,Graduate Degree,Skilled Manual
16259,27258,"Flores, Christian","Flores, Christian",Individual,Graduate Degree,Professional
16261,27260,"Ma, Candice","Ma, Candice",Individual,Bachelors,Skilled Manual
16262,27261,"Chande, Omar","Chande, Omar",Individual,Bachelors,Skilled Manual
16263,27262,"Hill, Courtney","Hill, Courtney",Individual,Bachelors,Skilled Manual
16264,27263,"Kumar, Aaron","Kumar, Aaron",Individual,Graduate Degree,Professional
16265,27264,"Clark, Jacob","Clark, Jacob",Individual,Bachelors,Skilled Manual
16267,27266,"Gonzales, Riley","Gonzales, Riley",Individual,Bachelors,Skilled Manual
16269,27268,"Serrano, Latasha","Serrano, Latasha",Individual,Bachelors,Skilled Manual
16270,27269,"Lee, Victoria","Lee, Victoria",Individual,Graduate Degree,Professional
16272,27271,"Reed, Anna","Reed, Anna",Individual,Graduate Degree,Professional
16273,27272,"Chen, Elijah","Chen, Elijah",Individual,Graduate Degree,Professional
16274,27273,"Miller, Marcus","Miller, Marcus",Individual,Graduate Degree,Professional
16275,27274,"Morris, Marcus","Morris, Marcus",Individual,Graduate Degree,Professional
16276,27275,"Powell, Aidan","Powell, Aidan",Individual,Graduate Degree,Professional
16277,27276,"Alexander, Faith","Alexander, Faith",Individual,Graduate Degree,Professional
16278,27277,"Wood, Jeremy","Wood, Jeremy",Individual,Graduate Degree,Professional
16279,27278,"Cook, Brian","Cook, Brian",Individual,High School,Skilled Manual
16280,27279,"Brooks, Katelyn","Brooks, Katelyn",Individual,Bachelors,Skilled Manual
16281,27280,"Gutierrez, Naomi","Gutierrez, Naomi",Individual,Bachelors,Skilled Manual
16282,27281,"Nath, Jenny","Nath, Jenny",Individual,Bachelors,Skilled Manual
16285,27284,"Bailey, Danielle","Bailey, Danielle",Individual,Bachelors,Professional
16287,27286,"Pal, Shawn","Pal, Shawn",Individual,Graduate Degree,Professional
16288,27287,"Perez, Samuel","Perez, Samuel",Individual,Graduate Degree,Professional
16289,27288,"Richardson, Destiny","Richardson, Destiny",Individual,Graduate Degree,Professional
16290,27289,"Long, Anna","Long, Anna",Individual,Bachelors,Skilled Manual
16291,27290,"Evans, Marcus","Evans, Marcus",Individual,Bachelors,Skilled Manual
16292,27291,"Mehta, Bobby","Mehta, Bobby",Individual,Bachelors,Skilled Manual
16293,27292,"Evans, Julia","Evans, Julia",Individual,Graduate Degree,Professional
16294,27293,"Jackson, Kaitlyn","Jackson, Kaitlyn",Individual,Graduate Degree,Professional
16295,27294,"Bradley, Ana","Bradley, Ana",Individual,Graduate Degree,Professional
16296,27295,"Taylor, Wyatt","Taylor, Wyatt",Individual,Graduate Degree,Professional
16297,27296,"Ready, Rodrigo","Ready, Rodrigo",Individual,Graduate Degree,Professional
16302,27301,"Zhou, Clarence","Zhou, Clarence",Individual,Partial College,Professional
16308,27307,"Prasad, Andre","Prasad, Andre",Individual,High School,Professional
16310,27309,"Deng, Tony","Deng, Tony",Individual,Partial College,Professional
16311,27310,"Hill, Isabella","Hill, Isabella",Individual,Partial College,Professional
16313,27312,"Sun, Sandra","Sun, Sandra",Individual,Bachelors,Management
16315,27314,"Arthur, Jarrod","Arthur, Jarrod",Individual,Bachelors,Management
16316,27315,"Mitchell, James","Mitchell, James",Individual,Graduate Degree,Management
16317,27316,"Malhotra, Jarrod","Malhotra, Jarrod",Individual,Bachelors,Management
16321,27320,"Green, Jose","Green, Jose",Individual,High School,Professional
16322,27321,"Zhang, Dylan","Zhang, Dylan",Individual,Partial College,Professional
16326,27325,"Liang, Todd","Liang, Todd",Individual,Partial College,Professional
16328,27327,"Nicholls, Melody","Nicholls, Melody",Individual,Partial College,Management
16331,27330,"Nara, Brendan","Nara, Brendan",Individual,Partial College,Management
16334,27333,"Luo, Kathryn","Luo, Kathryn",Individual,Partial College,Management
16337,27336,"Suri, George","Suri, George",Individual,High School,Management
16373,27372,"Sai, Andre","Sai, Andre",Individual,High School,Professional
16374,27373,"Rivera, Eduardo","Rivera, Eduardo",Individual,High School,Professional
16375,27374,"Phillips, Robert","Phillips, Robert",Individual,High School,Professional
16376,27375,"Wilson, Nicole","Wilson, Nicole",Individual,High School,Professional
16377,27376,"Gonzalez, Courtney","Gonzalez, Courtney",Individual,High School,Professional
16380,27379,"Ross, Isabel","Ross, Isabel",Individual,High School,Professional
16382,27381,"Sanz, Miguel","Sanz, Miguel",Individual,High School,Professional
16383,27382,"Chapman, Kaitlin","Chapman, Kaitlin",Individual,Graduate Degree,Management
16384,27383,"Hernandez, Jay","Hernandez, Jay",Individual,Graduate Degree,Management
16386,27385,"Ramos, Jonathon","Ramos, Jonathon",Individual,Graduate Degree,Management
16387,27386,"Garcia, James","Garcia, James",Individual,Graduate Degree,Management
16388,27387,"Washington, Noah","Washington, Noah",Individual,Graduate Degree,Management
16389,27388,"Cox, Xavier","Cox, Xavier",Individual,Bachelors,Management
16390,27389,"Henderson, Lucas","Henderson, Lucas",Individual,Bachelors,Management
16391,27390,"Zeng, Leah","Zeng, Leah",Individual,Graduate Degree,Management
16392,27391,"Young, Logan","Young, Logan",Individual,Bachelors,Management
16393,27392,"Romero, Felicia","Romero, Felicia",Individual,Bachelors,Management
16395,27394,"Alexander, Kyle","Alexander, Kyle",Individual,Bachelors,Management
16396,27395,"Lu, Jenny","Lu, Jenny",Individual,Bachelors,Management
16397,27396,"Cook, Adrian","Cook, Adrian",Individual,Bachelors,Management
16398,27397,"James, Alex","James, Alex",Individual,Bachelors,Management
16399,27398,"Lee, Alexis","Lee, Alexis",Individual,Bachelors,Management
16400,27399,"Parker, Thomas","Parker, Thomas",Individual,Bachelors,Management
16406,27405,"Shan, Jackson","Shan, Jackson",Individual,High School,Professional
16408,27407,"Griffin, Faith","Griffin, Faith",Individual,Bachelors,Management
16409,27408,"Sanchez, Tabitha","Sanchez, Tabitha",Individual,Bachelors,Management
16410,27409,"Smith, Preston","Smith, Preston",Individual,High School,Professional
16411,27410,"Patterson, Brianna","Patterson, Brianna",Individual,High School,Professional
16412,27411,"Bendixen, Mason","Bendixen, Mason",Individual,High School,Professional
16413,27412,"Price, Miguel","Price, Miguel",Individual,Bachelors,Management
16417,27416,"Morris, Jeremiah","Morris, Jeremiah",Individual,Partial College,Professional
16418,27417,"She, Edwin","She, Edwin",Individual,Bachelors,Management
16419,27418,"Coleman, Mya","Coleman, Mya",Individual,Partial College,Professional
16422,27421,"Chander, Mindy","Chander, Mindy",Individual,Partial College,Professional
16423,27422,"Gonzalez, Evan","Gonzalez, Evan",Individual,Partial College,Professional
16424,27423,"Butler, Dakota","Butler, Dakota",Individual,Partial College,Professional
16425,27424,"Mitchell, Luis","Mitchell, Luis",Individual,Partial College,Professional
16426,27425,"Morris, Steven","Morris, Steven",Individual,Partial College,Professional
16427,27426,"Stewart, Evan","Stewart, Evan",Individual,Partial College,Professional
16428,27427,"Young, Mason","Young, Mason",Individual,Partial College,Professional
16431,27430,"Young, Stephanie","Young, Stephanie",Individual,Partial College,Professional
16432,27431,"Jenkins, Ethan","Jenkins, Ethan",Individual,Partial College,Professional
16433,27432,"Ruiz, Craig","Ruiz, Craig",Individual,Partial College,Professional
16434,27433,"Garcia, Barry","Garcia, Barry",Individual,Partial College,Professional
16435,27434,"Patterson, David","Patterson, David",Individual,Partial College,Professional
16439,27438,"Shan, Alejandro","Shan, Alejandro",Individual,Partial College,Professional
16440,27439,"Ramirez, Chase","Ramirez, Chase",Individual,High School,Professional
16441,27440,"Howard, Trinity","Howard, Trinity",Individual,Partial High School,Skilled Manual
16443,27442,"Raman, Janelle","Raman, Janelle",Individual,High School,Professional
16444,27443,"Jackson, Jessica","Jackson, Jessica",Individual,Partial High School,Skilled Manual
16445,27444,"Martinez, Kayla","Martinez, Kayla",Individual,Graduate Degree,Professional
16446,27445,"Tang, Shaun","Tang, Shaun",Individual,Graduate Degree,Professional
16447,27446,"Jones, Tyler","Jones, Tyler",Individual,Graduate Degree,Professional
16448,27447,"Hayes, Miranda","Hayes, Miranda",Individual,Graduate Degree,Professional
16449,27448,"Romero, Marc","Romero, Marc",Individual,Bachelors,Professional
16450,27449,"Cox, Bryan","Cox, Bryan",Individual,Bachelors,Management
16451,27450,"Ross, Abigail","Ross, Abigail",Individual,Bachelors,Management
16453,27452,"Watson, Evan","Watson, Evan",Individual,Bachelors,Management
16454,27453,"Henderson, Carson","Henderson, Carson",Individual,Bachelors,Management
16456,27455,"Jenkins, Brianna","Jenkins, Brianna",Individual,Bachelors,Management
16457,27456,"Hughes, Jackson","Hughes, Jackson",Individual,Bachelors,Management
16458,27457,"Walker, Elizabeth","Walker, Elizabeth",Individual,Bachelors,Management
16459,27458,"Liang, Roger","Liang, Roger",Individual,Bachelors,Management
16460,27459,"Kumar, Kevin","Kumar, Kevin",Individual,Graduate Degree,Management
16461,27460,"Goel, Grant","Goel, Grant",Individual,Graduate Degree,Management
16466,27465,"Garcia, Seth","Garcia, Seth",Individual,Partial College,Skilled Manual
16467,27466,"Murphy, Abigail","Murphy, Abigail",Individual,Partial College,Skilled Manual
16479,27478,"Alvarez, Sheila","Alvarez, Sheila",Individual,Partial College,Skilled Manual
16480,27479,"Sanders, Kaitlyn","Sanders, Kaitlyn",Individual,Partial College,Skilled Manual
16481,27480,"Parker, Chloe","Parker, Chloe",Individual,Partial College,Skilled Manual
16482,27481,"Gonzales, Oscar","Gonzales, Oscar",Individual,Partial College,Skilled Manual
16504,27503,"Shen, Warren","Shen, Warren",Individual,Partial College,Skilled Manual
16505,27504,"Lopez, Rebecca","Lopez, Rebecca",Individual,High School,Skilled Manual
16506,27505,"Skelly, Bonnie","Skelly, Bonnie",Individual,High School,Skilled Manual
16507,27506,"Srini, Carla","Srini, Carla",Individual,High School,Skilled Manual
16508,27507,"Li, Valerie","Li, Valerie",Individual,High School,Skilled Manual
16509,27508,"Edwards, James","Edwards, James",Individual,Partial College,Skilled Manual
16510,27509,"Johnson, Zachary","Johnson, Zachary",Individual,Partial College,Professional
16511,27510,"Bailey, Cole","Bailey, Cole",Individual,Partial College,Professional
16522,27521,"Foster, Gabriel","Foster, Gabriel",Individual,Bachelors,Management
16524,27523,"Martin, Kayla","Martin, Kayla",Individual,High School,Professional
16527,27526,"Ma, Ramon","Ma, Ramon",Individual,Partial College,Professional
16528,27527,"Sanchez, Tina","Sanchez, Tina",Individual,Bachelors,Management
16529,27528,"Stewart, Jade","Stewart, Jade",Individual,Graduate Degree,Management
16530,27529,"White, Rachel","White, Rachel",Individual,Graduate Degree,Management
16531,27530,"Ross, Maria","Ross, Maria",Individual,Partial High School,Skilled Manual
16532,27531,"Bailey, Abigail","Bailey, Abigail",Individual,Bachelors,Professional
16533,27532,"Flores, Kaitlyn","Flores, Kaitlyn",Individual,Bachelors,Skilled Manual
16534,27533,"Perez, Allison","Perez, Allison",Individual,Bachelors,Skilled Manual
16535,27534,"Chapman, Candace","Chapman, Candace",Individual,Bachelors,Skilled Manual
16536,27535,"Cook, Ian","Cook, Ian",Individual,Bachelors,Skilled Manual
16538,27537,"Bryant, Amanda","Bryant, Amanda",Individual,Bachelors,Professional
16539,27538,"Jackson, José","Jackson, José",Individual,Bachelors,Professional
16540,27539,"Winston, Samuel","Winston, Samuel",Individual,Bachelors,Professional
16541,27540,"Butler, Jacqueline","Butler, Jacqueline",Individual,Bachelors,Professional
16542,27541,"Martin, Samantha","Martin, Samantha",Individual,Bachelors,Professional
16543,27542,"Rivera, Jessica","Rivera, Jessica",Individual,Bachelors,Professional
16544,27543,"Griffin, Katherine","Griffin, Katherine",Individual,Bachelors,Professional
16545,27544,"Hayes, Marissa","Hayes, Marissa",Individual,Partial College,Skilled Manual
16547,27546,"Ross, Jackson","Ross, Jackson",Individual,High School,Skilled Manual
16548,27547,"Hill, Kevin","Hill, Kevin",Individual,High School,Skilled Manual
16549,27548,"Green, Mason","Green, Mason",Individual,Partial College,Skilled Manual
16550,27549,"Johnson, Hunter","Johnson, Hunter",Individual,Partial College,Skilled Manual
16552,27551,"Long, Antonio","Long, Antonio",Individual,Partial College,Skilled Manual
16553,27552,"Guo, Shannon","Guo, Shannon",Individual,Graduate Degree,Professional
16554,27553,"Sanders, Julia","Sanders, Julia",Individual,Graduate Degree,Professional
16555,27554,"West, Jordyn","West, Jordyn",Individual,Partial College,Skilled Manual
16556,27555,"Alexander, Isabella","Alexander, Isabella",Individual,Partial College,Skilled Manual
16557,27556,"Cox, Amanda","Cox, Amanda",Individual,Partial College,Skilled Manual
16559,27558,"Kumar, Caleb","Kumar, Caleb",Individual,Partial College,Skilled Manual
16560,27559,"Rodriguez, Emily","Rodriguez, Emily",Individual,Partial College,Skilled Manual
16562,27561,"Brooks, Kimberly","Brooks, Kimberly",Individual,Bachelors,Professional
16564,27563,"Bennett, Devin","Bennett, Devin",Individual,Bachelors,Professional
16565,27564,"Lal, Kevin","Lal, Kevin",Individual,Bachelors,Professional
16566,27565,"Wood, Kayla","Wood, Kayla",Individual,Bachelors,Professional
16567,27566,"Long, Tristan","Long, Tristan",Individual,Bachelors,Professional
16568,27567,"Foster, Miranda","Foster, Miranda",Individual,Bachelors,Professional
16569,27568,"Evans, Miguel","Evans, Miguel",Individual,Graduate Degree,Professional
16570,27569,"Wood, Jocelyn","Wood, Jocelyn",Individual,Graduate Degree,Professional
16571,27570,"Navarro, Natasha","Navarro, Natasha",Individual,Graduate Degree,Professional
16572,27571,"Gao, Shannon","Gao, Shannon",Individual,Graduate Degree,Professional
16573,27572,"Carter, Isaiah","Carter, Isaiah",Individual,Partial College,Skilled Manual
16574,27573,"Lal, Hunter","Lal, Hunter",Individual,Partial College,Skilled Manual
16575,27574,"Hill, Madeline","Hill, Madeline",Individual,Partial College,Skilled Manual
16576,27575,"Wilson, Emma","Wilson, Emma",Individual,Bachelors,Professional
16577,27576,"Gonzales, Caroline","Gonzales, Caroline",Individual,Bachelors,Professional
16578,27577,"Cook, Patrick","Cook, Patrick",Individual,Bachelors,Professional
16579,27578,"Carter, Courtney","Carter, Courtney",Individual,Bachelors,Professional
16580,27579,"Suarez, Bruce","Suarez, Bruce",Individual,Graduate Degree,Professional
16601,27600,"Sanchez, Destiny","Sanchez, Destiny",Individual,Partial High School,Skilled Manual
16602,27601,"Rogers, Sydney","Rogers, Sydney",Individual,Partial High School,Skilled Manual
16604,27603,"Barnes, Mya","Barnes, Mya",Individual,Partial High School,Skilled Manual
16605,27604,"Brooks, Richard","Brooks, Richard",Individual,High School,Professional
16606,27605,"Martinez, Miguel","Martinez, Miguel",Individual,High School,Professional
16607,27606,"Edwards, Courtney","Edwards, Courtney",Individual,Partial College,Professional
16609,27608,"Hernandez, Hector","Hernandez, Hector",Individual,Partial High School,Skilled Manual
16610,27609,"Alonso, Audrey","Alonso, Audrey",Individual,Partial High School,Skilled Manual
16611,27610,"Washington, Jeremy","Washington, Jeremy",Individual,Partial High School,Skilled Manual
16612,27611,"Edwards, Jack","Edwards, Jack",Individual,High School,Professional
16613,27612,"Hill, Lucas","Hill, Lucas",Individual,High School,Professional
16615,27614,"Ye, Warren","Ye, Warren",Individual,High School,Professional
16616,27615,"Henderson, Maria","Henderson, Maria",Individual,Bachelors,Management
16617,27616,"Brown, Emma","Brown, Emma",Individual,Bachelors,Management
16618,27617,"Phillips, Morgan","Phillips, Morgan",Individual,Partial College,Professional
16619,27618,"Diaz, Melanie","Diaz, Melanie",Individual,Partial College,Professional
16620,27619,"Lee, Joseph","Lee, Joseph",Individual,Partial College,Professional
16621,27620,"Hughes, Nicole","Hughes, Nicole",Individual,Graduate Degree,Management
16622,27621,"Brown, Edward","Brown, Edward",Individual,Graduate Degree,Management
16623,27622,"Wilson, Lucas","Wilson, Lucas",Individual,Partial College,Professional
16624,27623,"Jackson, Christian","Jackson, Christian",Individual,Partial College,Professional
16625,27624,"Russell, Connor","Russell, Connor",Individual,Partial College,Professional
16626,27625,"Hughes, Alexandria","Hughes, Alexandria",Individual,Partial College,Professional
16627,27626,"Hayes, Connor","Hayes, Connor",Individual,Bachelors,Management
16628,27627,"Yang, Jason","Yang, Jason",Individual,Graduate Degree,Management
16630,27629,"Bryant, Jose","Bryant, Jose",Individual,Partial College,Professional
16631,27630,"Coleman, Xavier","Coleman, Xavier",Individual,Bachelors,Management
16632,27631,"Phillips, Gabriella","Phillips, Gabriella",Individual,Bachelors,Management
16636,27635,"Perry, Grace","Perry, Grace",Individual,Partial College,Professional
16637,27636,"Murphy, Paige","Murphy, Paige",Individual,Partial College,Professional
16638,27637,"Cook, Gabrielle","Cook, Gabrielle",Individual,Partial College,Professional
16639,27638,"Brooks, Marcus","Brooks, Marcus",Individual,Partial College,Professional
16640,27639,"Price, Emma","Price, Emma",Individual,Partial College,Professional
16641,27640,"Thomas, Lauren","Thomas, Lauren",Individual,Partial College,Professional
16642,27641,"Alexander, Miranda","Alexander, Miranda",Individual,Partial College,Professional
16643,27642,"Johnson, Kayla","Johnson, Kayla",Individual,High School,Professional
16645,27644,"Sanchez, Alexandria","Sanchez, Alexandria",Individual,Partial College,Professional
16646,27645,"Anand, Colin","Anand, Colin",Individual,High School,Professional
16647,27646,"Li, Jackson","Li, Jackson",Individual,Bachelors,Management
16648,27647,"Moore, Daniel","Moore, Daniel",Individual,Partial College,Professional
16649,27648,"Rogers, Chase","Rogers, Chase",Individual,Partial High School,Skilled Manual
16650,27649,"Bailey, Evan","Bailey, Evan",Individual,High School,Professional
16651,27650,"Griffin, Richard","Griffin, Richard",Individual,High School,Professional
16652,27651,"Murphy, Jeremy","Murphy, Jeremy",Individual,High School,Professional
16653,27652,"Foster, Miguel","Foster, Miguel",Individual,Partial High School,Skilled Manual
16655,27654,"Diaz, Carrie","Diaz, Carrie",Individual,Graduate Degree,Management
16656,27655,"Alvarez, Melinda","Alvarez, Melinda",Individual,Bachelors,Management
16658,27657,"Chandra, Frederick","Chandra, Frederick",Individual,Graduate Degree,Management
16659,27658,"Gray, Cole","Gray, Cole",Individual,Graduate Degree,Management
16660,27659,"Lopez, Jesse","Lopez, Jesse",Individual,Graduate Degree,Management
16661,27660,"Carlson, Gerald","Carlson, Gerald",Individual,Graduate Degree,Management
16662,27661,"Martinez, Christopher","Martinez, Christopher",Individual,Graduate Degree,Management
16663,27662,"Zheng, Bianca","Zheng, Bianca",Individual,Partial College,Professional
16664,27663,"Collins, Aaron","Collins, Aaron",Individual,Graduate Degree,Management
16665,27664,"Roberts, Luis","Roberts, Luis",Individual,Bachelors,Management
16666,27665,"Patterson, Miguel","Patterson, Miguel",Individual,Partial High School,Skilled Manual
16667,27666,"Garcia, Alyssa","Garcia, Alyssa",Individual,Partial High School,Skilled Manual
16668,27667,"Sanchez, Jessica","Sanchez, Jessica",Individual,High School,Professional
16669,27668,"Gonzalez, Kevin","Gonzalez, Kevin",Individual,Graduate Degree,Management
16670,27669,"Allen, Katelyn","Allen, Katelyn",Individual,Graduate Degree,Management
16671,27670,"Long, Kayla","Long, Kayla",Individual,Graduate Degree,Management
16672,27671,"Martinez, Jeremiah","Martinez, Jeremiah",Individual,Graduate Degree,Management
16674,27673,"Young, Jennifer","Young, Jennifer",Individual,Graduate Degree,Management
16675,27674,"Rivera, Gabrielle","Rivera, Gabrielle",Individual,Partial College,Professional
16676,27675,"Bell, Arianna","Bell, Arianna",Individual,Partial College,Professional
16677,27676,"Flores, Trevor","Flores, Trevor",Individual,Partial College,Professional
16678,27677,"Powell, Marissa","Powell, Marissa",Individual,Partial College,Professional
16679,27678,"Carter, Angel","Carter, Angel",Individual,Partial College,Professional
16680,27679,"Walker, Kayla","Walker, Kayla",Individual,Partial College,Professional
16681,27680,"Foster, Benjamin","Foster, Benjamin",Individual,Partial College,Professional
16682,27681,"Jackson, Olivia","Jackson, Olivia",Individual,Partial College,Professional
16683,27682,"Kelly, Jennifer","Kelly, Jennifer",Individual,Partial College,Professional
16684,27683,"Reed, Alexandra","Reed, Alexandra",Individual,High School,Professional
16685,27684,"Coleman, Emma","Coleman, Emma",Individual,Partial College,Professional
16727,27726,"Hall, Sophia","Hall, Sophia",Individual,High School,Skilled Manual
16728,27727,"Hill, Chloe","Hill, Chloe",Individual,High School,Skilled Manual
16730,27729,"Phillips, Sophia","Phillips, Sophia",Individual,Partial High School,Clerical
16731,27730,"Cox, Isabella","Cox, Isabella",Individual,Partial High School,Clerical
16733,27732,"White, Katherine","White, Katherine",Individual,High School,Skilled Manual
16736,27735,"Sanders, Shelby","Sanders, Shelby",Individual,High School,Skilled Manual
16737,27736,"Young, Mackenzie","Young, Mackenzie",Individual,High School,Skilled Manual
16738,27737,"Taylor, Brandon","Taylor, Brandon",Individual,High School,Skilled Manual
16741,27740,"Nath, Jodi","Nath, Jodi",Individual,High School,Skilled Manual
16742,27741,"Foster, Gabrielle","Foster, Gabrielle",Individual,High School,Skilled Manual
16743,27742,"Jones, Devin","Jones, Devin",Individual,High School,Skilled Manual
16748,27747,"Henderson, Edward","Henderson, Edward",Individual,High School,Skilled Manual
16749,27748,"Patterson, Luis","Patterson, Luis",Individual,High School,Skilled Manual
16750,27749,"Brown, Alexis","Brown, Alexis",Individual,Partial College,Skilled Manual
16751,27750,"Phillips, Carlos","Phillips, Carlos",Individual,Partial College,Skilled Manual
16752,27751,"Cooper, Zoe","Cooper, Zoe",Individual,Partial College,Skilled Manual
16754,27753,"Morgan, Steven","Morgan, Steven",Individual,High School,Skilled Manual
16755,27754,"Gonzalez, Marcus","Gonzalez, Marcus",Individual,Partial College,Skilled Manual
16756,27755,"Jenkins, Alyssa","Jenkins, Alyssa",Individual,Partial College,Skilled Manual
16762,27761,"Madan, Monica","Madan, Monica",Individual,Graduate Degree,Clerical
16766,27765,"Tang, Jerry","Tang, Jerry",Individual,Partial College,Manual
16767,27766,"Vance, Joel","Vance, Joel",Individual,Partial College,Manual
16768,27767,"Arun, Brandy","Arun, Brandy",Individual,Partial College,Manual
16771,27770,"Zhao, Autumn","Zhao, Autumn",Individual,Bachelors,Clerical
16775,27774,"Munoz, Marc","Munoz, Marc",Individual,High School,Manual
16776,27775,"Shen, Nina","Shen, Nina",Individual,Bachelors,Clerical
16778,27777,"Martin, Jarred","Martin, Jarred",Individual,Bachelors,Skilled Manual
16788,27787,"Ramos, Gerald","Ramos, Gerald",Individual,Bachelors,Skilled Manual
16792,27791,"Deng, Shawna","Deng, Shawna",Individual,High School,Manual
16793,27792,"Alonso, Jacquelyn","Alonso, Jacquelyn",Individual,High School,Manual
16798,27797,"Deng, Melvin","Deng, Melvin",Individual,Bachelors,Professional
16799,27798,"Bryant, Brandon","Bryant, Brandon",Individual,Bachelors,Professional
16802,27801,"Cooper, Kaitlyn","Cooper, Kaitlyn",Individual,Partial College,Clerical
16810,27809,"Sanchez, Arianna","Sanchez, Arianna",Individual,Bachelors,Skilled Manual
16812,27811,"Vazquez, Darren","Vazquez, Darren",Individual,Bachelors,Skilled Manual
16814,27813,"Vance, Roy","Vance, Roy",Individual,High School,Manual
16815,27814,"Shan, Katrina","Shan, Katrina",Individual,Partial College,Clerical
16824,27823,"Gao, Joan","Gao, Joan",Individual,Bachelors,Skilled Manual
16826,27825,"Zimmerman, Christy","Zimmerman, Christy",Individual,Partial College,Clerical
16827,27826,"Xu, Nicolas","Xu, Nicolas",Individual,Partial College,Clerical
16831,27830,"Hall, Caleb","Hall, Caleb",Individual,High School,Manual
16832,27831,"Vazquez, Clinton","Vazquez, Clinton",Individual,Partial High School,Manual
16833,27832,"Powell, Margaret","Powell, Margaret",Individual,Partial College,Clerical
16839,27838,"Sai, Janelle","Sai, Janelle",Individual,Partial High School,Manual
16844,27843,"Navarro, Gerald","Navarro, Gerald",Individual,Graduate Degree,Clerical
16856,27855,"Ye, Lisa","Ye, Lisa",Individual,Partial College,Manual
16859,27858,"Skjønaa, Anders","Skjønaa, Anders",Individual,Partial College,Manual
16860,27859,"Carlson, Danny","Carlson, Danny",Individual,Partial College,Manual
16883,27882,"Hu, Franklin","Hu, Franklin",Individual,Graduate Degree,Clerical
16884,27883,"Hernandez, Marc","Hernandez, Marc",Individual,Graduate Degree,Clerical
16885,27884,"Alonso, Jill","Alonso, Jill",Individual,Graduate Degree,Clerical
16898,27897,"Munoz, Robin","Munoz, Robin",Individual,Bachelors,Clerical
16901,27900,"Prasad, Toni","Prasad, Toni",Individual,Bachelors,Clerical
16903,27902,"Alonso, Carolyn","Alonso, Carolyn",Individual,Graduate Degree,Clerical
16909,27908,"Sanchez, Adriana","Sanchez, Adriana",Individual,Partial College,Manual
16912,27911,"Moore, Robert","Moore, Robert",Individual,High School,Skilled Manual
16913,27912,"Ramirez, Caitlin","Ramirez, Caitlin",Individual,High School,Skilled Manual
16914,27913,"Zheng, Brittney","Zheng, Brittney",Individual,Partial College,Skilled Manual
16915,27914,"Foster, Jasmine","Foster, Jasmine",Individual,Partial College,Skilled Manual
16916,27915,"Green, Jordan","Green, Jordan (27915)",Individual,Partial College,Skilled Manual
16917,27916,"Carter, Aaron","Carter, Aaron",Individual,Partial College,Skilled Manual
16918,27917,"Sanders, Andrea","Sanders, Andrea",Individual,Partial College,Skilled Manual
16919,27918,"Ross, Samantha","Ross, Samantha",Individual,Partial College,Skilled Manual
16920,27919,"Lal, Ryan","Lal, Ryan",Individual,Partial College,Skilled Manual
16921,27920,"Howard, Mary","Howard, Mary",Individual,Partial College,Skilled Manual
16923,27922,"King, Isabella","King, Isabella",Individual,Partial College,Professional
16924,27923,"Arun, Douglas","Arun, Douglas",Individual,Bachelors,Management
16925,27924,"He, Jeffery","He, Jeffery",Individual,Partial College,Professional
16931,27930,"Sharma, Clarence","Sharma, Clarence",Individual,Partial College,Professional
16932,27931,"Patel, Tabitha","Patel, Tabitha",Individual,Partial College,Professional
16933,27932,"Diaz, Leslie","Diaz, Leslie",Individual,Partial College,Professional
16938,27937,"Alvarez, Kristine","Alvarez, Kristine",Individual,Partial College,Professional
16942,27941,"Chen, Margaret","Chen, Margaret",Individual,Partial College,Professional
16944,27943,"Alvarez, Sabrina","Alvarez, Sabrina",Individual,Partial High School,Professional
16945,27944,"Bell, Dalton","Bell, Dalton",Individual,Partial High School,Professional
16948,27947,"Andersen, Alison","Andersen, Alison",Individual,Partial College,Professional
16949,27948,"Sloan, Cathy","Sloan, Cathy",Individual,Bachelors,Management
16953,27952,"Perez, Roy","Perez, Roy",Individual,High School,Professional
16960,27959,"Ramos, Armando","Ramos, Armando",Individual,Partial College,Management
16961,27960,"Alonso, Randall","Alonso, Randall",Individual,Partial College,Management
16964,27963,"Dominguez, Kendra","Dominguez, Kendra",Individual,Partial College,Management
16989,27988,"Ross, Dylan","Ross, Dylan",Individual,High School,Professional
16990,27989,"Thomas, Joseph","Thomas, Joseph",Individual,High School,Professional
16991,27990,"Thompson, Katherine","Thompson, Katherine",Individual,High School,Professional
16992,27991,"Rivera, Natalie","Rivera, Natalie",Individual,High School,Professional
16993,27992,"Taylor, Dylan","Taylor, Dylan",Individual,High School,Professional
16994,27993,"Miller, Hunter","Miller, Hunter",Individual,High School,Professional
16995,27994,"Rai, Jodi","Rai, Jodi",Individual,High School,Professional
16996,27995,"Stewart, Carlos","Stewart, Carlos",Individual,High School,Professional
16997,27996,"Alexander, Angela","Alexander, Angela",Individual,Graduate Degree,Management
16998,27997,"Malhotra, Lydia","Malhotra, Lydia",Individual,Graduate Degree,Management
17000,27999,"Shan, Nathan","Shan, Nathan",Individual,Graduate Degree,Management
17002,28001,"Rodriguez, Sydney","Rodriguez, Sydney",Individual,Graduate Degree,Management
17003,28002,"Kumar, Christy","Kumar, Christy",Individual,Graduate Degree,Management
17004,28003,"Sanchez, Julia","Sanchez, Julia",Individual,Graduate Degree,Management
17005,28004,"Edwards, Andrea","Edwards, Andrea",Individual,Bachelors,Management
17006,28005,"Young, Amber","Young, Amber",Individual,Graduate Degree,Management
17007,28006,"Torres, Seth","Torres, Seth",Individual,Bachelors,Management
17008,28007,"Ye, Clayton","Ye, Clayton",Individual,Bachelors,Management
17009,28008,"Baker, Jada","Baker, Jada",Individual,Bachelors,Management
17010,28009,"Washington, Arianna","Washington, Arianna",Individual,Bachelors,Management
17011,28010,"Long, Justin","Long, Justin",Individual,Bachelors,Management
17012,28011,"Lan, Andrew","Lan, Andrew",Individual,Bachelors,Management
17013,28012,"Stewart, Ian","Stewart, Ian",Individual,Bachelors,Management
17015,28014,"Robinson, Rachel","Robinson, Rachel",Individual,Partial High School,Clerical
17016,28015,"Chen, Christian","Chen, Christian",Individual,High School,Professional
17017,28016,"Sanders, Cody","Sanders, Cody",Individual,Partial High School,Clerical
17018,28017,"Martin, Christopher","Martin, Christopher",Individual,Partial High School,Clerical
17019,28018,"Foster, Rachel","Foster, Rachel",Individual,Partial High School,Skilled Manual
17020,28019,"Ramirez, Melissa","Ramirez, Melissa",Individual,High School,Professional
17021,28020,"Griffin, Lucas","Griffin, Lucas",Individual,High School,Professional
17023,28022,"Lopez, Jason","Lopez, Jason",Individual,High School,Professional
17024,28023,"James, Andrea","James, Andrea",Individual,High School,Professional
17025,28024,"Perry, Miguel","Perry, Miguel",Individual,Bachelors,Management
17027,28026,"Ross, Paige","Ross, Paige",Individual,High School,Professional
17029,28028,"Allen, Elijah","Allen, Elijah",Individual,High School,Professional
17030,28029,"Price, Seth","Price, Seth",Individual,High School,Professional
17031,28030,"Gonzalez, Jason","Gonzalez, Jason",Individual,Bachelors,Management
17032,28031,"Navarro, Kari","Navarro, Kari",Individual,Bachelors,Management
17033,28032,"Coleman, Grace","Coleman, Grace",Individual,Bachelors,Management
17034,28033,"Jenkins, Gavin","Jenkins, Gavin",Individual,Bachelors,Management
17038,28037,"Gonzales, Jeremiah","Gonzales, Jeremiah",Individual,Partial College,Professional
17039,28038,"Gomez, Philip","Gomez, Philip",Individual,Partial College,Professional
17040,28039,"Lee, Xavier","Lee, Xavier",Individual,Bachelors,Management
17041,28040,"Mitchell, Jack","Mitchell, Jack",Individual,Partial College,Professional
17042,28041,"Wright, Rebecca","Wright, Rebecca",Individual,Partial College,Professional
17043,28042,"Brown, Joseph","Brown, Joseph",Individual,Bachelors,Management
17044,28043,"Young, Gabrielle","Young, Gabrielle",Individual,Bachelors,Management
17045,28044,"Navarro, Jimmy","Navarro, Jimmy",Individual,Bachelors,Management
17048,28047,"Sanchez, Jay","Sanchez, Jay",Individual,Partial College,Professional
17049,28048,"Powell, Samuel","Powell, Samuel",Individual,Partial College,Professional
17050,28049,"Washington, Xavier","Washington, Xavier",Individual,Partial College,Professional
17051,28050,"Evans, Isaiah","Evans, Isaiah",Individual,Bachelors,Management
17053,28052,"Li, Franklin","Li, Franklin",Individual,High School,Professional
17054,28053,"Howard, Jared","Howard, Jared",Individual,Partial College,Professional
17055,28054,"Cox, Carol","Cox, Carol",Individual,Partial College,Professional
17056,28055,"Peterson, Brooke","Peterson, Brooke",Individual,High School,Professional
17057,28056,"Gray, Alex","Gray, Alex",Individual,Partial High School,Skilled Manual
17058,28057,"Anderson, Rachel","Anderson, Rachel",Individual,Partial High School,Skilled Manual
17059,28058,"Alvarez, Jaime","Alvarez, Jaime",Individual,Partial High School,Skilled Manual
17060,28059,"Shen, Bradley","Shen, Bradley",Individual,Partial High School,Skilled Manual
17061,28060,"Rodriguez, Blake","Rodriguez, Blake",Individual,Graduate Degree,Professional
17062,28061,"Lopez, Kyle","Lopez, Kyle",Individual,Graduate Degree,Professional
17063,28062,"Roberts, Xavier","Roberts, Xavier",Individual,Graduate Degree,Professional
17064,28063,"Turner, Gabrielle","Turner, Gabrielle",Individual,Graduate Degree,Professional
17065,28064,"Nath, Tamara","Nath, Tamara",Individual,Graduate Degree,Professional
17066,28065,"Gill, Carrie","Gill, Carrie",Individual,Graduate Degree,Professional
17067,28066,"Taylor, Justin","Taylor, Justin",Individual,Graduate Degree,Professional
17068,28067,"Bennett, Olivia","Bennett, Olivia",Individual,Graduate Degree,Professional
17069,28068,"Wood, Amanda","Wood, Amanda",Individual,Graduate Degree,Professional
17071,28070,"Morris, Ian","Morris, Ian",Individual,Bachelors,Management
17072,28071,"Ross, Trevor","Ross, Trevor",Individual,Bachelors,Management
17076,28075,"Jones, Edward","Jones, Edward",Individual,Graduate Degree,Management
17077,28076,"Williams, Logan","Williams, Logan",Individual,Graduate Degree,Management
17078,28077,"Williams, Sarah","Williams, Sarah",Individual,Bachelors,Management
17079,28078,"Young, Jack","Young, Jack",Individual,Bachelors,Management
17082,28081,"Watson, Paige","Watson, Paige",Individual,Bachelors,Management
17083,28082,"Peterson, Nathaniel","Peterson, Nathaniel",Individual,Bachelors,Management
17084,28083,"Foster, Kaitlyn","Foster, Kaitlyn",Individual,Graduate Degree,Management
17085,28084,"McDonald, Cameron","McDonald, Cameron",Individual,Graduate Degree,Management
17086,28085,"Evans, Jeremiah","Evans, Jeremiah",Individual,High School,Skilled Manual
17087,28086,"Anand, Bridget","Anand, Bridget",Individual,Partial College,Skilled Manual
17088,28087,"Simmons, Maria","Simmons, Maria",Individual,Partial College,Skilled Manual
17089,28088,"Lal, Marshall","Lal, Marshall",Individual,Partial College,Skilled Manual
17090,28089,"Campbell, Xavier","Campbell, Xavier",Individual,Partial College,Skilled Manual
17091,28090,"Walker, Edward","Walker, Edward",Individual,Partial College,Skilled Manual
17094,28093,"Kumar, Brad","Kumar, Brad",Individual,Partial College,Skilled Manual
17095,28094,"Peterson, Melanie","Peterson, Melanie",Individual,Partial College,Skilled Manual
17096,28095,"Bryant, Natalie","Bryant, Natalie",Individual,Partial College,Skilled Manual
17097,28096,"Stewart, Alexandra","Stewart, Alexandra",Individual,Partial College,Skilled Manual
17098,28097,"Barnes, Jennifer","Barnes, Jennifer",Individual,Partial College,Skilled Manual
17100,28099,"Turner, Jesse","Turner, Jesse",Individual,Partial College,Skilled Manual
17101,28100,"Gray, Kimberly","Gray, Kimberly",Individual,Partial College,Skilled Manual
17105,28104,"Williams, Hannah","Williams, Hannah",Individual,Partial College,Skilled Manual
17106,28105,"Garcia, Hannah","Garcia, Hannah",Individual,Partial College,Skilled Manual
17107,28106,"Williams, Chloe","Williams, Chloe",Individual,Partial College,Skilled Manual
17113,28112,"Evans, Savannah","Evans, Savannah",Individual,Partial College,Skilled Manual
17123,28122,"King, Gabriel","King, Gabriel",Individual,High School,Skilled Manual
17124,28123,"Ortega, Daisy","Ortega, Daisy",Individual,High School,Skilled Manual
17125,28124,"Kelly, Mackenzie","Kelly, Mackenzie",Individual,High School,Skilled Manual
17126,28125,"Jackson, Dalton","Jackson, Dalton",Individual,Partial College,Skilled Manual
17127,28126,"Johnson, Anna","Johnson, Anna",Individual,Partial College,Skilled Manual
17128,28127,"Price, Fernando","Price, Fernando",Individual,Partial College,Skilled Manual
17129,28128,"Lee, Jeremiah","Lee, Jeremiah",Individual,High School,Skilled Manual
17132,28131,"Zhu, Todd","Zhu, Todd",Individual,Partial College,Professional
17143,28142,"Lin, Willie","Lin, Willie",Individual,High School,Professional
17144,28143,"Gonzalez, Samuel","Gonzalez, Samuel",Individual,Partial College,Professional
17145,28144,"Phillips, Noah","Phillips, Noah",Individual,Partial College,Professional
17146,28145,"Jones, Brandon","Jones, Brandon",Individual,Partial College,Professional
17147,28146,"Washington, Gavin","Washington, Gavin",Individual,Graduate Degree,Management
17148,28147,"Black, Omar","Black, Omar",Individual,Bachelors,Skilled Manual
17149,28148,"Zhao, Jon","Zhao, Jon",Individual,Bachelors,Skilled Manual
17150,28149,"Miller, William","Miller, William",Individual,Bachelors,Skilled Manual
17151,28150,"Chen, Connor","Chen, Connor",Individual,Bachelors,Skilled Manual
17152,28151,"Walker, Katherine","Walker, Katherine",Individual,Bachelors,Professional
17153,28152,"Rivera, Ian","Rivera, Ian",Individual,Bachelors,Professional
17155,28154,"Patterson, Katherine","Patterson, Katherine",Individual,Bachelors,Professional
17156,28155,"Watson, Taylor","Watson, Taylor",Individual,Bachelors,Professional
17157,28156,"Hall, Gabrielle","Hall, Gabrielle",Individual,Bachelors,Professional
17159,28158,"Luo, Clarence","Luo, Clarence",Individual,Bachelors,Professional
17160,28159,"Yang, Tamara","Yang, Tamara",Individual,Bachelors,Professional
17163,28162,"Ward, Bruce","Ward, Bruce",Individual,Partial College,Skilled Manual
17164,28163,"Washington, Rachel","Washington, Rachel",Individual,Partial College,Skilled Manual
17165,28164,"Coleman, Gabrielle","Coleman, Gabrielle",Individual,Partial College,Skilled Manual
17167,28166,"Coleman, Cassidy","Coleman, Cassidy",Individual,High School,Skilled Manual
17168,28167,"Hughes, Samuel","Hughes, Samuel",Individual,Partial College,Skilled Manual
17169,28168,"Ward, Jacqueline","Ward, Jacqueline",Individual,Partial College,Skilled Manual
17171,28170,"Johnson, Isabella","Johnson, Isabella",Individual,Partial College,Skilled Manual
17172,28171,"Henderson, Aidan","Henderson, Aidan",Individual,Partial College,Skilled Manual
17173,28172,"Moore, Charles","Moore, Charles",Individual,Partial College,Skilled Manual
17175,28174,"Subram, Marco","Subram, Marco",Individual,High School,Skilled Manual
17176,28175,"Subram, Clifford","Subram, Clifford",Individual,High School,Skilled Manual
17180,28179,"Alvarez, Billy","Alvarez, Billy",Individual,Partial College,Skilled Manual
17181,28180,"Chander, Jerry","Chander, Jerry",Individual,Partial College,Skilled Manual
17182,28181,"Rodriguez, Katherine","Rodriguez, Katherine",Individual,Partial College,Skilled Manual
17183,28182,"Turner, Fernando","Turner, Fernando",Individual,Partial College,Skilled Manual
17184,28183,"Howard, Nicole","Howard, Nicole",Individual,Partial College,Skilled Manual
17185,28184,"Russell, Madison","Russell, Madison",Individual,Partial College,Skilled Manual
17186,28185,"Alexander, Eric","Alexander, Eric",Individual,Partial College,Skilled Manual
17187,28186,"Wagner, Jenny","Wagner, Jenny",Individual,Partial College,Skilled Manual
17188,28187,"Chen, Aaron","Chen, Aaron",Individual,Bachelors,Professional
17189,28188,"Price, Kayla","Price, Kayla",Individual,Bachelors,Professional
17191,28190,"Cook, Kimberly","Cook, Kimberly",Individual,Graduate Degree,Professional
17192,28191,"Long, Mya","Long, Mya",Individual,Graduate Degree,Professional
17193,28192,"Sanchez, Abigail","Sanchez, Abigail",Individual,Graduate Degree,Professional
17194,28193,"Davis, Taylor","Davis, Taylor",Individual,Graduate Degree,Professional
17195,28194,"Garcia, Lydia","Garcia, Lydia",Individual,Graduate Degree,Professional
17197,28196,"Cox, Timothy","Cox, Timothy",Individual,Partial College,Skilled Manual
17200,28199,"Jones, Alyssa","Jones, Alyssa",Individual,Bachelors,Professional
17201,28200,"Henderson, Morgan","Henderson, Morgan",Individual,Bachelors,Professional
17222,28221,"Rodriguez, Isabella","Rodriguez, Isabella",Individual,High School,Professional
17223,28222,"Lewis, Eduardo","Lewis, Eduardo",Individual,High School,Professional
17224,28223,"Davis, Jessica","Davis, Jessica",Individual,High School,Professional
17225,28224,"Henderson, Spencer","Henderson, Spencer",Individual,Partial College,Professional
17226,28225,"Ross, Robert","Ross, Robert",Individual,Partial College,Professional
17227,28226,"Ramirez, Sebastian","Ramirez, Sebastian",Individual,Partial High School,Skilled Manual
17228,28227,"Wang, Caleb","Wang, Caleb",Individual,Partial High School,Skilled Manual
17229,28228,"Reed, Gloria","Reed, Gloria",Individual,Partial High School,Skilled Manual
17230,28229,"Wilson, Samantha","Wilson, Samantha",Individual,Partial High School,Skilled Manual
17231,28230,"Morgan, Stephanie","Morgan, Stephanie",Individual,Partial High School,Skilled Manual
17232,28231,"Powell, James","Powell, James",Individual,Partial High School,Skilled Manual
17233,28232,"Russell, Gavin","Russell, Gavin",Individual,Partial College,Professional
17234,28233,"Richardson, Patrick","Richardson, Patrick",Individual,Partial College,Professional
17235,28234,"Nelson, Jack","Nelson, Jack",Individual,Partial College,Professional
17236,28235,"Rogers, Cole","Rogers, Cole",Individual,Bachelors,Management
17237,28236,"Diaz, Isabel","Diaz, Isabel",Individual,Bachelors,Management
17238,28237,"Foster, Hailey","Foster, Hailey",Individual,Bachelors,Management
17239,28238,"Flores, Dalton","Flores, Dalton",Individual,Bachelors,Management
17241,28240,"Clark, Eduardo","Clark, Eduardo",Individual,Partial College,Professional
17242,28241,"King, Charles","King, Charles",Individual,Partial College,Professional
17243,28242,"Butler, Madison","Butler, Madison",Individual,Partial College,Professional
17244,28243,"Cook, Marcus","Cook, Marcus",Individual,Bachelors,Management
17245,28244,"Davis, Samantha","Davis, Samantha",Individual,Bachelors,Management
17247,28246,"Gray, Alexa","Gray, Alexa",Individual,Partial College,Professional
17248,28247,"Adams, Jonathan","Adams, Jonathan",Individual,Partial College,Professional
17250,28249,"Carter, Julia","Carter, Julia",Individual,Partial College,Professional
17251,28250,"Dominguez, Tyrone","Dominguez, Tyrone",Individual,Partial College,Professional
17252,28251,"Rubio, Joe","Rubio, Joe",Individual,Partial College,Professional
17253,28252,"Murphy, Sydney","Murphy, Sydney",Individual,Bachelors,Management
17254,28253,"Green, Jeremiah","Green, Jeremiah",Individual,Bachelors,Management
17256,28255,"Clark, Robert","Clark, Robert",Individual,Partial College,Professional
17257,28256,"Beck, Colin","Beck, Colin",Individual,Partial College,Professional
17258,28257,"Martin, Zachary","Martin, Zachary",Individual,Partial College,Professional
17259,28258,"Bryant, Destiny","Bryant, Destiny",Individual,Bachelors,Management
17260,28259,"Mitchell, Samuel","Mitchell, Samuel",Individual,Bachelors,Management
17263,28262,"Diaz, Destiny","Diaz, Destiny",Individual,Partial College,Professional
17264,28263,"Lee, Jonathan","Lee, Jonathan",Individual,Partial College,Professional
17265,28264,"Diaz, Nicole","Diaz, Nicole",Individual,Partial College,Professional
17266,28265,"Travers, Shirleen","Travers, Shirleen",Individual,High School,Professional
17267,28266,"Flores, Wyatt","Flores, Wyatt",Individual,High School,Professional
17268,28267,"Young, Jordan","Young, Jordan (28267)",Individual,Partial College,Professional
17269,28268,"Campbell, Jordan","Campbell, Jordan",Individual,High School,Professional
17270,28269,"Green, Alexandra","Green, Alexandra",Individual,Bachelors,Management
17271,28270,"Long, Samuel","Long, Samuel",Individual,High School,Professional
17272,28271,"Gonzalez, Sean","Gonzalez, Sean",Individual,High School,Professional
17274,28273,"Mitchell, Madeline","Mitchell, Madeline",Individual,High School,Professional
17275,28274,"Rodriguez, William","Rodriguez, William",Individual,Partial High School,Skilled Manual
17276,28275,"Howard, Ian","Howard, Ian",Individual,Partial High School,Skilled Manual
17277,28276,"Deng, Christy","Deng, Christy",Individual,Partial College,Professional
17278,28277,"Deng, Katrina","Deng, Katrina",Individual,Partial College,Professional
17279,28278,"Becker, Jaime","Becker, Jaime",Individual,Graduate Degree,Management
17280,28279,"Simmons, Spencer","Simmons, Spencer",Individual,Graduate Degree,Management
17281,28280,"Powell, Tristan","Powell, Tristan",Individual,Graduate Degree,Management
17282,28281,"Cox, Juan","Cox, Juan",Individual,Graduate Degree,Management
17283,28282,"Foster, Cindy","Foster, Cindy",Individual,Graduate Degree,Management
17286,28285,"King, Savannah","King, Savannah",Individual,Partial College,Professional
17287,28286,"Alexander, Destiny","Alexander, Destiny",Individual,Partial College,Professional
17288,28287,"Bennett, Lauren","Bennett, Lauren",Individual,Partial College,Professional
17289,28288,"Srini, Marco","Srini, Marco",Individual,Partial College,Professional
17290,28289,"Gonzales, Jack","Gonzales, Jack",Individual,Partial College,Professional
17292,28291,"Miller, David","Miller, David",Individual,Partial High School,Skilled Manual
17294,28293,"Cox, Shelby","Cox, Shelby",Individual,Partial High School,Skilled Manual
17295,28294,"Jenkins, Alexis","Jenkins, Alexis",Individual,Partial High School,Skilled Manual
17296,28295,"Collins, Wyatt","Collins, Wyatt",Individual,Partial High School,Skilled Manual
17297,28296,"Butler, Thomas","Butler, Thomas",Individual,Graduate Degree,Management
17298,28297,"Edwards, Gabrielle","Edwards, Gabrielle",Individual,Graduate Degree,Management
17299,28298,"Edwards, Maria","Edwards, Maria",Individual,Graduate Degree,Management
17300,28299,"Shan, Jonathan","Shan, Jonathan",Individual,Partial College,Professional
17301,28300,"Bennett, Abigail","Bennett, Abigail",Individual,High School,Professional
17302,28301,"Long, Jasmine","Long, Jasmine",Individual,High School,Professional
17331,28330,"Bailey, Charles","Bailey, Charles",Individual,High School,Skilled Manual
17332,28331,"Beck, Colleen","Beck, Colleen",Individual,High School,Skilled Manual
17334,28333,"Jimenez, Jaime","Jimenez, Jaime",Individual,High School,Skilled Manual
17335,28334,"Tanara, Marco","Tanara, Marco",Individual,High School,Skilled Manual
17336,28335,"Srini, Rebekah","Srini, Rebekah",Individual,High School,Skilled Manual
17337,28336,"Martin, Edward","Martin, Edward",Individual,High School,Skilled Manual
17338,28337,"Bennett, Melissa","Bennett, Melissa",Individual,High School,Skilled Manual
17340,28339,"Edwards, Sean","Edwards, Sean",Individual,High School,Skilled Manual
17341,28340,"Butler, Lucas","Butler, Lucas",Individual,High School,Skilled Manual
17344,28343,"Morgan, Shelby","Morgan, Shelby",Individual,Partial High School,Clerical
17345,28344,"Zhu, Alvin","Zhu, Alvin",Individual,Partial High School,Clerical
17346,28345,"Serrano, Diana","Serrano, Diana",Individual,High School,Skilled Manual
17348,28347,"Anand, Latoya","Anand, Latoya",Individual,High School,Skilled Manual
17356,28355,"James, Carlos","James, Carlos",Individual,Bachelors,Professional
17357,28356,"Gonzalez, Blake","Gonzalez, Blake",Individual,Bachelors,Skilled Manual
17359,28358,"Powell, Austin","Powell, Austin",Individual,Bachelors,Skilled Manual
17361,28360,"Adams, Isaiah","Adams, Isaiah",Individual,Bachelors,Skilled Manual
17362,28361,"Wilson, Kayla","Wilson, Kayla",Individual,Graduate Degree,Professional
17363,28362,"Sanchez, Kaylee","Sanchez, Kaylee",Individual,Graduate Degree,Professional
17370,28369,"Moreno, Carolyn","Moreno, Carolyn",Individual,High School,Manual
17375,28374,"Vance, Ruben","Vance, Ruben",Individual,Partial High School,Manual
17377,28376,"Chen, Eugene","Chen, Eugene",Individual,Bachelors,Clerical
17382,28381,"Tang, Cedric","Tang, Cedric",Individual,High School,Manual
17383,28382,"Ortega, Roberto","Ortega, Roberto",Individual,High School,Manual
17384,28383,"Zhou, Lacey","Zhou, Lacey",Individual,High School,Manual
17389,28388,"Rowe, Sheila","Rowe, Sheila",Individual,Partial High School,Manual
17397,28396,"Munoz, Rebekah","Munoz, Rebekah",Individual,Bachelors,Professional
17401,28400,"Anand, Cedric","Anand, Cedric",Individual,Partial College,Clerical
17405,28404,"Raman, Whitney","Raman, Whitney",Individual,Partial College,Clerical
17406,28405,"Malhotra, Erick","Malhotra, Erick",Individual,Bachelors,Skilled Manual
17410,28409,"Rai, Bonnie","Rai, Bonnie",Individual,High School,Manual
17422,28421,"Gonzalez, Monica","Gonzalez, Monica",Individual,Partial College,Clerical
17424,28423,"Ortega, Victor","Ortega, Victor",Individual,Partial College,Clerical
17431,28430,"Suarez, Armando","Suarez, Armando",Individual,Partial High School,Manual
17433,28432,"Carlson, Bruce","Carlson, Bruce",Individual,High School,Manual
17435,28434,"Lauer, Brian","Lauer, Brian",Individual,Partial College,Clerical
17436,28435,"Liu, Edwin","Liu, Edwin",Individual,Partial College,Clerical
17446,28445,"She, Shaun","She, Shaun",Individual,Partial College,Clerical
17451,28450,"Martin, Nelson","Martin, Nelson",Individual,Bachelors,Manual
17454,28453,"Lin, Valerie","Lin, Valerie",Individual,Bachelors,Manual
17455,28454,"Simpson, Shawna","Simpson, Shawna",Individual,Bachelors,Manual
17456,28455,"Sara, Raymond","Sara, Raymond",Individual,Bachelors,Manual
17462,28461,"Dominguez, Joe","Dominguez, Joe",Individual,Partial College,Manual
17466,28465,"Serrano, Wendy","Serrano, Wendy",Individual,Bachelors,Clerical
17468,28467,"Tang, Tasha","Tang, Tasha",Individual,Partial College,Manual
17473,28472,"Ramos, Kellie","Ramos, Kellie",Individual,Bachelors,Clerical
17490,28489,"Zhu, Jeffery","Zhu, Jeffery",Individual,Partial College,Manual
17491,28490,"Ramos, Krista","Ramos, Krista",Individual,Partial College,Manual
17494,28493,"Wilson, Morgan","Wilson, Morgan",Individual,Graduate Degree,Clerical
17495,28494,"Martinez, Ross","Martinez, Ross",Individual,Graduate Degree,Clerical
17498,28497,"Yang, Alvin","Yang, Alvin",Individual,Partial College,Manual
17500,28499,"Srini, Lydia","Srini, Lydia",Individual,Partial College,Manual
17501,28500,"Gonzalez, Jermaine","Gonzalez, Jermaine",Individual,Partial College,Manual
17502,28501,"Perez, Gerald","Perez, Gerald",Individual,Partial College,Manual
17503,28502,"Jordan, Dominique","Jordan, Dominique",Individual,Partial College,Manual
17506,28505,"Xie, Barbara","Xie, Barbara",Individual,Graduate Degree,Clerical
17508,28507,"Suri, Deanna","Suri, Deanna",Individual,Bachelors,Clerical
17510,28509,"Diaz, Audrey","Diaz, Audrey",Individual,Bachelors,Clerical
17514,28513,"Fernandez, Molly","Fernandez, Molly",Individual,Partial College,Manual
17519,28518,"Sanchez, Tammy","Sanchez, Tammy",Individual,Bachelors,Clerical
17522,28521,"Tang, Bradley","Tang, Bradley",Individual,Graduate Degree,Clerical
17523,28522,"Ma, Rosa","Ma, Rosa",Individual,Graduate Degree,Skilled Manual
17529,28528,"Chande, Tasha","Chande, Tasha",Individual,Partial College,Manual
17532,28531,"Reed, Jared","Reed, Jared",Individual,Bachelors,Clerical
17539,28538,"Sanz, Jerome","Sanz, Jerome",Individual,Partial High School,Manual
17544,28543,"Ye, Roger","Ye, Roger",Individual,Partial College,Clerical
17545,28544,"Shan, Nicolas","Shan, Nicolas",Individual,Partial College,Clerical
17549,28548,"Ortega, Krista","Ortega, Krista",Individual,Partial High School,Manual
17555,28554,"Sanders, Natalie","Sanders, Natalie",Individual,Bachelors,Skilled Manual
17556,28555,"Serrano, Monique","Serrano, Monique",Individual,Bachelors,Skilled Manual
17557,28556,"Gonzales, Isabel","Gonzales, Isabel",Individual,Bachelors,Skilled Manual
17559,28558,"Stone, Dawn","Stone, Dawn",Individual,Partial High School,Manual
17564,28563,"Cai, Dennis","Cai, Dennis",Individual,Partial College,Clerical
17565,28564,"Deng, Alisha","Deng, Alisha",Individual,Partial College,Clerical
17566,28565,"Allen, James","Allen, James",Individual,Partial High School,Manual
17567,28566,"Sun, Colin","Sun, Colin",Individual,Partial High School,Manual
17569,28568,"Alonso, Daisy","Alonso, Daisy",Individual,Partial College,Clerical
17572,28571,"Torres, Anna","Torres, Anna",Individual,Partial College,Clerical
17573,28572,"Ye, Jeffery","Ye, Jeffery",Individual,Partial College,Clerical
17574,28573,"Gill, Tyrone","Gill, Tyrone",Individual,Partial College,Clerical
17577,28576,"Uppal, Sunil","Uppal, Sunil",Individual,Graduate Degree,Skilled Manual
17578,28577,"Harris, Austin","Harris, Austin",Individual,Graduate Degree,Skilled Manual
17579,28578,"Rogers, Zoe","Rogers, Zoe",Individual,Graduate Degree,Skilled Manual
17580,28579,"Ross, Grace","Ross, Grace",Individual,Graduate Degree,Skilled Manual
17581,28580,"Liu, Aimee","Liu, Aimee",Individual,Graduate Degree,Skilled Manual
17583,28582,"Hall, Olivia","Hall, Olivia",Individual,Partial High School,Clerical
17584,28583,"Long, Ryan","Long, Ryan",Individual,High School,Clerical
17585,28584,"Smith, Rolando","Smith, Rolando",Individual,High School,Clerical
17586,28585,"Russell, Julian","Russell, Julian",Individual,High School,Clerical
17587,28586,"Diaz, Gabriel","Diaz, Gabriel",Individual,Partial College,Clerical
17588,28587,"Harris, Xavier","Harris, Xavier",Individual,Partial College,Clerical
17589,28588,"Griffin, Emma","Griffin, Emma",Individual,Partial College,Clerical
17591,28590,"Jai, Gabriel","Jai, Gabriel",Individual,Partial High School,Clerical
17592,28591,"Collins, Mary","Collins, Mary",Individual,Partial High School,Clerical
17593,28592,"Johnson, Alyssa","Johnson, Alyssa",Individual,Partial High School,Clerical
17594,28593,"Peterson, Faith","Peterson, Faith",Individual,Partial High School,Clerical
17595,28594,"Cooper, Sydney","Cooper, Sydney",Individual,Partial High School,Clerical
17596,28595,"James, Xavier","James, Xavier",Individual,Partial High School,Clerical
17597,28596,"Butler, Haley","Butler, Haley",Individual,Partial High School,Clerical
17598,28597,"Harris, Brianna","Harris, Brianna",Individual,Partial High School,Clerical
17599,28598,"Russell, Wyatt","Russell, Wyatt",Individual,High School,Clerical
17600,28599,"Perry, Stephanie","Perry, Stephanie",Individual,High School,Clerical
17602,28601,"Gonzales, Christian","Gonzales, Christian",Individual,High School,Clerical
17604,28603,"Bell, Brian","Bell, Brian",Individual,Partial High School,Clerical
17605,28604,"James, Allison","James, Allison",Individual,Partial High School,Clerical
17606,28605,"Coleman, Caleb","Coleman, Caleb",Individual,Partial High School,Clerical
17607,28606,"Wilson, Joshua","Wilson, Joshua",Individual,Partial High School,Clerical
17608,28607,"Sharma, Hunter","Sharma, Hunter",Individual,Partial High School,Clerical
17610,28609,"Harris, Jose","Harris, Jose",Individual,High School,Skilled Manual
17611,28610,"Bailey, Jacqueline","Bailey, Jacqueline",Individual,High School,Skilled Manual
17612,28611,"Alexander, Christian","Alexander, Christian",Individual,High School,Skilled Manual
17613,28612,"Roberts, Gabriel","Roberts, Gabriel",Individual,High School,Skilled Manual
17614,28613,"Campbell, James","Campbell, James",Individual,High School,Skilled Manual
17615,28614,"Jenkins, Luis","Jenkins, Luis",Individual,Partial High School,Clerical
17616,28615,"Flores, Jonathan","Flores, Jonathan",Individual,Partial High School,Clerical
17617,28616,"Harris, Sarah","Harris, Sarah",Individual,High School,Skilled Manual
17618,28617,"Davis, Noah","Davis, Noah",Individual,High School,Skilled Manual
17619,28618,"Bailey, Katelyn","Bailey, Katelyn",Individual,High School,Skilled Manual
17620,28619,"Bailey, Brianna","Bailey, Brianna",Individual,High School,Skilled Manual
17622,28621,"Liu, Kristen","Liu, Kristen",Individual,Partial College,Clerical
17623,28622,"Cooper, Julia","Cooper, Julia",Individual,Partial College,Clerical
17624,28623,"Turner, Marcus","Turner, Marcus",Individual,Partial College,Clerical
17626,28625,"Griffin, Logan","Griffin, Logan",Individual,Partial College,Clerical
17628,28627,"Collins, Edward","Collins, Edward",Individual,Partial College,Clerical
17629,28628,"Phillips, Courtney","Phillips, Courtney",Individual,Partial College,Clerical
17630,28629,"Madan, Cynthia","Madan, Cynthia",Individual,Partial College,Clerical
17633,28632,"Nath, Kathryn","Nath, Kathryn",Individual,Graduate Degree,Skilled Manual
17634,28633,"Howard, Christina","Howard, Christina",Individual,Graduate Degree,Skilled Manual
17635,28634,"Mitchell, Nathan","Mitchell, Nathan",Individual,Graduate Degree,Skilled Manual
17636,28635,"Gonzalez, Levi","Gonzalez, Levi",Individual,Graduate Degree,Skilled Manual
17637,28636,"Bryant, Victoria","Bryant, Victoria",Individual,Graduate Degree,Skilled Manual
17638,28637,"Lee, Brandon","Lee, Brandon",Individual,Graduate Degree,Skilled Manual
17639,28638,"Thompson, Alexandra","Thompson, Alexandra",Individual,Graduate Degree,Skilled Manual
17640,28639,"Morgan, Jacqueline","Morgan, Jacqueline",Individual,Graduate Degree,Skilled Manual
17642,28641,"Butler, Brittany","Butler, Brittany",Individual,Graduate Degree,Skilled Manual
17643,28642,"Ward, Lauren","Ward, Lauren",Individual,Graduate Degree,Skilled Manual
17644,28643,"Gray, Xavier","Gray, Xavier",Individual,Graduate Degree,Skilled Manual
17645,28644,"Chow, Martha","Chow, Martha",Individual,Graduate Degree,Skilled Manual
17646,28645,"Fernandez, Martin","Fernandez, Martin",Individual,Graduate Degree,Skilled Manual
17650,28649,"Martinez, Nathan","Martinez, Nathan",Individual,Graduate Degree,Skilled Manual
17652,28651,"Brown, Lauren","Brown, Lauren",Individual,Bachelors,Skilled Manual
17654,28653,"Williams, Grace","Williams, Grace",Individual,Bachelors,Skilled Manual
17655,28654,"Nelson, Miguel","Nelson, Miguel",Individual,Graduate Degree,Professional
17656,28655,"Smith, Devin","Smith, Devin",Individual,Bachelors,Skilled Manual
17658,28657,"Hayes, Ryan","Hayes, Ryan",Individual,Bachelors,Skilled Manual
17659,28658,"Bailey, Jasmine","Bailey, Jasmine",Individual,Bachelors,Skilled Manual
17661,28660,"Anderson, Justin","Anderson, Justin",Individual,Graduate Degree,Professional
17662,28661,"Ward, Dalton","Ward, Dalton",Individual,Graduate Degree,Professional
17663,28662,"Murphy, Isaiah","Murphy, Isaiah",Individual,Graduate Degree,Professional
17665,28664,"Sharma, Ashlee","Sharma, Ashlee",Individual,Bachelors,Skilled Manual
17666,28665,"Anand, Donna","Anand, Donna",Individual,Bachelors,Skilled Manual
17667,28666,"Zhu, Kelvin","Zhu, Kelvin",Individual,Bachelors,Skilled Manual
17668,28667,"Williams, Devin","Williams, Devin",Individual,Bachelors,Skilled Manual
17671,28670,"Gonzales, Julia","Gonzales, Julia",Individual,Graduate Degree,Professional
17672,28671,"Russell, Gabrielle","Russell, Gabrielle",Individual,Graduate Degree,Professional
17673,28672,"Johnson, Blake","Johnson, Blake",Individual,Graduate Degree,Professional
17674,28673,"Reed, Arianna","Reed, Arianna",Individual,Graduate Degree,Professional
17675,28674,"Yang, Nathan","Yang, Nathan",Individual,Graduate Degree,Professional
17676,28675,"Mitchell, Angel","Mitchell, Angel",Individual,Bachelors,Skilled Manual
17677,28676,"Bailey, Alex","Bailey, Alex",Individual,Bachelors,Skilled Manual
17678,28677,"Tang, Damien","Tang, Damien",Individual,Bachelors,Skilled Manual
17679,28678,"Adams, Ben","Adams, Ben",Individual,Bachelors,Skilled Manual
17680,28679,"Bryant, Julian","Bryant, Julian",Individual,Graduate Degree,Professional
17681,28680,"Brown, Hannah","Brown, Hannah",Individual,Graduate Degree,Professional
17682,28681,"Johnson, Victoria","Johnson, Victoria",Individual,Graduate Degree,Professional
17683,28682,"Perry, Cassidy","Perry, Cassidy",Individual,Graduate Degree,Professional
17685,28684,"Saunders, Kristi","Saunders, Kristi",Individual,High School,Manual
17687,28686,"Jai, Sheena","Jai, Sheena",Individual,High School,Manual
17688,28687,"Gutierrez, Javier","Gutierrez, Javier",Individual,High School,Manual
17689,28688,"Ye, Margaret","Ye, Margaret",Individual,Bachelors,Clerical
17692,28691,"Andersen, Alejandro","Andersen, Alejandro",Individual,Bachelors,Clerical
17699,28698,"Madan, Kristina","Madan, Kristina",Individual,Partial College,Manual
17700,28699,"Lu, Leah","Lu, Leah",Individual,Bachelors,Clerical
17701,28700,"Garcia, Summer","Garcia, Summer",Individual,Graduate Degree,Clerical
17702,28701,"Gill, Felicia","Gill, Felicia",Individual,Graduate Degree,Clerical
17703,28702,"Martin, Danny","Martin, Danny",Individual,Graduate Degree,Skilled Manual
17706,28705,"Powell, Ashley","Powell, Ashley",Individual,Partial College,Manual
17707,28706,"Ashe, Reginald","Ashe, Reginald",Individual,Partial College,Manual
17711,28710,"Vazquez, Tyrone","Vazquez, Tyrone",Individual,High School,Manual
17727,28726,"Liang, Kelli","Liang, Kelli",Individual,Partial High School,Manual
17742,28741,"Dominguez, Bruce","Dominguez, Bruce",Individual,Bachelors,Skilled Manual
17745,28744,"Xu, Jenny","Xu, Jenny",Individual,High School,Manual
17753,28752,"Subram, Andre","Subram, Andre",Individual,Partial College,Clerical
17755,28754,"Nara, Chad","Nara, Chad",Individual,Partial High School,Manual
17761,28760,"Hall, Lucas","Hall, Lucas",Individual,Partial College,Clerical
17762,28761,"Campbell, Robert","Campbell, Robert",Individual,Partial College,Clerical
17763,28762,"Henderson, Aaron","Henderson, Aaron",Individual,Partial College,Clerical
17764,28763,"Pal, Mohamed","Pal, Mohamed",Individual,Partial College,Clerical
17765,28764,"Rubio, Frank","Rubio, Frank",Individual,Partial College,Clerical
17766,28765,"Gonzales, Abigail","Gonzales, Abigail (28765)",Individual,Graduate Degree,Skilled Manual
17769,28768,"Rodriguez, Emmanuel","Rodriguez, Emmanuel",Individual,Graduate Degree,Skilled Manual
17770,28769,"Foster, Brianna","Foster, Brianna",Individual,Graduate Degree,Skilled Manual
17771,28770,"James, Sebastian","James, Sebastian",Individual,Graduate Degree,Skilled Manual
17773,28772,"Hughes, Eric","Hughes, Eric",Individual,High School,Clerical
17774,28773,"Malhotra, Gerald","Malhotra, Gerald",Individual,High School,Clerical
17775,28774,"Rowe, Latasha","Rowe, Latasha",Individual,High School,Clerical
17776,28775,"Anderson, Morgan","Anderson, Morgan",Individual,Partial College,Clerical
17777,28776,"Morris, Abigail","Morris, Abigail",Individual,Partial High School,Clerical
17778,28777,"Wood, Brittany","Wood, Brittany",Individual,Partial High School,Clerical
17781,28780,"Griffin, Melissa","Griffin, Melissa",Individual,Partial High School,Clerical
17782,28781,"Collins, Alex","Collins, Alex",Individual,Partial High School,Clerical
17783,28782,"Howard, Cody","Howard, Cody",Individual,High School,Skilled Manual
17784,28783,"Rivera, Makayla","Rivera, Makayla",Individual,Partial High School,Clerical
17785,28784,"Gomez, Briana","Gomez, Briana",Individual,Partial High School,Clerical
17786,28785,"Foster, Jose","Foster, Jose",Individual,Partial High School,Clerical
17787,28786,"Prasad, Erick","Prasad, Erick",Individual,Partial High School,Clerical
17788,28787,"Wood, Gabrielle","Wood, Gabrielle",Individual,Partial High School,Clerical
17789,28788,"Martinez, Dominique","Martinez, Dominique",Individual,High School,Skilled Manual
17790,28789,"Zhang, Elijah","Zhang, Elijah",Individual,High School,Skilled Manual
17791,28790,"Howard, Seth","Howard, Seth",Individual,High School,Skilled Manual
17792,28791,"Johnston, Richard","Johnston, Richard",Individual,Partial College,Clerical
17793,28792,"Stone, Henry","Stone, Henry",Individual,Partial College,Clerical
17794,28793,"Jackson, Alexander","Jackson, Alexander",Individual,Partial College,Clerical
17795,28794,"Cooper, Juan","Cooper, Juan",Individual,Partial College,Clerical
17796,28795,"Allen, Jesse","Allen, Jesse",Individual,Partial College,Clerical
17797,28796,"Coleman, Cameron","Coleman, Cameron",Individual,Partial College,Clerical
17798,28797,"Wood, Alexandra","Wood, Alexandra",Individual,Partial College,Clerical
17800,28799,"Nelson, Amber","Nelson, Amber",Individual,Partial College,Clerical
17801,28800,"Sanchez, Mason","Sanchez, Mason",Individual,Partial College,Clerical
17802,28801,"Hall, Katelyn","Hall, Katelyn",Individual,Graduate Degree,Skilled Manual
17804,28803,"Edwards, Gabriella","Edwards, Gabriella",Individual,Graduate Degree,Skilled Manual
17805,28804,"Allen, Wyatt","Allen, Wyatt",Individual,Graduate Degree,Skilled Manual
17806,28805,"Bennett, Marissa","Bennett, Marissa",Individual,Graduate Degree,Skilled Manual
17807,28806,"Hernandez, Randall","Hernandez, Randall",Individual,Graduate Degree,Skilled Manual
17816,28815,"James, Lauren","James, Lauren",Individual,Graduate Degree,Skilled Manual
17817,28816,"Cox, Jessica","Cox, Jessica",Individual,Graduate Degree,Skilled Manual
17821,28820,"Alvarez, Naomi","Alvarez, Naomi",Individual,Bachelors,Skilled Manual
17822,28821,"Jackson, Blake","Jackson, Blake",Individual,Bachelors,Skilled Manual
17823,28822,"Alexander, Amanda","Alexander, Amanda",Individual,Bachelors,Skilled Manual
17824,28823,"Brown, Xavier","Brown, Xavier",Individual,Graduate Degree,Skilled Manual
17825,28824,"Gonzales, Brandon","Gonzales, Brandon",Individual,Graduate Degree,Skilled Manual
17826,28825,"Hernandez, Caleb","Hernandez, Caleb",Individual,Graduate Degree,Skilled Manual
17827,28826,"Sharma, Jack","Sharma, Jack",Individual,Graduate Degree,Skilled Manual
17828,28827,"Robinson, Joshua","Robinson, Joshua",Individual,Graduate Degree,Professional
17829,28828,"Murphy, Andrea","Murphy, Andrea",Individual,Graduate Degree,Professional
17830,28829,"Bryant, Robert","Bryant, Robert",Individual,Bachelors,Skilled Manual
17831,28830,"Smith, Matthew","Smith, Matthew",Individual,Bachelors,Skilled Manual
17832,28831,"Harris, Elizabeth","Harris, Elizabeth",Individual,Bachelors,Skilled Manual
17834,28833,"Harris, Abigail","Harris, Abigail",Individual,Bachelors,Skilled Manual
17836,28835,"Phillips, Elijah","Phillips, Elijah",Individual,Bachelors,Skilled Manual
17839,28838,"Ross, Jasmine","Ross, Jasmine",Individual,Graduate Degree,Professional
17840,28839,"Parker, Connor","Parker, Connor",Individual,Graduate Degree,Professional
17841,28840,"Harrison, Valerie","Harrison, Valerie",Individual,Graduate Degree,Professional
17842,28841,"Gonzales, Samuel","Gonzales, Samuel",Individual,Graduate Degree,Professional
17843,28842,"Bailey, Nicole","Bailey, Nicole",Individual,Graduate Degree,Professional
17857,28856,"Wang, Luke","Wang, Luke",Individual,Bachelors,Skilled Manual
17858,28857,"Johnson, Matthew","Johnson, Matthew",Individual,Bachelors,Skilled Manual
17859,28858,"Hughes, Aidan","Hughes, Aidan",Individual,Bachelors,Skilled Manual
17860,28859,"Cai, Micah","Cai, Micah",Individual,Bachelors,Skilled Manual
17861,28860,"Anderson, Ian","Anderson, Ian",Individual,Graduate Degree,Professional
17862,28861,"Walker, Alexandra","Walker, Alexandra",Individual,High School,Skilled Manual
17863,28862,"Ramirez, Catherine","Ramirez, Catherine",Individual,High School,Skilled Manual
17864,28863,"Bell, Allison","Bell, Allison",Individual,Partial College,Skilled Manual
17865,28864,"Murphy, Natalie","Murphy, Natalie",Individual,Partial College,Skilled Manual
17866,28865,"Reed, Alex","Reed, Alex",Individual,Partial College,Skilled Manual
17867,28866,"Adams, Aaron","Adams, Aaron",Individual,Partial College,Skilled Manual
17868,28867,"Martinez, Natalie","Martinez, Natalie",Individual,Partial College,Skilled Manual
17869,28868,"Chen, Jason","Chen, Jason",Individual,Partial College,Skilled Manual
17870,28869,"Howard, Isabella","Howard, Isabella",Individual,Partial College,Skilled Manual
17871,28870,"Watson, Brian","Watson, Brian",Individual,Partial College,Skilled Manual
17872,28871,"West, Jasmine","West, Jasmine",Individual,Partial College,Skilled Manual
17874,28873,"Deng, Roger","Deng, Roger",Individual,Partial College,Professional
17875,28874,"Brooks, Alexa","Brooks, Alexa",Individual,Partial College,Professional
17877,28876,"Garcia, Austin","Garcia, Austin",Individual,Partial College,Professional
17888,28887,"Serrano, Casey","Serrano, Casey",Individual,Partial High School,Professional
17890,28889,"Beck, Alison","Beck, Alison",Individual,Bachelors,Management
17891,28890,"Ma, Jaclyn","Ma, Jaclyn",Individual,Partial College,Professional
17896,28895,"Luo, Mitchell","Luo, Mitchell",Individual,Bachelors,Management
17901,28900,"Price, Jasmine","Price, Jasmine",Individual,Bachelors,Management
17902,28901,"Hee, Martha","Hee, Martha",Individual,Bachelors,Management
17903,28902,"She, Suzanne","She, Suzanne",Individual,Bachelors,Management
17921,28920,"Alvarez, Renée","Alvarez, Renée",Individual,High School,Management
17966,28965,"Morris, Trinity","Morris, Trinity",Individual,High School,Professional
17967,28966,"Li, Martha","Li, Martha",Individual,High School,Professional
17968,28967,"Morris, Jessica","Morris, Jessica",Individual,High School,Professional
17969,28968,"Morgan, Marcus","Morgan, Marcus",Individual,High School,Professional
17970,28969,"Flores, Eduardo","Flores, Eduardo",Individual,High School,Professional
17971,28970,"Peterson, Danielle","Peterson, Danielle",Individual,Graduate Degree,Management
17972,28971,"Shan, Jason","Shan, Jason",Individual,Graduate Degree,Management
17973,28972,"Bennett, Taylor","Bennett, Taylor",Individual,Graduate Degree,Management
17974,28973,"Cooper, Bryan","Cooper, Bryan",Individual,Graduate Degree,Management
17975,28974,"Hayes, Kelly","Hayes, Kelly",Individual,Graduate Degree,Management
17976,28975,"Gill, Walter","Gill, Walter",Individual,High School,Professional
17978,28977,"Nelson, Carlos","Nelson, Carlos",Individual,Bachelors,Management
17979,28978,"Watson, Alexandria","Watson, Alexandria",Individual,Bachelors,Management
17980,28979,"Williams, Matthew","Williams, Matthew",Individual,Bachelors,Management
17981,28980,"Watson, Alyssa","Watson, Alyssa",Individual,Bachelors,Management
17982,28981,"Jai, Luke","Jai, Luke",Individual,Graduate Degree,Management
17983,28982,"Watson, Sydney","Watson, Sydney",Individual,Bachelors,Management
17984,28983,"Lopez, Sean","Lopez, Sean",Individual,Bachelors,Management
17985,28984,"Cox, Katherine","Cox, Katherine",Individual,Bachelors,Management
17986,28985,"Taylor, Andrew","Taylor, Andrew",Individual,Bachelors,Management
17988,28987,"Harris, Jessica","Harris, Jessica",Individual,Bachelors,Management
17989,28988,"Perez, Harold","Perez, Harold",Individual,Partial High School,Clerical
17990,28989,"Cox, Angela","Cox, Angela",Individual,Partial High School,Clerical
17991,28990,"Raman, Ann","Raman, Ann",Individual,Partial High School,Clerical
17992,28991,"Ward, Timothy","Ward, Timothy",Individual,High School,Professional
17994,28993,"Perry, Destiny","Perry, Destiny",Individual,Partial High School,Clerical
17995,28994,"Hayes, Noah","Hayes, Noah",Individual,High School,Professional
17996,28995,"Wright, Alexandra","Wright, Alexandra",Individual,High School,Professional
17998,28997,"Carlson, Hector","Carlson, Hector",Individual,High School,Professional
17999,28998,"Rodriguez, Kristina","Rodriguez, Kristina",Individual,High School,Professional
18000,28999,"Martinez, Edward","Martinez, Edward",Individual,Bachelors,Management
18001,29000,"Baker, Nathan","Baker, Nathan",Individual,Bachelors,Management
18003,29002,"Walker, Hannah","Walker, Hannah",Individual,Partial College,Professional
18004,29003,"Perez, Veronica","Perez, Veronica",Individual,Partial College,Professional
18005,29004,"Thomas, Andrew","Thomas, Andrew",Individual,Bachelors,Management
18007,29006,"Kumar, Christian","Kumar, Christian",Individual,Partial College,Professional
18008,29007,"Perry, Elijah","Perry, Elijah",Individual,Partial College,Professional
18009,29008,"Luo, Andres","Luo, Andres",Individual,Bachelors,Management
18010,29009,"Arun, Stanley","Arun, Stanley",Individual,Bachelors,Management
18011,29010,"Long, Jennifer","Long, Jennifer",Individual,Bachelors,Management
18012,29011,"Roberts, Allison","Roberts, Allison",Individual,Partial College,Professional
18015,29014,"Powell, Ryan","Powell, Ryan",Individual,Partial College,Professional
18016,29015,"Murphy, Trinity","Murphy, Trinity",Individual,Partial College,Professional
18017,29016,"Perez, Jackson","Perez, Jackson",Individual,Partial College,Professional
18018,29017,"Long, Gabriel","Long, Gabriel",Individual,High School,Professional
18019,29018,"Luo, Drew","Luo, Drew",Individual,Partial College,Professional
18020,29019,"Morris, Isaiah","Morris, Isaiah",Individual,Partial College,Professional
18021,29020,"Young, Jackson","Young, Jackson",Individual,Bachelors,Management
18023,29022,"Diaz, Sydney","Diaz, Sydney",Individual,High School,Professional
18024,29023,"Campbell, Dalton","Campbell, Dalton",Individual,Partial College,Professional
18025,29024,"Blanco, Deanna","Blanco, Deanna",Individual,Partial College,Professional
18026,29025,"Hayes, Miguel","Hayes, Miguel",Individual,Partial College,Professional
18027,29026,"Mitchell, Sydney","Mitchell, Sydney",Individual,Partial High School,Skilled Manual
18029,29028,"Parker, Samuel","Parker, Samuel",Individual,Partial High School,Skilled Manual
18030,29029,"Bennett, Marcus","Bennett, Marcus",Individual,Partial High School,Skilled Manual
18031,29030,"Adams, Jeremy","Adams, Jeremy",Individual,Partial High School,Skilled Manual
18032,29031,"Chen, Brandon","Chen, Brandon",Individual,Partial High School,Skilled Manual
18033,29032,"Ramirez, Taylor","Ramirez, Taylor",Individual,Partial High School,Skilled Manual
18034,29033,"Cooper, Natalie","Cooper, Natalie",Individual,High School,Professional
18035,29034,"Patterson, Jonathan","Patterson, Jonathan",Individual,High School,Professional
18036,29035,"Scott, Elijah","Scott, Elijah",Individual,Partial High School,Skilled Manual
18037,29036,"Baker, Rebecca","Baker, Rebecca",Individual,Partial High School,Skilled Manual
18039,29038,"Hughes, Vanessa","Hughes, Vanessa",Individual,Graduate Degree,Professional
18040,29039,"Hayes, Xavier","Hayes, Xavier",Individual,Graduate Degree,Professional
18041,29040,"Liu, Colleen","Liu, Colleen",Individual,Graduate Degree,Professional
18045,29044,"Wilson, Olivia","Wilson, Olivia",Individual,Bachelors,Management
18046,29045,"Jones, Anna","Jones, Anna",Individual,Graduate Degree,Management
18047,29046,"Richardson, Gabriella","Richardson, Gabriella",Individual,Bachelors,Management
18049,29048,"Harris, William","Harris, William",Individual,Bachelors,Management
18050,29049,"Simmons, Kelly","Simmons, Kelly",Individual,High School,Skilled Manual
18051,29050,"Russell, Jack","Russell, Jack",Individual,Partial College,Skilled Manual
18052,29051,"She, Michele","She, Michele",Individual,Partial College,Skilled Manual
18053,29052,"Peterson, Ian","Peterson, Ian",Individual,Partial College,Skilled Manual
18057,29056,"Griffin, Angelica","Griffin, Angelica",Individual,Partial College,Skilled Manual
18058,29057,"Andersen, Latoya","Andersen, Latoya",Individual,Partial College,Skilled Manual
18059,29058,"Reed, Olivia","Reed, Olivia",Individual,Partial College,Skilled Manual
18060,29059,"Perry, Jocelyn","Perry, Jocelyn",Individual,Partial College,Skilled Manual
18061,29060,"Washington, David","Washington, David",Individual,Partial College,Skilled Manual
18071,29070,"Simmons, Arianna","Simmons, Arianna",Individual,Partial College,Skilled Manual
18074,29073,"Barnes, Melanie","Barnes, Melanie",Individual,Bachelors,Professional
18075,29074,"Long, Joan","Long, Joan",Individual,Partial College,Skilled Manual
18076,29075,"Wright, Jack","Wright, Jack",Individual,Partial College,Skilled Manual
18077,29076,"Miller, Megan","Miller, Megan",Individual,Partial College,Skilled Manual
18078,29077,"Henderson, Blake","Henderson, Blake",Individual,Partial College,Skilled Manual
18079,29078,"Sanders, Victoria","Sanders, Victoria",Individual,Partial College,Skilled Manual
18080,29079,"Rogers, Brian","Rogers, Brian",Individual,Partial College,Skilled Manual
18090,29089,"Henderson, Noah","Henderson, Noah",Individual,Bachelors,Professional
18106,29105,"Ma, Martha","Ma, Martha",Individual,High School,Skilled Manual
18107,29106,"Beck, Calvin","Beck, Calvin",Individual,High School,Skilled Manual
18108,29107,"Luo, Tonya","Luo, Tonya",Individual,High School,Skilled Manual
18109,29108,"Evans, Seth","Evans, Seth",Individual,Partial College,Skilled Manual
18110,29109,"Miller, Elizabeth","Miller, Elizabeth",Individual,High School,Skilled Manual
18111,29110,"Smith, Sydney","Smith, Sydney",Individual,Partial College,Skilled Manual
18112,29111,"Anand, Dale","Anand, Dale",Individual,Partial College,Professional
18113,29112,"Powell, Edward","Powell, Edward",Individual,Partial College,Professional
18126,29125,"Reed, Andrea","Reed, Andrea",Individual,Partial College,Professional
18127,29126,"Cox, Chloe","Cox, Chloe",Individual,Partial College,Professional
18128,29127,"Murphy, Bryan","Murphy, Bryan",Individual,Bachelors,Management
18129,29128,"Reed, Alyssa","Reed, Alyssa",Individual,Graduate Degree,Management
18130,29129,"Watson, Timothy","Watson, Timothy",Individual,Graduate Degree,Management
18132,29131,"Coleman, Brandon","Coleman, Brandon",Individual,Bachelors,Professional
18133,29132,"Cook, Brianna","Cook, Brianna",Individual,Bachelors,Professional
18134,29133,"King, Sydney","King, Sydney",Individual,Bachelors,Skilled Manual
18135,29134,"Dominguez, Pedro","Dominguez, Pedro",Individual,Bachelors,Skilled Manual
18137,29136,"Bryant, Caroline","Bryant, Caroline",Individual,Bachelors,Skilled Manual
18139,29138,"Wood, Eduardo","Wood, Eduardo",Individual,Bachelors,Professional
18140,29139,"Coleman, Riley","Coleman, Riley",Individual,Graduate Degree,Professional
18141,29140,"Ward, Richard","Ward, Richard",Individual,Graduate Degree,Professional
18142,29141,"Wang, Suzanne","Wang, Suzanne",Individual,Bachelors,Professional
18143,29142,"Smith, Ashley","Smith, Ashley",Individual,Bachelors,Professional
18144,29143,"Jenkins, Grace","Jenkins, Grace",Individual,Bachelors,Professional
18145,29144,"Zhang, Brandon","Zhang, Brandon",Individual,Partial College,Skilled Manual
18146,29145,"Gray, Shelby","Gray, Shelby",Individual,Partial College,Skilled Manual
18147,29146,"Henderson, Ian","Henderson, Ian",Individual,Partial College,Skilled Manual
18148,29147,"Roberts, Mary","Roberts, Mary",Individual,High School,Skilled Manual
18149,29148,"Murphy, Gabriella","Murphy, Gabriella",Individual,High School,Skilled Manual
18151,29150,"Griffin, Wyatt","Griffin, Wyatt",Individual,Partial College,Skilled Manual
18152,29151,"Long, Caroline","Long, Caroline",Individual,Partial College,Skilled Manual
18154,29153,"Arun, Pedro","Arun, Pedro",Individual,Bachelors,Professional
18156,29155,"Kelly, Gabriella","Kelly, Gabriella",Individual,Partial College,Skilled Manual
18157,29156,"Barnes, Ashley","Barnes, Ashley",Individual,Graduate Degree,Professional
18158,29157,"Powell, Seth","Powell, Seth",Individual,Graduate Degree,Professional
18159,29158,"Edwards, Ian","Edwards, Ian",Individual,Partial College,Skilled Manual
18161,29160,"Baker, Logan","Baker, Logan",Individual,Bachelors,Professional
18162,29161,"Martinez, Thomas","Martinez, Thomas",Individual,Bachelors,Professional
18163,29162,"Murphy, Xavier","Murphy, Xavier",Individual,Bachelors,Professional
18164,29163,"Murphy, Mason","Murphy, Mason",Individual,Bachelors,Professional
18165,29164,"James, Jennifer","James, Jennifer",Individual,Bachelors,Professional
18167,29166,"Hernandez, Jaime","Hernandez, Jaime",Individual,Graduate Degree,Professional
18168,29167,"Shen, Dawn","Shen, Dawn",Individual,Graduate Degree,Professional
18169,29168,"Romero, Derrick","Romero, Derrick",Individual,Graduate Degree,Professional
18170,29169,"Bailey, Victoria","Bailey, Victoria",Individual,Bachelors,Professional
18171,29170,"Adams, Alexandra","Adams, Alexandra",Individual,Bachelors,Professional
18172,29171,"Alvarez, Jay","Alvarez, Jay",Individual,Graduate Degree,Professional
18173,29172,"Carson, Arturo","Carson, Arturo",Individual,Bachelors,Professional
18174,29173,"Bradley, Richard","Bradley, Richard",Individual,Bachelors,Professional
18175,29174,"Parker, Richard","Parker, Richard",Individual,Graduate Degree,Professional
18176,29175,"Rivera, Sean","Rivera, Sean",Individual,Graduate Degree,Professional
18178,29177,"Martin, Frank","Martin, Frank",Individual,Graduate Degree,Management
18199,29198,"Ramirez, Faith","Ramirez, Faith",Individual,Partial High School,Skilled Manual
18200,29199,"Wilson, James","Wilson, James",Individual,Partial High School,Skilled Manual
18201,29200,"Collins, Jackson","Collins, Jackson",Individual,High School,Professional
18202,29201,"Jai, Kara","Jai, Kara",Individual,Partial College,Professional
18203,29202,"Kumar, Jerry","Kumar, Jerry",Individual,Partial College,Professional
18204,29203,"Hu, Laura","Hu, Laura",Individual,Partial College,Professional
18205,29204,"Sharma, Austin","Sharma, Austin",Individual,Partial College,Professional
18206,29205,"Long, David","Long, David",Individual,Partial High School,Skilled Manual
18207,29206,"Anderson, Nicholas","Anderson, Nicholas",Individual,Partial High School,Skilled Manual
18208,29207,"James, Katelyn","James, Katelyn",Individual,High School,Professional
18209,29208,"Lopez, Amber","Lopez, Amber",Individual,High School,Professional
18211,29210,"Peterson, Devin","Peterson, Devin",Individual,Bachelors,Management
18212,29211,"Ross, Stephanie","Ross, Stephanie",Individual,Bachelors,Management
18213,29212,"Gonzales, Jocelyn","Gonzales, Jocelyn",Individual,Bachelors,Management
18216,29215,"Barnes, Abigail","Barnes, Abigail (29215)",Individual,Partial College,Professional
18217,29216,"Wood, Antonio","Wood, Antonio",Individual,Partial College,Professional
18218,29217,"Wilson, Alexis","Wilson, Alexis",Individual,Partial College,Professional
18219,29218,"Moore, Brandon","Moore, Brandon",Individual,Partial College,Professional
18220,29219,"Arun, Darren","Arun, Darren",Individual,Graduate Degree,Management
18221,29220,"Ramos, Melinda","Ramos, Melinda",Individual,Graduate Degree,Management
18222,29221,"Bennett, Kelly","Bennett, Kelly",Individual,Bachelors,Management
18223,29222,"Perez, Evan","Perez, Evan",Individual,Bachelors,Management
18224,29223,"Phillips, Angel","Phillips, Angel",Individual,Partial College,Professional
18225,29224,"Bailey, Kaylee","Bailey, Kaylee",Individual,Partial College,Professional
18226,29225,"Lee, Matthew","Lee, Matthew",Individual,Partial College,Professional
18227,29226,"Lee, Katherine","Lee, Katherine",Individual,Graduate Degree,Management
18228,29227,"Patel, Levi","Patel, Levi",Individual,Graduate Degree,Management
18229,29228,"Campbell, Courtney","Campbell, Courtney",Individual,Graduate Degree,Management
18233,29232,"Simmons, Samantha","Simmons, Samantha",Individual,Partial College,Professional
18234,29233,"Sanders, Caitlin","Sanders, Caitlin",Individual,Partial College,Professional
18235,29234,"Lopez, Kevin","Lopez, Kevin",Individual,Bachelors,Management
18236,29235,"Rogers, Isaiah","Rogers, Isaiah",Individual,Partial College,Professional
18237,29236,"Young, Eric","Young, Eric",Individual,Partial College,Professional
18238,29237,"Jenkins, Jennifer","Jenkins, Jennifer",Individual,Partial College,Professional
18239,29238,"Powell, Xavier","Powell, Xavier",Individual,Partial College,Professional
18240,29239,"Miller, Samantha","Miller, Samantha",Individual,Partial College,Professional
18242,29241,"Evans, Sophia","Evans, Sophia",Individual,Partial College,Professional
18243,29242,"Thomas, Blake","Thomas, Blake",Individual,Partial College,Professional
18244,29243,"Torres, Jared","Torres, Jared",Individual,Bachelors,Management
18245,29244,"Ross, Eric","Ross, Eric",Individual,Bachelors,Management
18246,29245,"Roberts, Angel","Roberts, Angel",Individual,Bachelors,Management
18247,29246,"Williams, Thomas","Williams, Thomas",Individual,Bachelors,Management
18249,29248,"Martin, Jonathan","Martin, Jonathan",Individual,High School,Professional
18250,29249,"Long, Austin","Long, Austin",Individual,High School,Professional
18251,29250,"Williams, Anthony","Williams, Anthony",Individual,Partial College,Professional
18252,29251,"Zhou, Mandy","Zhou, Mandy",Individual,Bachelors,Management
18253,29252,"Parker, Alex","Parker, Alex",Individual,Bachelors,Management
18254,29253,"Green, Savannah","Green, Savannah",Individual,Bachelors,Management
18255,29254,"Sanchez, Erin","Sanchez, Erin",Individual,High School,Professional
18256,29255,"Washington, Kyle","Washington, Kyle",Individual,Partial College,Professional
18258,29257,"Russell, Jeremiah","Russell, Jeremiah",Individual,High School,Professional
18259,29258,"James, Makayla","James, Makayla",Individual,High School,Professional
18261,29260,"Carlson, Ricky","Carlson, Ricky",Individual,Graduate Degree,Management
18262,29261,"Turner, Robert","Turner, Robert",Individual,Graduate Degree,Management
18263,29262,"Raje, Cassie","Raje, Cassie",Individual,Graduate Degree,Management
18264,29263,"Li, Nathan","Li, Nathan",Individual,Graduate Degree,Management
18265,29264,"Brooks, Riley","Brooks, Riley",Individual,Bachelors,Management
18266,29265,"Diaz, Marissa","Diaz, Marissa",Individual,Bachelors,Management
18269,29268,"Thomas, Marcus","Thomas, Marcus",Individual,High School,Professional
18270,29269,"Griffin, Vanessa","Griffin, Vanessa",Individual,High School,Professional
18271,29270,"Allen, Carlos","Allen, Carlos",Individual,Partial College,Professional
18272,29271,"Henderson, Antonio","Henderson, Antonio",Individual,Partial College,Professional
18273,29272,"King, Alex","King, Alex",Individual,Partial College,Professional
18274,29273,"Lopez, Timothy","Lopez, Timothy",Individual,Partial College,Professional
18275,29274,"Green, Miguel","Green, Miguel",Individual,High School,Professional
18276,29275,"Thomas, Taylor","Thomas, Taylor",Individual,Graduate Degree,Management
18277,29276,"Flores, Sydney","Flores, Sydney",Individual,Graduate Degree,Management
18279,29278,"Scott, Janet","Scott, Janet",Individual,Graduate Degree,Management
18280,29279,"Turner, Hailey","Turner, Hailey",Individual,Graduate Degree,Management
18281,29280,"Cook, Erin","Cook, Erin",Individual,Partial College,Professional
18284,29283,"Smith, Jeff","Smith, Jeff",Individual,High School,Professional
18285,29284,"Hughes, Riley","Hughes, Riley",Individual,High School,Professional
18286,29285,"Adams, Thomas","Adams, Thomas",Individual,High School,Professional
18323,29322,"Alexander, Gavin","Alexander, Gavin",Individual,High School,Skilled Manual
18325,29324,"Williams, Kayla","Williams, Kayla",Individual,High School,Skilled Manual
18326,29325,"Thomas, Cameron","Thomas, Cameron",Individual,High School,Skilled Manual
18327,29326,"Diaz, Victoria","Diaz, Victoria",Individual,High School,Skilled Manual
18328,29327,"Chandra, Allen","Chandra, Allen",Individual,High School,Skilled Manual
18329,29328,"Alexander, Jason","Alexander, Jason",Individual,High School,Skilled Manual
18330,29329,"Campbell, Lucas","Campbell, Lucas",Individual,High School,Skilled Manual
18331,29330,"Ward, Alexa","Ward, Alexa",Individual,High School,Skilled Manual
18335,29334,"Howard, Paige","Howard, Paige",Individual,Partial High School,Clerical
18336,29335,"Bryant, Justin","Bryant, Justin",Individual,Partial High School,Clerical
18349,29348,"Bryant, Miguel","Bryant, Miguel",Individual,Bachelors,Skilled Manual
18350,29349,"Bryant, Gabrielle","Bryant, Gabrielle",Individual,Bachelors,Skilled Manual
18351,29350,"Thompson, Julia","Thompson, Julia",Individual,Bachelors,Skilled Manual
18353,29352,"Gonzalez, Lydia","Gonzalez, Lydia",Individual,Bachelors,Skilled Manual
18354,29353,"Gomez, Orlando","Gomez, Orlando",Individual,Bachelors,Skilled Manual
18355,29354,"Edwards, Isaiah","Edwards, Isaiah",Individual,Graduate Degree,Professional
18356,29355,"Fernandez, Virginia","Fernandez, Virginia",Individual,Graduate Degree,Clerical
18357,29356,"Diaz, Casey","Diaz, Casey",Individual,Graduate Degree,Clerical
18363,29362,"Chandra, Emmanuel","Chandra, Emmanuel",Individual,Partial College,Manual
18364,29363,"Jai, Cristina","Jai, Cristina",Individual,Partial College,Manual
18366,29365,"Carlson, Cheryl","Carlson, Cheryl",Individual,High School,Manual
18371,29370,"Kelly, Mason","Kelly, Mason",Individual,Bachelors,Clerical
18372,29371,"Walker, Matthew","Walker, Matthew",Individual,High School,Manual
18375,29374,"Sai, Shane","Sai, Shane",Individual,High School,Manual
18376,29375,"Malhotra, Sergio","Malhotra, Sergio",Individual,High School,Manual
18378,29377,"Carlson, Rebekah","Carlson, Rebekah",Individual,Bachelors,Skilled Manual
18382,29381,"Shen, Melvin","Shen, Melvin",Individual,High School,Manual
18386,29385,"Lal, Don","Lal, Don",Individual,High School,Manual
18392,29391,"Chandra, Ebony","Chandra, Ebony",Individual,Bachelors,Professional
18395,29394,"Torres, Raquel","Torres, Raquel",Individual,Partial College,Clerical
18397,29396,"Zeng, Arturo","Zeng, Arturo",Individual,Bachelors,Skilled Manual
18399,29398,"Suri, Bruce","Suri, Bruce",Individual,Bachelors,Professional
18400,29399,"Gomez, Janet","Gomez, Janet",Individual,Bachelors,Professional
18401,29400,"Browning, Marvin","Browning, Marvin",Individual,Bachelors,Skilled Manual
18404,29403,"Romero, Erik","Romero, Erik",Individual,Bachelors,Skilled Manual
18407,29406,"Ward, Melissa","Ward, Melissa",Individual,Partial High School,Manual
18410,29409,"Pal, Kelsey","Pal, Kelsey",Individual,Partial College,Clerical
18411,29410,"Price, Lucas","Price, Lucas",Individual,Partial College,Clerical
18418,29417,"Vazquez, Kellie","Vazquez, Kellie",Individual,Partial High School,Manual
18419,29418,"Sharma, Lindsey","Sharma, Lindsey",Individual,High School,Manual
18425,29424,"Gill, Erik","Gill, Erik",Individual,Partial High School,Manual
18429,29428,"Perez, Kristopher","Perez, Kristopher",Individual,Partial High School,Manual
18431,29430,"Goel, Donna","Goel, Donna",Individual,Partial College,Clerical
18435,29434,"Yuan, Donna","Yuan, Donna",Individual,Bachelors,Manual
18436,29435,"Rodriguez, Stanley","Rodriguez, Stanley",Individual,Bachelors,Manual
18437,29436,"Raman, Adriana","Raman, Adriana",Individual,Bachelors,Manual
18439,29438,"Fernandez, Terrance","Fernandez, Terrance",Individual,Graduate Degree,Clerical
18441,29440,"Cai, Rafael","Cai, Rafael",Individual,Graduate Degree,Clerical
18442,29441,"Patel, Adriana","Patel, Adriana",Individual,Graduate Degree,Clerical
18443,29442,"Yuan, Damien","Yuan, Damien",Individual,Bachelors,Manual
18447,29446,"Ma, Jamie","Ma, Jamie",Individual,Graduate Degree,Clerical
18449,29448,"Yuan, Lindsey","Yuan, Lindsey",Individual,Partial College,Manual
18450,29449,"Chen, Laura","Chen, Laura",Individual,Bachelors,Clerical
18467,29466,"Jimenez, Lance","Jimenez, Lance",Individual,Bachelors,Clerical
18468,29467,"Mehta, Monica","Mehta, Monica",Individual,Graduate Degree,Clerical
18475,29474,"Raje, Jaime","Raje, Jaime",Individual,Partial College,Manual
18476,29475,"Ward, Jared","Ward, Jared",Individual,Partial College,Manual
18477,29476,"Bradley, Elizabeth","Bradley, Elizabeth",Individual,Partial College,Manual
18482,29481,"Suri, Ivan","Suri, Ivan",Individual,Graduate Degree,Clerical
18766,CS434,,Business CS434,Business Account,Not Applicable,Not Applicable
18774,CS445,,Business CS445,Business Account,Not Applicable,Not Applicable
18776,CS450,,Business CS450,Business Account,Not Applicable,Not Applicable
18777,CS451,,Business CS451,Business Account,Not Applicable,Not Applicable
18782,CS458,,Business CS458,Business Account,Not Applicable,Not Applicable
18784,CS461,,Business CS461,Business Account,Not Applicable,Not Applicable
18785,CS462,,Business CS462,Business Account,Not Applicable,Not Applicable
18786,CS463,,Business CS463,Business Account,Not Applicable,Not Applicable
18788,CS465,,Business CS465,Business Account,Not Applicable,Not Applicable
18791,CS469,,Business CS469,Business Account,Not Applicable,Not Applicable
18792,CS470,,Business CS470,Business Account,Not Applicable,Not Applicable
18795,CS479,,Business CS479,Business Account,Not Applicable,Not Applicable
18796,CS494,,Business CS494,Business Account,Not Applicable,Not Applicable
18797,CS495,,Business CS495,Business Account,Not Applicable,Not Applicable
18798,CS500,,Business CS500,Business Account,Not Applicable,Not Applicable
18799,CS502,,Business CS502,Business Account,Not Applicable,Not Applicable
18800,CS507,,Business CS507,Business Account,Not Applicable,Not Applicable
18801,CS508,,Business CS508,Business Account,Not Applicable,Not Applicable
18802,CS516,,Business CS516,Business Account,Not Applicable,Not Applicable
18803,CS520,,Business CS520,Business Account,Not Applicable,Not Applicable
18804,CS522,,Business CS522,Business Account,Not Applicable,Not Applicable
18806,CS527,,Business CS527,Business Account,Not Applicable,Not Applicable
18807,CS535,,Business CS535,Business Account,Not Applicable,Not Applicable
18808,CS536,,Business CS536,Business Account,Not Applicable,Not Applicable
18809,CS537,,Business CS537,Business Account,Not Applicable,Not Applicable
18810,CS538,,Business CS538,Business Account,Not Applicable,Not Applicable
18812,CS547,,Business CS547,Business Account,Not Applicable,Not Applicable
18813,CS551,,Business CS551,Business Account,Not Applicable,Not Applicable
18814,CS552,,Business CS552,Business Account,Not Applicable,Not Applicable
18815,CS559,,Business CS559,Business Account,Not Applicable,Not Applicable
18816,CS560,,Business CS560,Business Account,Not Applicable,Not Applicable
18818,CS566,,Business CS566,Business Account,Not Applicable,Not Applicable
18819,CS570,,Business CS570,Business Account,Not Applicable,Not Applicable
18821,CS573,,Business CS573,Business Account,Not Applicable,Not Applicable
18822,CS575,,Business CS575,Business Account,Not Applicable,Not Applicable
18823,CS578,,Business CS578,Business Account,Not Applicable,Not Applicable
18824,CS579,,Business CS579,Business Account,Not Applicable,Not Applicable
18825,CS580,,Business CS580,Business Account,Not Applicable,Not Applicable
18826,CS581,,Business CS581,Business Account,Not Applicable,Not Applicable
18827,CS582,,Business CS582,Business Account,Not Applicable,Not Applicable
18828,CS583,,Business CS583,Business Account,Not Applicable,Not Applicable
18829,CS584,,Business CS584,Business Account,Not Applicable,Not Applicable
18830,CS593,,Business CS593,Business Account,Not Applicable,Not Applicable
18831,CS597,,Business CS597,Business Account,Not Applicable,Not Applicable
18832,CS600,,Business CS600,Business Account,Not Applicable,Not Applicable
18833,CS601,,Business CS601,Business Account,Not Applicable,Not Applicable
18834,CS602,,Business CS602,Business Account,Not Applicable,Not Applicable
18835,CS603,,Business CS603,Business Account,Not Applicable,Not Applicable
18836,CS604,,Business CS604,Business Account,Not Applicable,Not Applicable
18837,CS605,,Business CS605,Business Account,Not Applicable,Not Applicable
18838,CS606,,Business CS606,Business Account,Not Applicable,Not Applicable
18839,CS607,,Business CS607,Business Account,Not Applicable,Not Applicable
18840,CS609,,Business CS609,Business Account,Not Applicable,Not Applicable
18841,CS610,,Business CS610,Business Account,Not Applicable,Not Applicable
18842,CS611,,Business CS611,Business Account,Not Applicable,Not Applicable
18843,CS612,,Business CS612,Business Account,Not Applicable,Not Applicable
18844,CS614,,Business CS614,Business Account,Not Applicable,Not Applicable
18845,CS617,,Business CS617,Business Account,Not Applicable,Not Applicable
18846,CS618,,Business CS618,Business Account,Not Applicable,Not Applicable
18847,CS619,,Business CS619,Business Account,Not Applicable,Not Applicable
18848,CS620,,Business CS620,Business Account,Not Applicable,Not Applicable
18849,CS625,,Business CS625,Business Account,Not Applicable,Not Applicable
18850,CS627,,Business CS627,Business Account,Not Applicable,Not Applicable
18851,CS631,,Business CS631,Business Account,Not Applicable,Not Applicable
18852,CS633,,Business CS633,Business Account,Not Applicable,Not Applicable
18853,CS642,,Business CS642,Business Account,Not Applicable,Not Applicable
18854,CS643,,Business CS643,Business Account,Not Applicable,Not Applicable
18855,CS644,,Business CS644,Business Account,Not Applicable,Not Applicable
18856,CS645,,Business CS645,Business Account,Not Applicable,Not Applicable
18857,CS652,,Business CS652,Business Account,Not Applicable,Not Applicable
18858,CS653,,Business CS653,Business Account,Not Applicable,Not Applicable
18859,CS658,,Business CS658,Business Account,Not Applicable,Not Applicable
18860,CS660,,Business CS660,Business Account,Not Applicable,Not Applicable
18861,CS667,,Business CS667,Business Account,Not Applicable,Not Applicable
18863,CS670,,Business CS670,Business Account,Not Applicable,Not Applicable
18864,CS677,,Business CS677,Business Account,Not Applicable,Not Applicable
18865,CS678,,Business CS678,Business Account,Not Applicable,Not Applicable
18867,CS686,,Business CS686,Business Account,Not Applicable,Not Applicable
18868,CS688,,Business CS688,Business Account,Not Applicable,Not Applicable
18869,CS689,,Business CS689,Business Account,Not Applicable,Not Applicable
18870,CS690,,Business CS690,Business Account,Not Applicable,Not Applicable
18871,CS691,,Business CS691,Business Account,Not Applicable,Not Applicable
18872,CS693,,Business CS693,Business Account,Not Applicable,Not Applicable
18873,CS694,,Business CS694,Business Account,Not Applicable,Not Applicable
18876,CS707,,Business CS707,Business Account,Not Applicable,Not Applicable
18877,CS782,,Business CS782,Business Account,Not Applicable,Not Applicable
18878,CS783,,Business CS783,Business Account,Not Applicable,Not Applicable
18879,CS784,,Business CS784,Business Account,Not Applicable,Not Applicable
18880,CS785,,Business CS785,Business Account,Not Applicable,Not Applicable
18881,CS786,,Business CS786,Business Account,Not Applicable,Not Applicable
18882,CS787,,Business CS787,Business Account,Not Applicable,Not Applicable
18883,CS788,,Business CS788,Business Account,Not Applicable,Not Applicable
18884,CS789,,Business CS789,Business Account,Not Applicable,Not Applicable
18885,CS790,,Business CS790,Business Account,Not Applicable,Not Applicable
18886,CS791,,Business CS791,Business Account,Not Applicable,Not Applicable
18887,CS794,,Business CS794,Business Account,Not Applicable,Not Applicable
18888,CS795,,Business CS795,Business Account,Not Applicable,Not Applicable
18889,CS796,,Business CS796,Business Account,Not Applicable,Not Applicable
18890,CS797,,Business CS797,Business Account,Not Applicable,Not Applicable
18891,CS798,,Business CS798,Business Account,Not Applicable,Not Applicable
18892,CS799,,Business CS799,Business Account,Not Applicable,Not Applicable
18893,CS800,,Business CS800,Business Account,Not Applicable,Not Applicable
18894,CS802,,Business CS802,Business Account,Not Applicable,Not Applicable
18895,CS803,,Business CS803,Business Account,Not Applicable,Not Applicable
18896,CS804,,Business CS804,Business Account,Not Applicable,Not Applicable
18897,CS805,,Business CS805,Business Account,Not Applicable,Not Applicable
18898,CS806,,Business CS806,Business Account,Not Applicable,Not Applicable
18899,CS807,,Business CS807,Business Account,Not Applicable,Not Applicable
18900,CS808,,Business CS808,Business Account,Not Applicable,Not Applicable
18901,CS809,,Business CS809,Business Account,Not Applicable,Not Applicable
18902,CS810,,Business CS810,Business Account,Not Applicable,Not Applicable
18903,CS811,,Business CS811,Business Account,Not Applicable,Not Applicable
18904,CS812,,Business CS812,Business Account,Not Applicable,Not Applicable
18905,CS813,,Business CS813,Business Account,Not Applicable,Not Applicable
18906,CS814,,Business CS814,Business Account,Not Applicable,Not Applicable
18907,CS815,,Business CS815,Business Account,Not Applicable,Not Applicable
18908,CS816,,Business CS816,Business Account,Not Applicable,Not Applicable
18909,CS817,,Business CS817,Business Account,Not Applicable,Not Applicable
18910,CS818,,Business CS818,Business Account,Not Applicable,Not Applicable
18911,CS819,,Business CS819,Business Account,Not Applicable,Not Applicable
18912,CS820,,Business CS820,Business Account,Not Applicable,Not Applicable
18913,CS821,,Business CS821,Business Account,Not Applicable,Not Applicable
18914,CS822,,Business CS822,Business Account,Not Applicable,Not Applicable
18915,CS823,,Business CS823,Business Account,Not Applicable,Not Applicable
18916,CS824,,Business CS824,Business Account,Not Applicable,Not Applicable
18917,CS825,,Business CS825,Business Account,Not Applicable,Not Applicable
18918,CS826,,Business CS826,Business Account,Not Applicable,Not Applicable
18919,CS827,,Business CS827,Business Account,Not Applicable,Not Applicable
18920,CS828,,Business CS828,Business Account,Not Applicable,Not Applicable
18921,CS830,,Business CS830,Business Account,Not Applicable,Not Applicable
18922,CS831,,Business CS831,Business Account,Not Applicable,Not Applicable
18923,CS832,,Business CS832,Business Account,Not Applicable,Not Applicable
18924,CS833,,Business CS833,Business Account,Not Applicable,Not Applicable
18925,CS834,,Business CS834,Business Account,Not Applicable,Not Applicable
18926,CS835,,Business CS835,Business Account,Not Applicable,Not Applicable
18927,CS836,,Business CS836,Business Account,Not Applicable,Not Applicable
18928,CS837,,Business CS837,Business Account,Not Applicable,Not Applicable
18929,CS838,,Business CS838,Business Account,Not Applicable,Not Applicable
18930,CS839,,Business CS839,Business Account,Not Applicable,Not Applicable
18931,CS840,,Business CS840,Business Account,Not Applicable,Not Applicable
18932,CS841,,Business CS841,Business Account,Not Applicable,Not Applicable
18933,CS842,,Business CS842,Business Account,Not Applicable,Not Applicable
18934,CS843,,Business CS843,Business Account,Not Applicable,Not Applicable
18935,CS844,,Business CS844,Business Account,Not Applicable,Not Applicable
18936,CS845,,Business CS845,Business Account,Not Applicable,Not Applicable
18937,CS846,,Business CS846,Business Account,Not Applicable,Not Applicable
18938,CS847,,Business CS847,Business Account,Not Applicable,Not Applicable
18939,CS848,,Business CS848,Business Account,Not Applicable,Not Applicable
18940,CS849,,Business CS849,Business Account,Not Applicable,Not Applicable
18941,CS850,,Business CS850,Business Account,Not Applicable,Not Applicable
18942,CS851,,Business CS851,Business Account,Not Applicable,Not Applicable
18943,CS852,,Business CS852,Business Account,Not Applicable,Not Applicable
18944,CS853,,Business CS853,Business Account,Not Applicable,Not Applicable
18945,CS854,,Business CS854,Business Account,Not Applicable,Not Applicable
18946,CS856,,Business CS856,Business Account,Not Applicable,Not Applicable
18947,CS857,,Business CS857,Business Account,Not Applicable,Not Applicable
18948,CS858,,Business CS858,Business Account,Not Applicable,Not Applicable
18949,CS859,,Business CS859,Business Account,Not Applicable,Not Applicable
18950,CS860,,Business CS860,Business Account,Not Applicable,Not Applicable
18951,CS861,,Business CS861,Business Account,Not Applicable,Not Applicable
18952,CS862,,Business CS862,Business Account,Not Applicable,Not Applicable
18953,CS863,,Business CS863,Business Account,Not Applicable,Not Applicable
18954,CS865,,Business CS865,Business Account,Not Applicable,Not Applicable
18955,CS866,,Business CS866,Business Account,Not Applicable,Not Applicable
18956,CS867,,Business CS867,Business Account,Not Applicable,Not Applicable
18957,CS868,,Business CS868,Business Account,Not Applicable,Not Applicable
18958,CS869,,Business CS869,Business Account,Not Applicable,Not Applicable
18959,CS870,,Business CS870,Business Account,Not Applicable,Not Applicable
18960,CS871,,Business CS871,Business Account,Not Applicable,Not Applicable
18961,CS872,,Business CS872,Business Account,Not Applicable,Not Applicable
18962,CS873,,Business CS873,Business Account,Not Applicable,Not Applicable
18963,CS874,,Business CS874,Business Account,Not Applicable,Not Applicable
18964,CS875,,Business CS875,Business Account,Not Applicable,Not Applicable
18965,CS876,,Business CS876,Business Account,Not Applicable,Not Applicable
18966,CS877,,Business CS877,Business Account,Not Applicable,Not Applicable
18967,CS878,,Business CS878,Business Account,Not Applicable,Not Applicable
18968,CS879,,Business CS879,Business Account,Not Applicable,Not Applicable
18969,CS880,,Business CS880,Business Account,Not Applicable,Not Applicable
18970,CS882,,Business CS882,Business Account,Not Applicable,Not Applicable
18971,CS883,,Business CS883,Business Account,Not Applicable,Not Applicable
18972,CS884,,Business CS884,Business Account,Not Applicable,Not Applicable
18973,CS885,,Business CS885,Business Account,Not Applicable,Not Applicable
18974,CS886,,Business CS886,Business Account,Not Applicable,Not Applicable
18975,CS887,,Business CS887,Business Account,Not Applicable,Not Applicable
18976,CS888,,Business CS888,Business Account,Not Applicable,Not Applicable
18977,CS889,,Business CS889,Business Account,Not Applicable,Not Applicable
18978,CS890,,Business CS890,Business Account,Not Applicable,Not Applicable
18979,CS891,,Business CS891,Business Account,Not Applicable,Not Applicable
18980,CS892,,Business CS892,Business Account,Not Applicable,Not Applicable
18981,CS893,,Business CS893,Business Account,Not Applicable,Not Applicable
18982,CS895,,Business CS895,Business Account,Not Applicable,Not Applicable
18983,CS896,,Business CS896,Business Account,Not Applicable,Not Applicable
18984,CS897,,Business CS897,Business Account,Not Applicable,Not Applicable
18985,CS898,,Business CS898,Business Account,Not Applicable,Not Applicable
18986,CS899,,Business CS899,Business Account,Not Applicable,Not Applicable
18987,CS900,,Business CS900,Business Account,Not Applicable,Not Applicable
18988,CS901,,Business CS901,Business Account,Not Applicable,Not Applicable
18989,CS902,,Business CS902,Business Account,Not Applicable,Not Applicable
18991,CS904,,Business CS904,Business Account,Not Applicable,Not Applicable
18992,CS905,,Business CS905,Business Account,Not Applicable,Not Applicable
18993,CS906,,Business CS906,Business Account,Not Applicable,Not Applicable
18994,CS907,,Business CS907,Business Account,Not Applicable,Not Applicable
18995,CS908,,Business CS908,Business Account,Not Applicable,Not Applicable
18996,CS909,,Business CS909,Business Account,Not Applicable,Not Applicable
18997,CS910,,Business CS910,Business Account,Not Applicable,Not Applicable
18998,CS911,,Business CS911,Business Account,Not Applicable,Not Applicable
18999,CS912,,Business CS912,Business Account,Not Applicable,Not Applicable
19000,CS913,,Business CS913,Business Account,Not Applicable,Not Applicable
19001,CS914,,Business CS914,Business Account,Not Applicable,Not Applicable
19002,CS917,,Business CS917,Business Account,Not Applicable,Not Applicable
19003,CS918,,Business CS918,Business Account,Not Applicable,Not Applicable
19004,CS919,,Business CS919,Business Account,Not Applicable,Not Applicable
19005,CS920,,Business CS920,Business Account,Not Applicable,Not Applicable
19006,CS921,,Business CS921,Business Account,Not Applicable,Not Applicable
19007,CS922,,Business CS922,Business Account,Not Applicable,Not Applicable
19008,CS923,,Business CS923,Business Account,Not Applicable,Not Applicable
19009,CS924,,Business CS924,Business Account,Not Applicable,Not Applicable
19010,CS925,,Business CS925,Business Account,Not Applicable,Not Applicable
19011,CS926,,Business CS926,Business Account,Not Applicable,Not Applicable
19012,CS927,,Business CS927,Business Account,Not Applicable,Not Applicable
19013,CS928,,Business CS928,Business Account,Not Applicable,Not Applicable
19014,CS929,,Business CS929,Business Account,Not Applicable,Not Applicable
19015,CS930,,Business CS930,Business Account,Not Applicable,Not Applicable
19016,CS931,,Business CS931,Business Account,Not Applicable,Not Applicable
19017,CS932,,Business CS932,Business Account,Not Applicable,Not Applicable
19018,CS933,,Business CS933,Business Account,Not Applicable,Not Applicable
19019,CS934,,Business CS934,Business Account,Not Applicable,Not Applicable
19020,CS935,,Business CS935,Business Account,Not Applicable,Not Applicable
19021,CS936,,Business CS936,Business Account,Not Applicable,Not Applicable
19022,CS937,,Business CS937,Business Account,Not Applicable,Not Applicable
19023,CS938,,Business CS938,Business Account,Not Applicable,Not Applicable
19024,CS939,,Business CS939,Business Account,Not Applicable,Not Applicable
19025,CS940,,Business CS940,Business Account,Not Applicable,Not Applicable
19026,CS941,,Business CS941,Business Account,Not Applicable,Not Applicable
19027,CS943,,Business CS943,Business Account,Not Applicable,Not Applicable
19028,CS944,,Business CS944,Business Account,Not Applicable,Not Applicable
19029,CS945,,Business CS945,Business Account,Not Applicable,Not Applicable
19030,CS946,,Business CS946,Business Account,Not Applicable,Not Applicable
19031,CS947,,Business CS947,Business Account,Not Applicable,Not Applicable
19032,CS948,,Business CS948,Business Account,Not Applicable,Not Applicable
19033,CS949,,Business CS949,Business Account,Not Applicable,Not Applicable
19034,CS950,,Business CS950,Business Account,Not Applicable,Not Applicable
19035,CS951,,Business CS951,Business Account,Not Applicable,Not Applicable
19036,CS952,,Business CS952,Business Account,Not Applicable,Not Applicable
19038,CS428,,Business CS428,Business Account,Not Applicable,Not Applicable
19039,CS429,,Business CS429,Business Account,Not Applicable,Not Applicable
19041,CS489,,Business CS489,Business Account,Not Applicable,Not Applicable
19042,CS496,,Business CS496,Business Account,Not Applicable,Not Applicable
19049,CS555,,Business CS555,Business Account,Not Applicable,Not Applicable
19053,CS586,,Business CS586,Business Account,Not Applicable,Not Applicable
19056,CS623,,Business CS623,Business Account,Not Applicable,Not Applicable
19057,CS636,,Business CS636,Business Account,Not Applicable,Not Applicable
19066,CS744,,Business CS744,Business Account,Not Applicable,Not Applicable
19075,CS765,,Business CS765,Business Account,Not Applicable,Not Applicable
19120,CS710,,Business CS710,Business Account,Not Applicable,Not Applicable
19125,CS715,,Business CS715,Business Account,Not Applicable,Not Applicable
19126,CS716,,Business CS716,Business Account,Not Applicable,Not Applicable
19137,CS727,,Business CS727,Business Account,Not Applicable,Not Applicable
19143,CS733,,Business CS733,Business Account,Not Applicable,Not Applicable
